gene_symbol,PASid,RED,pvalue,p_adj,APAreg,Significance
AAK1,chr2:69829981:-,-0.400994429727953,0.122111535536905,0.273822457107179,NC,NS
AAK1,chr2:69862096:-,-0.255035596488277,0.790084071884886,0.878101907025134,NC,NS
AAK1,chr2:69869958:-,0.188003220705566,0.249357864932224,0.435838854439728,NC,NS
AAMDC,chr11:77597574:+,2.06504590796142,0.000457112066812342,0.00453940268797726,UP,IPA activation in Neurites
AAMDC,chr11:77606603:+,1.94246420465268,0.00138680919157206,0.0100719604868502,UP,IPA activation in Neurites
AASDHPPT,chr11:105962205:+,0.136925624470117,0.0704998042113961,0.185734730532027,NC,NS
ABCA3,chr16:2382235:-,1.26943617557592,0.198153092137632,0.372426784991006,NC,NS
ABCA3,chr16:2385966:-,2.25676466830136,0.0977862078053869,0.233248866265202,NC,NS
ABCA3,chr16:2386779:-,1.36667815780658,0.201842630551738,0.375876861945947,NC,NS
ABHD12,chr20:25348699:-,-0.847116391235963,0.597070707169662,0.73889777748921,NC,NS
ABHD17C,chr15:81029749:+,0.579769165235013,0.845277024211111,0.911797384130186,NC,NS
ABHD17C,chr15:81032098:+,2.0644326673515,0.303180721938719,0.494230282396585,NC,NS
ABL2,chr1:179145838:-,0.212897708929312,0.888045682054826,0.935938983946022,NC,NS
ABLIM1,chr10:116271134:-,1.80210067560705,0.557157111500187,0.708050797743512,NC,NS
ABLIM2,chr4:8147849:-,1.38827208422535,0.277254236567518,0.465534546286247,NC,NS
ABLIM2,chr4:8147875:-,1.38297420261613,0.278235515197911,0.466538255324961,NC,NS
ABR,chr17:948233:-,0.823382492918118,0.132221119420607,0.290468608171861,NC,NS
ACACA,chr17:35500498:-,-1.72197785942237,0.479197058731899,0.637444747892132,NC,NS
ACAP2,chr3:195000420:-,0.606364367708926,0.186985442608291,0.363077080499578,NC,NS
ACAT1,chr11:108009778:+,-0.505227515810114,0.0817703610375144,0.205843029906128,NC,NS
ACBD3,chr1:226352489:-,0.897354730969751,0.0607690052088089,0.168779668576521,NC,NS
ACBD5,chr10:27484146:-,-0.990877769926215,0.0971535247329963,0.23230911614288,NC,NS
ACBD5,chr10:27484414:-,-1.04537556893975,0.109792272668803,0.251293132082031,NC,NS
ACBD5,chr10:27484694:-,-1.03875492028086,0.108159978099104,0.248962371537483,NC,NS
ACBD5,chr10:27485737:-,-1.32184909341202,0.0909295592546951,0.222231660137291,NC,NS
ACBD5,chr10:27485926:-,-1.27731783829765,0.0952380055977629,0.228969689126081,NC,NS
ACBD6,chr1:180386147:-,2.72086354325399,0.189234120277876,0.364678506642433,NC,NS
ACOX3,chr4:8430943:-,-0.562387409269628,0.101502431872613,0.239036058882091,NC,NS
ACSS2,chr20:33470799:+,0.749378300123416,0.186241068995527,0.362420360169629,NC,NS
ACTG1,chr17:79477461:-,0,,1,NC,NS
ACTG1,chr17:79477502:-,0,,1,NC,NS
ACTN4,chr19:39152035:+,0.133008319029572,0.832762757278345,0.905524821657302,NC,NS
ACTR10,chr14:58675906:+,0.300125908963774,0.168916266127595,0.34463167755844,NC,NS
ACTR10,chr14:58690635:+,1.12635424182283,0.00127222206836401,0.00943693991563914,UP,IPA activation in Neurites
ACTR3C,chr7:149920092:-,-2.84240338305481,0.06947650533959,0.183735149446981,NC,NS
ACVR2A,chr2:148683787:+,0.351097105457165,0.0593996667073691,0.166802269020358,NC,NS
ACYP2,chr2:54272501:+,-0.739722748008485,0.410832276681335,0.576874225104049,NC,NS
ACYP2,chr2:54280981:+,-0.687528351764982,0.0171674318198547,0.0675863456597193,DN,NS
ACYP2,chr2:54281749:+,-0.856348325673213,0.0334232834281081,0.109667354623508,DN,NS
ACYP2,chr2:54329811:+,3.47053107315524,0.199809210991681,0.374183667995343,NC,NS
ACYP2,chr2:54336128:+,1.31603521874574,0.391002218955771,0.55762508717432,NC,NS
ADAM10,chr15:59019376:-,0.413965510664414,0.868981194616679,0.926278749836749,NC,NS
ADAM22,chr7:87600990:+,0,,1,NC,NS
ADAP1,chr7:944810:-,0,,1,NC,NS
ADARB1,chr21:46643201:+,1.62019590961066,0.299450484795231,0.490354413618934,NC,NS
ADARB1,chr21:46645351:+,0.0365349708409104,0.391002218955771,0.55762508717432,NC,NS
ADARB2,chr10:1247110:-,3.17705743963241,0.0966493475294177,0.231444746593576,NC,NS
ADARB2,chr10:1332211:-,-2.54350596833679,0.41514824199544,0.580658621888419,NC,NS
ADARB2,chr10:1340916:-,2.241566563392,0.100721394970535,0.238148837670857,NC,NS
ADARB2,chr10:1372125:-,1.10389525183629,0.538710740479047,0.692933244295809,NC,NS
ADARB2,chr10:1424521:-,0.0076337629431853,0.994502476750057,0.995935182520226,NC,NS
ADARB2,chr10:1535925:-,0.635105493421583,0.348656333778485,0.54152550104163,NC,NS
ADARB2,chr10:1555430:-,0.715169094167422,0.273834043032483,0.462147887645242,NC,NS
ADARB2,chr10:1565334:-,0.724201168920414,0.294345016442206,0.484017424075978,NC,NS
ADARB2,chr10:1613290:-,0.749326494149098,0.298347149916861,0.488968908383725,NC,NS
ADARB2,chr10:1672833:-,0.776399445908631,0.253547083685599,0.440636067028682,NC,NS
ADARB2,chr10:1684646:-,0.73950526249466,0.277223071707768,0.465534546286247,NC,NS
ADARB2,chr10:1685181:-,0.760598867722968,0.268051895839287,0.455588340345454,NC,NS
ADARB2,chr10:1699256:-,0.714276613660043,0.269936433872871,0.457350517836139,NC,NS
ADARB2,chr10:1747284:-,-0.707007686803907,0.430608771680757,0.594086272469114,NC,NS
ADARB2,chr10:1769700:-,0.130617073056345,0.831819052380966,0.90490308716427,NC,NS
ADCY2,chr5:7476349:+,1.36272081263667,0.488393501153984,0.646321124997358,NC,NS
ADCY3,chr2:25117691:-,0.341938230939125,0.83907251678321,0.908403074992321,NC,NS
ADCY9,chr16:4031544:-,0.871003994489574,0.00757256321794458,0.0367012874686437,UP,IPA activation in Neurites
ADD1,chr4:2906775:+,0.127631361922592,0.607058299845924,0.748023724246712,NC,NS
ADD2,chr2:70902223:-,-1.09861410115963,0.391002218955771,0.55762508717432,NC,NS
ADGRA3,chr4:22399488:-,1.01274403182917,0.00882872545008292,0.0406823655682798,UP,IPA activation in Neurites
ADGRB3,chr6:69515372:+,-0.887043788412315,0.224419253891984,0.4032585263805,NC,NS
ADGRB3,chr6:69600486:+,-1.6109080317459,0.176676210524986,0.354957242119975,NC,NS
ADGRB3,chr6:69605654:+,0.0309050832118598,0.98179153443654,0.989929052334895,NC,NS
ADGRB3,chr6:69750601:+,7.1960357408194,0.110856438246102,0.253252313852362,NC,NS
ADGRB3,chr6:70058711:+,0.175030033276566,0.769931675462384,0.864441055099206,NC,NS
ADGRL1,chr19:14295459:-,0.750299987943515,0.470292316258876,0.630772439612924,NC,NS
ADGRL2,chr1:82286122:+,2.24168833717445,0.210385289704617,0.385587502712869,NC,NS
ADGRL2,chr1:82452757:+,1.11966610129224,0.000218718688038104,0.00267408325626486,UP,IPA activation in Neurites
ADGRL3,chr4:62313639:+,-0.728590006286844,0.19181340396676,0.366852935046431,NC,NS
ADGRL3,chr4:62332429:+,-1.6377403122861,0.0602477975358066,0.167907092101509,NC,NS
ADGRL3,chr4:62381322:+,3.31261452353555,0.186043661381841,0.362420360169629,NC,NS
ADGRL3,chr4:62495484:+,1.00061330219513,0.583905895532675,0.728908693602359,NC,NS
ADGRL3,chr4:62599367:+,1.93740537256282,3.46539085198387e-07,6.40482010851583e-05,UP,IPA activation in Neurites
ADGRL3,chr4:62615925:+,3.45518316558599,0.000634718310280914,0.00568791767555604,UP,IPA activation in Neurites
ADK,chr10:75929360:+,-0.543753487463516,0.746420028125207,0.848601118560858,NC,NS
ADK,chr10:76004896:+,3.09571921521401,0.106382414670795,0.246372469778052,NC,NS
ADK,chr10:76008835:+,4.41804922233155,0.0148366251258462,0.0605155220975421,UP,NS
ADK,chr10:76101490:+,0,,1,NC,NS
ADK,chr10:76102029:+,0,,1,NC,NS
ADK,chr10:76308018:+,3.06390834036332,0.205139272488575,0.378899884598613,NC,NS
AFDN,chr6:168363791:+,0.917300696888747,0.00943684006575929,0.0429313410518197,UP,IPA activation in Neurites
AFDN,chr6:168364977:+,1.26246062878712,0.00268229570536953,0.0164798622504143,UP,IPA activation in Neurites
AFDN,chr6:168365088:+,1.10103339365848,0.00478846235404973,0.0259184180364917,UP,IPA activation in Neurites
AFDN,chr6:168365504:+,0.756923493605341,0.0234602629286507,0.084609006128838,UP,NS
AFDN,chr6:168365709:+,0.800138885987615,0.0170367390037735,0.0672350137813153,UP,NS
AFDN,chr6:168365790:+,0.812737467294298,0.0302924343552902,0.102363184425585,UP,NS
AFF1,chr4:87921754:+,3.14075716403877,0.0710546381522116,0.186791933683772,NC,NS
AFF1,chr4:87994466:+,0.927247862701737,0.391002218955771,0.55762508717432,NC,NS
AFF3,chr2:100441940:-,-0.505526120296929,0.729092025371356,0.837328722080958,NC,NS
AFF3,chr2:100622272:-,6.66595642601686,0.00633324731727066,0.0323374411813631,UP,IPA activation in Neurites
AFF3,chr2:100622395:-,5.13539733926235,0.0170790233283706,0.0673472670306737,UP,NS
AFF4,chr5:132248920:-,0,,1,NC,NS
AGAP1,chr2:236416210:+,-3.47862031573567,0.089463690913375,0.219420524185727,NC,NS
AGAP1,chr2:236639142:+,-0.49574636788474,0.343001252708451,0.536933151883998,NC,NS
AGAP1,chr2:236716770:+,3.00345290202373,0.00487491874543969,0.0262694956980172,UP,IPA activation in Neurites
AGAP1,chr2:236822070:+,-0.893402541053486,0.278006061883217,0.466314201007837,NC,NS
AGAP1,chr2:236822769:+,-1.90435978960908,0.549062441009736,0.701243527021884,NC,NS
AGAP1,chr2:236919445:+,-3.3051066419756,0.195818851845104,0.370040595370204,NC,NS
AGAP1,chr2:236988033:+,0.0258092727753674,0.949350866332651,0.969384405488963,NC,NS
AGAP1,chr2:237009584:+,-0.642972931400042,0.145950448313099,0.312999066325051,NC,NS
AGAP1,chr2:237009905:+,-0.622669306926074,0.143870739632729,0.309767707545513,NC,NS
AGAP1,chr2:237011498:+,-0.56830462553287,0.157400987896144,0.328577094424126,NC,NS
AGAP3,chr7:150802212:+,-1.92585582165787,0.240657379237454,0.424366679454368,NC,NS
AGAP3,chr7:150820725:+,1.79065151419242,0.000454477966849059,0.00452247400140597,UP,IPA activation in Neurites
AGBL4,chr1:49193195:-,-0.583259360544858,0.0693883013844875,0.183601671852592,NC,NS
AGBL4,chr1:49193539:-,-0.588171684328001,0.0733989853668109,0.191814963907036,NC,NS
AGBL4,chr1:49222324:-,-0.524820278059662,0.483295753985521,0.641494036795839,NC,NS
AGBL4,chr1:49358035:-,-1.13867350956384,0.0533518918130034,0.155828514743142,NC,NS
AGBL4,chr1:49871071:-,0.425310302095935,0.522267872216001,0.678780840332014,NC,NS
AGBL5,chr2:27282403:+,-1.70253380025423,0.01437940023742,0.0592465381501149,DN,NS
AGBL5,chr2:27285869:+,-6.57930925545236,0.063773333310718,0.173582075996502,NC,NS
AGBL5,chr2:27290143:+,-1.61325358135469,0.391002218955771,0.55762508717432,NC,NS
AGFG1,chr2:228392908:+,-0.319745830897591,0.832996453916575,0.905576573895901,NC,NS
AGO3,chr1:36458321:+,0.97077171177285,0.242463884818683,0.42670136113118,NC,NS
AGO4,chr1:36320111:+,0.684880162590615,0.47577821464284,0.634846440951452,NC,NS
AGO4,chr1:36321035:+,1.51585903399552,0.269886798074761,0.457350517836139,NC,NS
AHCYL1,chr1:110538052:+,1.75382491847443,0.48133054205676,0.639408795426753,NC,NS
AHCYL1,chr1:110538148:+,2.09760316696665,0.424336821962538,0.588604040954877,NC,NS
AHCYL2,chr7:128956439:+,4.58653566030632,0.102536334288194,0.239912459475978,NC,NS
AHI1,chr6:135631051:-,0.221796537474098,0.303557798349106,0.494513641368179,NC,NS
AIG1,chr6:143511734:+,-0.65633471591349,0.131780549271427,0.28989337827973,NC,NS
AIG1,chr6:143520664:+,-0.415865722422835,0.246622794888027,0.432300619569574,NC,NS
AIG1,chr6:143527133:+,-0.561945407830784,0.0234826229830852,0.084609006128838,DN,NS
AIG1,chr6:143554728:+,-0.814918037367337,0.0506583235430765,0.14930551324083,NC,NS
AIG1,chr6:143629653:+,2.58253033820273,0.181834298229851,0.36107907192559,NC,NS
AK2,chr1:33477757:-,0.232886618642475,0.391002218955771,0.55762508717432,NC,NS
AK5,chr1:77763712:+,1.20835459262235,0.00169803959910691,0.0116211824040144,UP,IPA activation in Neurites
AK5,chr1:77904009:+,-1.21968649914721,0.145120514989215,0.312044377347555,NC,NS
AK5,chr1:77948725:+,-2.34106305914543,0.181762132601215,0.36107907192559,NC,NS
AK6,chr5:68660570:-,1.23780902728905,0.00131611861381634,0.00968870374407004,UP,IPA activation in Neurites
AK6,chr5:68660641:-,1.23821374315259,0.00129251397989573,0.00957286609767519,UP,IPA activation in Neurites
AK6,chr5:68660697:-,1.23731449408424,0.00137543186571407,0.0100342600578181,UP,IPA activation in Neurites
AKAP10,chr17:19842944:-,2.93499987165324,8.61254645939886e-05,0.00161187119505519,UP,IPA activation in Neurites
AKAP13,chr15:85959083:+,-0.782711701519661,0.391002218955771,0.55762508717432,NC,NS
AKAP13,chr15:85984112:+,1.92016757463113,0.0118243648866307,0.0509946890546912,UP,NS
AKAP13,chr15:86020889:+,3.64128659168847,0.0209027176776142,0.077956485532644,UP,NS
AKAP13,chr15:86228105:+,4.26917213247497,0.000216169285803473,0.0026562619816154,UP,IPA activation in Neurites
AKAP6,chr14:32910565:+,0,,1,NC,NS
AKAP6,chr14:32910732:+,2.30591483065969,0.391002218955771,0.55762508717432,NC,NS
AKIRIN2,chr6:88408121:-,-0.993046552538418,0.106427236225538,0.246372469778052,NC,NS
AKR1A1,chr1:46027552:+,0.615717714980705,0.240962048546876,0.424518945774474,NC,NS
AKR1E2,chr10:4889537:+,4.50310505354957,0.000496324858656082,0.0047824094301396,UP,IPA activation in Neurites
AKTIP,chr16:53530412:-,-0.702572337161973,0.0673944516044846,0.180063437552244,NC,NS
ALCAM,chr3:105192018:+,0.857963837219868,0.459956612544376,0.621190362653604,NC,NS
ALDOA,chr16:30077249:+,0.545167994632291,0.0101386226108322,0.0453026057156195,UP,IPA activation in Neurites
ALDOA,chr16:30081351:+,0.927961211042418,0.0341509326333901,0.111379650264126,UP,NS
ALG10B,chr12:38716391:+,1.60718036023223,0.00585448973799384,0.030338601773246,UP,IPA activation in Neurites
ALG11,chr13:52599011:+,0.57584597265753,0.165503633110637,0.340242346640762,NC,NS
ALK,chr2:29746725:-,-1.78616686891678,0.421852848911648,0.586499889881481,NC,NS
ALS2,chr2:202625560:-,2.3817211068499,0.000187870443254752,0.00246409050371327,UP,IPA activation in Neurites
AMACR,chr5:33989198:-,0.373084498772764,0.186185041206379,0.362420360169629,NC,NS
AMOTL1,chr11:94550785:+,2.04641369622693,0.274263608281648,0.46258811712253,NC,NS
AMZ2,chr17:66214488:+,-0.764706846393071,0.0684080765075,0.181303758325433,NC,NS
ANAPC10,chr4:145933605:-,0,,1,NC,NS
ANAPC7,chr12:110813279:-,-0.495018107655449,0.136506988676229,0.29746663990082,NC,NS
ANAPC7,chr12:110813360:-,-0.484717514066663,0.135238094593825,0.295665930189142,NC,NS
ANAPC7,chr12:110824538:-,0.582003577123597,0.391002218955771,0.55762508717432,NC,NS
ANK1,chr8:41621408:-,-2.63637079287345,0.205184886191452,0.378899884598613,NC,NS
ANK1,chr8:41685683:-,-2.28723641325278,0.391002218955771,0.55762508717432,NC,NS
ANK2,chr4:113948928:+,0,,1,NC,NS
ANK2,chr4:114095571:+,0.941382405679411,0.0119831300158819,0.0514196743009535,UP,NS
ANK3,chr10:61995309:-,0,,1,NC,NS
ANK3,chr10:62123729:-,-3.19243336209247,0.0493128500370971,0.146493484908739,DN,NS
ANKFY1,chr17:4126356:-,-1.10348262385087,0.391002218955771,0.55762508717432,NC,NS
ANKH,chr5:14796278:-,1.51211841699938,0.258156438840695,0.445931569541648,NC,NS
ANKH,chr5:14820488:-,-1.97704347363073,0.391002218955771,0.55762508717432,NC,NS
ANKHD1-EIF4EBP3,chr5:139852062:+,0.80779323143845,0.71489566836086,0.827091423438747,NC,NS
ANKHD1-EIF4EBP3,chr5:139853706:+,-2.55335481958873,0.334619704203199,0.528141252238977,NC,NS
ANKHD1-EIF4EBP3,chr5:139921717:+,0.275606932928956,0.734748842776769,0.840874237303784,NC,NS
ANKIB1,chr7:91965496:+,1.58054791783012,0.319530947487189,0.511583414372082,NC,NS
ANKIB1,chr7:91970820:+,3.15483959023109,0.190221981975435,0.36536304146579,NC,NS
ANKIB1,chr7:91974458:+,3.63638468746824,9.39346192840036e-07,0.000117201501906657,UP,IPA activation in Neurites
ANKRD10,chr13:111534057:-,0.791964613781279,0.205503835946367,0.379040557295522,NC,NS
ANKRD11,chr16:89365283:-,-0.176683676656805,0.783204898056959,0.874247393347095,NC,NS
ANKRD11,chr16:89409410:-,2.20541988010473,0.294429012590402,0.484017424075978,NC,NS
ANKRD11,chr16:89458062:-,2.8990000617848,0.276774005895784,0.465209779857991,NC,NS
ANKRD11,chr16:89465610:-,-1.40446599089412,0.391002218955771,0.55762508717432,NC,NS
ANKRD11,chr16:89493014:-,0.109441024074755,0.960256544862419,0.975696042451562,NC,NS
ANKRD26,chr10:27306427:-,4.15312173796488,2.17776058943626e-06,0.000182706603934428,UP,IPA activation in Neurites
ANKRD28,chr3:15785130:-,0,,1,NC,NS
ANKRD36,chr2:97831998:+,0,,1,NC,NS
ANKRD36,chr2:97877566:+,1.86110546162137,0.000143897579882556,0.00209687445459241,UP,IPA activation in Neurites
ANKRD42,chr11:82922510:+,2.48565830164069,0.000811702034723027,0.00669447813722415,UP,IPA activation in Neurites
ANKRD42,chr11:82924687:+,1.86591254018275,0.00143839611044007,0.0104000527093631,UP,IPA activation in Neurites
ANKRD42,chr11:82925473:+,1.87288865567994,0.00781288690008554,0.0375296225625037,UP,IPA activation in Neurites
ANKRD42,chr11:82925514:+,1.78239075266333,0.0039118246047611,0.0221336494497297,UP,IPA activation in Neurites
ANKRD42,chr11:82926242:+,1.36492158496315,0.00748314704089571,0.0363040812572268,UP,IPA activation in Neurites
ANKRD44,chr2:198114308:-,-0.488072696870887,0.717490865587524,0.829552576559514,NC,NS
ANKRD50,chr4:125622595:-,1.36908891607039,0.322974123582432,0.514887378367362,NC,NS
ANKRD50,chr4:125626503:-,0.513502280284044,0.296962124027464,0.487194098286459,NC,NS
ANKS1A,chr6:34884492:+,1.22312892858921,0.609152748941398,0.749844997811495,NC,NS
ANKS1A,chr6:34996667:+,2.90709498630806,0.139490823143205,0.302478763553848,NC,NS
ANKS1B,chr12:99141422:-,0.190584062654409,0.878323405048533,0.931949779539067,NC,NS
ANKS1B,chr12:99492398:-,-0.611630012980068,0.731371439119502,0.83894384284656,NC,NS
ANO10,chr3:43526401:-,0.503320239584378,0.62248603759454,0.759310790577922,NC,NS
ANO10,chr3:43696604:-,0.280728111046289,0.431487958530813,0.594430406648021,NC,NS
ANP32B,chr9:100773672:+,0.421881976205045,0.0408831837539489,0.126792589003643,UP,NS
ANP32E,chr1:150195512:-,0.691768486997114,0.0497910147902788,0.147553640663518,UP,NS
ANTXR1,chr2:69310190:+,0.00312023131066708,0.997621819615269,0.997621819615269,NC,NS
ANTXR1,chr2:69341094:+,0.534363044764586,0.44355886171177,0.606280174463335,NC,NS
ANTXR1,chr2:69341227:+,0.557363392314629,0.405580149643476,0.572708359885418,NC,NS
ANTXR1,chr2:69342615:+,0.769475057433957,0.232704944703671,0.413716573229105,NC,NS
ANTXR1,chr2:69344845:+,0.590691338621513,0.404370281677936,0.571497470416741,NC,NS
ANTXR1,chr2:69446839:+,-0.0549446659950625,0.924015620971094,0.956258483802573,NC,NS
ANTXR2,chr4:80886830:-,0.230528121692082,0.47243487111329,0.633122578583659,NC,NS
AP1G1,chr16:71811540:-,1.65981944451223,0.324986584517738,0.516529305239325,NC,NS
AP1M1,chr19:16320065:+,0.556998210144702,0.0589196052384562,0.166300927546594,NC,NS
AP2A2,chr11:926090:+,0.0972314933571411,0.591278033954251,0.734343775707347,NC,NS
AP4E1,chr15:51251054:+,2.5135991618373,0.00327819356426883,0.0192189034743761,UP,IPA activation in Neurites
AP5M1,chr14:57741163:+,1.51729615138586,0.00150335955079418,0.0107549546025757,UP,IPA activation in Neurites
APBB2,chr4:40870980:-,-1.16475023668594,0.291515402852333,0.480689241029973,NC,NS
APBB2,chr4:40995379:-,0.474007209993033,0.88595378874938,0.935028263878786,NC,NS
APC,chr5:112107036:+,0,,1,NC,NS
APC,chr5:112127530:+,0,,1,NC,NS
API5,chr11:43347842:+,3.99675612946345,0.0186210267142424,0.0715153243816131,UP,NS
APOO,chrX:23854760:-,1.60507098921786,1.44195823104587e-05,0.000543467962194291,UP,IPA activation in Neurites
APOO,chrX:23858429:-,0,,1,NC,NS
APOPT1,chr14:104038158:+,0.254886901947746,0.0908729794636301,0.222204983954786,NC,NS
APP,chr21:27336769:-,-1.87986969972101,0.391002218955771,0.55762508717432,NC,NS
APP,chr21:27398878:-,0,,1,NC,NS
APPL1,chr3:57302518:+,0.963382304531483,5.91466837900941e-05,0.0012623147514149,UP,IPA activation in Neurites
ARFGEF1,chr8:68123670:-,0.727040607388704,0.00746834849759934,0.0362684468955273,UP,IPA activation in Neurites
ARFGEF3,chr6:138547464:+,-1.83529032038936,0.532481997753593,0.687283130257025,NC,NS
ARGLU1,chr13:107210054:-,0,,1,NC,NS
ARGLU1,chr13:107210328:-,0,,1,NC,NS
ARHGAP12,chr10:32173272:-,0.183606832945923,0.637514165539776,0.771293866115502,NC,NS
ARHGAP12,chr10:32176005:-,0.507056399289824,0.102779641629394,0.240329522426059,NC,NS
ARHGAP12,chr10:32180230:-,0.772698739026983,0.00667076203337669,0.0336024099942143,UP,IPA activation in Neurites
ARHGAP21,chr10:24898640:-,-1.74549476007816,0.47907693520946,0.637444747892132,NC,NS
ARHGAP26,chr5:142187841:+,1.49303717472007,0.579093279398318,0.725079552911543,NC,NS
ARHGAP26,chr5:142326684:+,-4.40263056095522,0.0717119745648135,0.188012105728654,NC,NS
ARHGAP35,chr19:47455516:+,-0.218135875601836,0.335361817696408,0.528627915440309,NC,NS
ARHGAP35,chr19:47486341:+,2.93034341087983,0.204453668406588,0.378658159745888,NC,NS
ARHGEF12,chr11:120348583:+,4.16285700886004,0.117087070905566,0.264751713302269,NC,NS
ARHGEF4,chr2:131756350:+,4.84235508320819,0.055188027407338,0.159105534351287,NC,NS
ARHGEF7,chr13:111947539:+,0.179231699620379,0.300386629591574,0.491155414502252,NC,NS
ARHGEF7,chr13:111949334:+,0.204533587040638,0.239719891594875,0.423249997278906,NC,NS
ARID1B,chr6:157130868:+,1.13580671376191,0.694793866275653,0.813294912989495,NC,NS
ARID1B,chr6:157260008:+,0.717474844272007,0.311700812512515,0.503265522892077,NC,NS
ARID1B,chr6:157284874:+,0.895615012521202,0.602938891155546,0.743889615710671,NC,NS
ARID1B,chr6:157306778:+,1.43015076290514,0.38920379654658,0.55762508717432,NC,NS
ARID1B,chr6:157313146:+,1.38911721147507,0.411570184721362,0.577313496354612,NC,NS
ARID1B,chr6:157381619:+,-0.438703772712656,0.473736902427048,0.633645895329856,NC,NS
ARID1B,chr6:157393704:+,-0.833573694615987,0.0968195682308791,0.231624394794227,NC,NS
ARID1B,chr6:157423336:+,2.5679235411375,0.300159365163748,0.490949738113209,NC,NS
ARID2,chr12:46198214:+,2.35915387050537,0.14416901696362,0.310272638896494,NC,NS
ARID3B,chr15:74878764:+,-3.76451881895654,0.062411416639007,0.171547591765096,NC,NS
ARID4B,chr1:235377125:-,4.18536382780758,1.63218194553434e-05,0.000546677633455941,UP,IPA activation in Neurites
ARID5B,chr10:63785114:+,0.0752393807389113,0.971878430564789,0.982436108537001,NC,NS
ARIH2,chr3:48971423:+,0.89210199315561,0.172352720442461,0.349091056346599,NC,NS
ARIH2,chr3:48971791:+,1.22481521678328,0.155413819989829,0.325967089685564,NC,NS
ARIH2,chr3:48972192:+,1.45601088274556,0.26652162700984,0.454183645470176,NC,NS
ARIH2,chr3:48972509:+,-0.55047600278283,0.715283431410533,0.827328066851356,NC,NS
ARIH2,chr3:48972815:+,2.10313379724485,0.199303602390952,0.373723055581646,NC,NS
ARIH2,chr3:48973134:+,1.24414372126864,0.105382365719669,0.24488566933711,NC,NS
ARIH2,chr3:48973164:+,1.23656969190761,0.102166474704554,0.239912459475978,NC,NS
ARIH2,chr3:48975098:+,0.808969939567312,0.192387293731813,0.366976311759703,NC,NS
ARL2BP,chr16:57284420:+,0.0276178564968946,0.919095481459948,0.953586058162923,NC,NS
ARL6,chr3:97519214:+,1.42090012431285,0.0630445016468644,0.172733414985159,NC,NS
ARL6,chr3:97519397:+,1.10791458473142,0.216287715849757,0.393000756282643,NC,NS
ARL6IP1,chr16:18809234:-,-0.140683174216687,0.182934372008841,0.361265687579149,NC,NS
ARL6IP1,chr16:18809960:-,0.0535485621714571,0.871278472383344,0.927508432863126,NC,NS
ARL6IP4,chr12:123466368:+,0.0654714513562393,0.909600426389443,0.948995642112142,NC,NS
ARL6IP4,chr12:123466569:+,0.628971735560108,0.024076064505058,0.0863331834057568,UP,NS
ARMC8,chr3:137947888:+,1.27823186853889,0.0131370464898147,0.0552028222965788,UP,NS
ARMC8,chr3:137965562:+,0.375065174727171,0.283356839691308,0.471704767637536,NC,NS
ARMC8,chr3:137965726:+,0.395603334389768,0.248208291501445,0.434453793685622,NC,NS
ARMC8,chr3:137965923:+,0.4249986838032,0.26279995975409,0.450925010688972,NC,NS
ARMC8,chr3:137965974:+,0.430328934573383,0.261980378112463,0.450617362988775,NC,NS
ARMC8,chr3:137966790:+,0.377565139531455,0.343181249245444,0.536933151883998,NC,NS
ARMC8,chr3:137967953:+,0.335217949077005,0.453763101448974,0.6157309681123,NC,NS
ARMC9,chr2:232121112:+,0,,1,NC,NS
ARMC9,chr2:232121170:+,0.457546529598703,0.182765670808206,0.36107907192559,NC,NS
ARMCX5-GPRASP2,chrX:101859087:+,-3.14704185704846,0.000160713428925728,0.00226020677789766,DN,IPA suppression in Neurites
ARMCX5-GPRASP2,chrX:101895249:+,0,,1,NC,NS
ARMCX5-GPRASP2,chrX:101895431:+,0,,1,NC,NS
ARMCX5-GPRASP2,chrX:101896078:+,0,,1,NC,NS
ARMCX5-GPRASP2,chrX:101899615:+,0,,1,NC,NS
ARMCX5-GPRASP2,chrX:101905073:+,0,,1,NC,NS
ARMCX5-GPRASP2,chrX:101913385:+,-2.0974257395598,0.000229674220178385,0.0027594932231803,DN,IPA suppression in Neurites
ARMCX5-GPRASP2,chrX:101936742:+,0,,1,NC,NS
ARMCX5-GPRASP2,chrX:101972496:+,-3.20884542038264,3.0831259620765e-06,0.000223917775096481,DN,IPA suppression in Neurites
ARMCX5-GPRASP2,chrX:101972623:+,-3.24499248594601,2.98359455279452e-06,0.000222718251353771,DN,IPA suppression in Neurites
ARMCX5-GPRASP2,chrX:101972659:+,-3.24401102671135,3.3561615562774e-06,0.000236682349751389,DN,IPA suppression in Neurites
ARMCX5-GPRASP2,chrX:102005220:+,-2.80045920750817,3.12136963883835e-05,0.000815450759441941,DN,IPA suppression in Neurites
ARMCX5-GPRASP2,chrX:102007369:+,-2.73789487010309,1.0975028568857e-05,0.000476825794786233,DN,IPA suppression in Neurites
ARMCX5-GPRASP2,chrX:102008468:+,-2.75987335797687,1.21818734051472e-05,0.000502667335220595,DN,IPA suppression in Neurites
ARMCX5-GPRASP2,chrX:102151524:+,0.865875152452133,0.391002218955771,0.55762508717432,NC,NS
ARNTL2,chr12:27521194:+,0,,1,NC,NS
ARRB1,chr11:75035026:-,-1.59429921110437,0.122907174568271,0.275226098227891,NC,NS
ASAP1,chr8:131266779:-,0.563350926173799,0.834198938620408,0.905871911476658,NC,NS
ASB3,chr2:53960922:-,-0.882268236536218,0.741375181485794,0.845285294802007,NC,NS
ASB3,chr2:53960984:-,0.158184200385135,0.924597319520819,0.956439319045133,NC,NS
ASB3,chr2:53997303:-,0.719307302251242,0.47423912400794,0.634018679280187,NC,NS
ASB3,chr2:54000054:-,-1.71356139076124,0.346892872499986,0.539981035695755,NC,NS
ASB3,chr2:54001372:-,-2.99713031223949,0.166810572384248,0.341912487456508,NC,NS
ASCC1,chr10:73949607:-,4.8664151699668,0.0382771295848698,0.121418847822671,UP,NS
ASCC3,chr6:100994339:-,1.3540776161863,0.163603004389056,0.337899923326462,NC,NS
ASCC3,chr6:101194885:-,1.11394138108823,0.391002218955771,0.55762508717432,NC,NS
ASH1L,chr1:155437554:-,3.23062775611773,0.000612726603994365,0.00553289971182928,UP,IPA activation in Neurites
ASNS,chr7:97493542:-,0.0367266957261165,0.825592763254523,0.901151724090738,NC,NS
ASPH,chr8:62531418:-,6.10687972383844,2.04627419660539e-05,0.000592688704802491,UP,IPA activation in Neurites
ASPH,chr8:62531503:-,5.1643311901413,1.55090616246505e-08,9.43338673319366e-06,UP,IPA activation in Neurites
ASPH,chr8:62566220:-,0,,1,NC,NS
ASPH,chr8:62587818:-,2.34215903962176,0.000409394996496912,0.00422058485795333,UP,IPA activation in Neurites
ASRGL1,chr11:62138529:+,-1.81372041973311,0.391002218955771,0.55762508717432,NC,NS
ASTN2,chr9:119942907:-,2.70100070550362,0.000460575121361643,0.0045552002856621,UP,IPA activation in Neurites
ASTN2,chr9:119942975:-,2.68529246409945,0.000434943839248444,0.00438185656683836,UP,IPA activation in Neurites
ASXL1,chr20:30958544:+,5.61326328575404,6.54988518590595e-05,0.00134293290432597,UP,IPA activation in Neurites
ASXL1,chr20:30960036:+,5.34521068197742,1.56175096137112e-05,0.000546677633455941,UP,IPA activation in Neurites
ASXL1,chr20:30960356:+,4.53973753679293,0.000488985004753041,0.00475880206625659,UP,IPA activation in Neurites
ASXL1,chr20:31009069:+,-2.62542605352929,0.331892109939959,0.524986699063681,NC,NS
ASXL2,chr2:26022206:-,1.63345644063766,0.000191877077985386,0.00247955856452822,UP,IPA activation in Neurites
ATE1,chr10:123510744:-,-0.746682856203967,0.376543041024524,0.55762508717432,NC,NS
ATE1,chr10:123522971:-,1.89770031449349,0.258449812538148,0.446121599081458,NC,NS
ATE1,chr10:123587323:-,-0.135363307567604,0.76472426246506,0.86108268414917,NC,NS
ATE1,chr10:123590397:-,0.290926279910538,0.505916266839434,0.663376058863026,NC,NS
ATE1,chr10:123670394:-,3.63966477790225,1.80654522242123e-05,0.000557164099071315,UP,IPA activation in Neurites
ATF3,chr1:212763777:+,-3.67345136594512,0.188646667251698,0.363978859177939,NC,NS
ATF6,chr1:161857241:+,-1.35865644809486,0.00477765854019175,0.0258887377021972,DN,IPA suppression in Neurites
ATF6,chr1:161857785:+,-1.47212662150628,0.00401919106899863,0.0225835839973988,DN,IPA suppression in Neurites
ATF6,chr1:161858350:+,-1.34290805086921,0.00879493262004993,0.0405650636295384,DN,IPA suppression in Neurites
ATF6,chr1:161861978:+,-1.10109839770176,0.0143929658116416,0.0592522602702607,DN,NS
ATF6,chr1:161863920:+,-1.3857204103257,0.00470408472255117,0.0255689759353532,DN,IPA suppression in Neurites
ATG10,chr5:81316311:+,1.53077823302633,0.00639513513915429,0.0325850550650521,UP,IPA activation in Neurites
ATG10,chr5:81319465:+,2.22911455850918,0.0264629418637147,0.0929066919977169,UP,NS
ATG10,chr5:81322397:+,2.41711247856965,0.0298335049805595,0.101482345750773,UP,NS
ATIC,chr2:216184514:+,0.810932998101263,0.0271393224962411,0.0942612014751671,UP,NS
ATIC,chr2:216203645:+,0.75317217220811,0.0154399449118645,0.06234918833289,UP,NS
ATM,chr11:108100091:+,3.46294194124723,2.33608093773694e-07,5.41303325858474e-05,UP,IPA activation in Neurites
ATP11B,chr3:182633037:+,5.76669272732554,0.0739575731756172,0.192614378914587,NC,NS
ATP11B,chr3:182633692:+,0.943140142221678,0.359399105921522,0.551509318642108,NC,NS
ATP11B,chr3:182634150:+,2.17508762781583,0.000546629552132149,0.0051151911551443,UP,IPA activation in Neurites
ATP11B,chr3:182634378:+,2.87528041231197,0.0154678621938426,0.062410130543315,UP,NS
ATP1B1,chr1:169086825:+,0,,1,NC,NS
ATP1B3,chr3:141632694:+,0.132372368199377,0.392245860044001,0.558488514067136,NC,NS
ATP2A2,chr12:110757051:+,0.411033080290599,0.875120250394649,0.930376914664706,NC,NS
ATP2A2,chr12:110784310:+,-0.905867394704884,0.371361755835753,0.55762508717432,NC,NS
ATP2A2,chr12:110784402:+,0.885438028522449,0.359290701093224,0.551509318642108,NC,NS
ATP2A2,chr12:110784495:+,0.0334485750172041,0.941405393053791,0.964801736015111,NC,NS
ATP2A2,chr12:110784591:+,-0.936221244023583,0.470152873486708,0.630759272783656,NC,NS
ATP2A2,chr12:110784631:+,0.320645498401805,0.18400807795382,0.362063609916413,NC,NS
ATP2A2,chr12:110785128:+,0.186065562975446,0.0202138407360997,0.0760715769697301,UP,NS
ATP2A2,chr12:110785428:+,-0.129943638598883,0.424224826109419,0.588604040954877,NC,NS
ATP2B1,chr12:90013727:-,1.47256890798536,0.000330190958908799,0.00363409773250988,UP,IPA activation in Neurites
ATP2B3,chrX:152833659:+,0.67012391664758,0.254453847469559,0.441211397460687,NC,NS
ATP2C1,chr3:130680461:+,0.366977285425439,0.736626709064664,0.842205255241695,NC,NS
ATP2C1,chr3:130720387:+,-0.571847127110939,0.187436807810664,0.363518336710518,NC,NS
ATP2C1,chr3:130720473:+,-0.580993614985355,0.149959581022745,0.318950273377926,NC,NS
ATP2C1,chr3:130720621:+,-0.399582291325156,0.288888928407139,0.478466142147426,NC,NS
ATP2C1,chr3:130720837:+,-0.419754784754436,0.26333701687531,0.451514420054706,NC,NS
ATP2C1,chr3:130721041:+,-0.415149569787719,0.263555791379186,0.451730356058866,NC,NS
ATP2C1,chr3:130721101:+,-0.411290320131839,0.281982471092795,0.470444823200521,NC,NS
ATP2C1,chr3:130721206:+,-0.354115957044303,0.342361661293656,0.536359254299719,NC,NS
ATP2C1,chr3:130721902:+,-0.395246775748842,0.255906920239705,0.442811148254034,NC,NS
ATP2C1,chr3:130721952:+,-0.402446066419079,0.249549512367725,0.436017209041778,NC,NS
ATP2C1,chr3:130721994:+,-0.413001158494377,0.241230175268943,0.424837507368322,NC,NS
ATP2C1,chr3:130722178:+,-0.412959812994919,0.252979773111612,0.440114256689705,NC,NS
ATP2C1,chr3:130730638:+,-0.759806089991453,0.518152447539115,0.675728148080594,NC,NS
ATP2C1,chr3:130733946:+,1.07634060367261,0.347126373496366,0.540171708805026,NC,NS
ATP5A1,chr18:43669531:-,0.334497164382023,0.0535618112980488,0.156160439650273,NC,NS
ATP5C1,chr10:7841221:+,0.634423782874374,0.000377860861478669,0.00398844024285293,UP,IPA activation in Neurites
ATP5C1,chr10:7844819:+,0.550131586686874,0.000426428117520755,0.00432291504136665,UP,IPA activation in Neurites
ATP5C1,chr10:7844980:+,0.810625356019711,0.0442475032777168,0.134651876766335,UP,NS
ATP5E,chr20:57605283:-,0.744248068426265,0.00448478988480501,0.0247145952202278,UP,IPA activation in Neurites
ATP5F1,chr1:112002259:+,0.838145264028117,0.000562183152184472,0.00521063470196122,UP,IPA activation in Neurites
ATP5G1,chr17:46972697:+,0.608596486570844,0.0844174898618386,0.210222879052051,NC,NS
ATP5G2,chr12:54062931:-,-0.272353574145829,0.357181268792612,0.550188051264593,NC,NS
ATP5H,chr17:73036190:-,0,,1,NC,NS
ATP5I,chr4:667703:-,0.161325944444808,0.517220372424847,0.674743788798741,NC,NS
ATP5J2,chr7:99056789:-,-0.488507970297321,0.00741381320293861,0.0361117267722716,DN,IPA suppression in Neurites
ATP5J2,chr7:99057665:-,-0.38514805321246,0.00965547338671964,0.0435839828383838,DN,IPA suppression in Neurites
ATP5J2-PTCD1,chr7:99039953:-,-1.20219298625186,0.543592065125326,0.696450497340663,NC,NS
ATP5J2-PTCD1,chr7:99055781:-,1.68878589306467,0.00158792678482433,0.0111498582033985,UP,IPA activation in Neurites
ATP5J2-PTCD1,chr7:99055818:-,1.68539145777233,0.00160417082990457,0.0111660217307264,UP,IPA activation in Neurites
ATP5J2-PTCD1,chr7:99055882:-,1.68354575624668,0.00160952751854993,0.0111725547863965,UP,IPA activation in Neurites
ATP5J2-PTCD1,chr7:99056789:-,1.67305846307067,0.0018374637575442,0.0122480803345344,UP,IPA activation in Neurites
ATP5J2-PTCD1,chr7:99057665:-,1.56469446252548,0.00120166254698789,0.00903754243221497,UP,IPA activation in Neurites
ATP5O,chr21:35287591:-,-1.77937980985377,0.0109185588947047,0.0479509996224124,DN,IPA suppression in Neurites
ATP6V1A,chr3:113507811:+,0.0822187004189975,0.740165870672572,0.844663960293794,NC,NS
ATP6V1B2,chr8:20068926:+,0.40139041746147,0.149889638309342,0.318950273377926,NC,NS
ATP6V1D,chr14:67807154:-,0.376756888891564,0.00493341688820224,0.0265553170110532,UP,IPA activation in Neurites
ATP8A1,chr4:42486609:-,3.9395743110554,0.000256436273761491,0.00298475300431399,UP,IPA activation in Neurites
ATP8A1,chr4:42558812:-,0,,1,NC,NS
ATP9B,chr18:76877161:+,-0.479699284716639,0.0830891785887257,0.207872464273902,NC,NS
ATP9B,chr18:76877917:+,-0.675571406678331,0.0146754406103053,0.0600532451126245,DN,NS
ATP9B,chr18:76880381:+,0.466183799572278,0.10130963724386,0.238902678185817,NC,NS
ATP9B,chr18:76954192:+,5.83786376521215,0.000232505690055623,0.00278663223598686,UP,IPA activation in Neurites
ATP9B,chr18:76960679:+,2.11731654239107,0.111907209303962,0.255054089214558,NC,NS
ATP9B,chr18:77132473:+,1.13019789805015,0.116920101893103,0.2646201003776,NC,NS
ATRNL1,chr10:116931125:+,4.60828651168359,0.000128921977878082,0.00197274951054952,UP,IPA activation in Neurites
ATRX,chrX:77004835:-,2.2649438986155,0.00242280196024331,0.0151339593562823,UP,IPA activation in Neurites
ATRX,chrX:77023621:-,6.63808741465948,0.0759163871173645,0.196494223251647,NC,NS
ATXN1,chr6:16408892:-,4.42144804403793,0.00550188963581379,0.0289638831168198,UP,IPA activation in Neurites
ATXN1,chr6:16719084:-,-0.285011962909738,0.552114278675955,0.704217058987469,NC,NS
ATXN1,chr6:16731671:-,0.237691955307299,0.663853840487207,0.791743330345771,NC,NS
ATXN1,chr6:16737082:-,0.156030363544977,0.764816966891227,0.86108268414917,NC,NS
ATXN1,chr6:16738039:-,0.0573519926806172,0.853172478529615,0.915463919399156,NC,NS
ATXN1,chr6:16738202:-,0.095631100105475,0.758737016402033,0.856814648830887,NC,NS
ATXN1,chr6:16738706:-,0.0624254078865518,0.837391835831699,0.907718572768333,NC,NS
ATXN10,chr22:46153638:+,4.23039916542619,0.0434606618570552,0.132843334443535,UP,NS
ATXN10,chr22:46153750:+,4.30320382191102,0.0434621020209841,0.132843334443535,UP,NS
ATXN10,chr22:46173875:+,6.19743071043379,0.0129965379210537,0.0546610662586709,UP,NS
ATXN10,chr22:46224076:+,-0.587697870115885,0.672629134900219,0.79755035863601,NC,NS
ATXN2,chr12:111914646:-,1.08874159372705,0.53221075947666,0.68714510910654,NC,NS
ATXN2,chr12:111981149:-,2.97624617513129,0.00254793884792506,0.0157538379085176,UP,IPA activation in Neurites
ATXN2,chr12:111982169:-,3.71211646995548,0.0182200837700416,0.0703017755527898,UP,NS
ATXN2,chr12:111984797:-,0.0782512762235557,0.94801747493725,0.968925232733598,NC,NS
ATXN7,chr3:63889649:+,1.14829633206751,0.608819338811226,0.749624216258964,NC,NS
ATXN7,chr3:63889873:+,-0.382000731010691,0.857898019784002,0.918564205393616,NC,NS
ATXN7,chr3:63890770:+,-2.91260048428466,0.158255645596833,0.329936577323988,NC,NS
ATXN7,chr3:63891556:+,1.70614591648853,0.554260451391803,0.705777465590597,NC,NS
ATXN7L1,chr7:105351309:-,0.468883137593807,0.630877485160879,0.765739546718094,NC,NS
ATXN7L1,chr7:105392455:-,0.254140338801544,0.68038695398012,0.80319333286445,NC,NS
ATXN7L1,chr7:105410480:-,-0.650842669607921,0.391002218955771,0.55762508717432,NC,NS
ATXN7L1,chr7:105420291:-,-1.65324032072608,0.391002218955771,0.55762508717432,NC,NS
ATXN7L1,chr7:105423431:-,1.11165033611633,0.758458102002998,0.856698496830685,NC,NS
AUTS2,chr7:69244061:+,0.0784129498225363,0.827854456315033,0.902548020562517,NC,NS
AUTS2,chr7:69623736:+,0.685526709251676,0.825175858598388,0.901100926377863,NC,NS
AUTS2,chr7:69960245:+,1.69953137097385,0.463404367660608,0.624114490184478,NC,NS
AUTS2,chr7:70038906:+,-0.248102996118893,0.504367679869634,0.662237757756514,NC,NS
AVL9,chr7:32547122:+,4.14234009686391,0.097619797740925,0.232966128399873,NC,NS
B3GAT1,chr11:134261075:-,0,,1,NC,NS
B3GAT1,chr11:134263019:-,0,,1,NC,NS
B4GALT2,chr1:44455737:+,-2.80296448194516,0.0715354216133145,0.187650329687541,NC,NS
B4GALT6,chr18:29250426:-,1.6666491468608,0.411791136859422,0.577456965982117,NC,NS
BACH2,chr6:90656212:-,-0.219829355337617,0.754221480455803,0.853895235899939,NC,NS
BACH2,chr6:90774990:-,-1.77119261409301,0.0688682344250339,0.182423967725757,NC,NS
BAG1,chr9:33262699:-,0.612399461062777,0.00390051327755926,0.0220953406386535,UP,IPA activation in Neurites
BAIAP2L1,chr7:98015053:-,1.12560071045118,0.00279198801469696,0.0169567915037795,UP,IPA activation in Neurites
BASP1,chr5:17221439:+,5.68187013580747,0.0679024989275093,0.180377458049964,NC,NS
BAZ2B,chr2:160252279:-,1.69559070210906,3.32989774247429e-05,0.000848195338909271,UP,IPA activation in Neurites
BAZ2B,chr2:160255339:-,1.28428884368419,9.74302992176966e-05,0.00172349512670277,UP,IPA activation in Neurites
BAZ2B,chr2:160377911:-,0.0617479028726864,0.901867818999099,0.944255649731368,NC,NS
BAZ2B,chr2:160393210:-,0.0292203512128122,0.952325867645852,0.971237262827452,NC,NS
BAZ2B,chr2:160393337:-,0.0269682727108092,0.955154788960576,0.972339582234762,NC,NS
BAZ2B,chr2:160393386:-,0.0347200166025687,0.942118525141457,0.965329278445636,NC,NS
BBS7,chr4:122782645:-,0.92904010459184,0.00706741727535404,0.0349492403067813,UP,IPA activation in Neurites
BCAP29,chr7:107240994:+,0.656970619228974,0.00461638399921378,0.0253250558513802,UP,IPA activation in Neurites
BCAS2,chr1:115118204:-,0.127029550806033,0.699503098678892,0.816450486488723,NC,NS
BCAT1,chr12:24989386:-,0.30623094569681,0.394983696861319,0.561329050504433,NC,NS
BCKDHB,chr6:81019124:+,0.362535170476135,0.608441852979706,0.749349039888446,NC,NS
BCL2,chr18:60921143:-,4.51998506094432,0.0133745181846663,0.0558630090013615,UP,NS
BCL2L1,chr20:30276635:-,-0.224685299672871,0.928696993163133,0.959049144467701,NC,NS
BCL2L1,chr20:30276679:-,-0.203499633772855,0.935050348649986,0.961528951084284,NC,NS
BCL2L13,chr22:18185194:+,1.49664152908479,0.00110600787652632,0.00848869767693548,UP,IPA activation in Neurites
BCL2L2-PABPN1,chr14:23779190:+,4.69325980278021,0.0392934199351472,0.123355988002856,UP,NS
BCL2L2-PABPN1,chr14:23779385:+,2.2666257060087,0.222679327953121,0.400872219689192,NC,NS
BCL2L2-PABPN1,chr14:23780896:+,-0.667168664421821,0.0869892156924001,0.215304945859216,NC,NS
BCL2L2-PABPN1,chr14:23780960:+,-0.654334798350784,0.0706616170019467,0.185959669189547,NC,NS
BCL2L2-PABPN1,chr14:23781985:+,-0.543450601392796,0.102541308313858,0.239912459475978,NC,NS
BCL2L2-PABPN1,chr14:23784047:+,-0.612322831952036,0.0450196847707598,0.136830597185832,DN,NS
BCL2L2-PABPN1,chr14:23788195:+,-0.802480332172896,0.0412538138578861,0.12777915864575,DN,NS
BCL2L2-PABPN1,chr14:23788274:+,-0.91701707087032,0.0374411503034333,0.119311484856913,DN,NS
BCL7C,chr16:30862302:-,0.047414295777783,0.886166062067968,0.935028263878786,NC,NS
BCL7C,chr16:30862355:-,0.0444251925436563,0.892011684347299,0.938039838027725,NC,NS
BDP1,chr5:70763336:+,1.51306294074634,2.78403934172187e-05,0.000752618635378813,UP,IPA activation in Neurites
BEND6,chr6:56875496:+,-0.1109128131212,0.864727899631705,0.923160587891154,NC,NS
BEND6,chr6:56875619:+,-0.141835524781663,0.835501916401728,0.906477664484015,NC,NS
BEND6,chr6:56880222:+,0.970352249279621,0.0989982615731282,0.234759035484816,NC,NS
BEX5,chrX:101409712:-,0.0381440308719321,0.860140852131213,0.920132161157351,NC,NS
BICD1,chr12:32272174:+,5.08158747505356,1.77126421760457e-06,0.000162622107223846,UP,IPA activation in Neurites
BICD1,chr12:32301086:+,3.10722706246193,0.262807918272488,0.450925010688972,NC,NS
BICD1,chr12:32316547:+,3.11108765099645,0.264884523367209,0.452414212251611,NC,NS
BICD1,chr12:32375904:+,-0.976861579045104,0.0081731018259237,0.0386119548397522,DN,IPA suppression in Neurites
BICD1,chr12:32467178:+,0.499101663089428,0.349529502561897,0.54235030595223,NC,NS
BICD1,chr12:32485999:+,-1.25870258368414,0.000380899867892079,0.00401181549169449,DN,IPA suppression in Neurites
BICD1,chr12:32486123:+,-1.38898533909726,0.00153217367823593,0.0108637254339441,DN,IPA suppression in Neurites
BICD1,chr12:32493654:+,2.62811235236299,0.0882692795094016,0.217257619672609,NC,NS
BICD1,chr12:32493750:+,2.94744843152542,0.0662597848082617,0.178034297557704,NC,NS
BICD1,chr12:32500585:+,2.41171727361883,0.355798088355845,0.548926283430418,NC,NS
BICD1,chr12:32508267:+,0,,1,NC,NS
BICRAL,chr6:42759059:+,-0.795929961451449,0.0588594442534967,0.166227542505813,NC,NS
BICRAL,chr6:42797959:+,3.01507518035111,9.94106984072826e-05,0.00172349512670277,UP,IPA activation in Neurites
BIVM-ERCC5,chr13:103493455:+,-1.22266691368378,0.0931769023733795,0.226021339456064,NC,NS
BIVM-ERCC5,chr13:103493664:+,-1.16443531197854,0.0541854994263561,0.157370250650741,NC,NS
BIVM-ERCC5,chr13:103493883:+,-1.18057378102554,0.0500320256926022,0.14797025239745,NC,NS
BIVM-ERCC5,chr13:103494096:+,-1.1795737051009,0.0529552350990963,0.154855873793391,NC,NS
BIVM-ERCC5,chr13:103500557:+,-0.864247013446689,0.0416599230650985,0.12879109633721,DN,NS
BLOC1S2,chr10:102039798:-,0.251253218317051,0.012911721565037,0.0544440529770106,UP,NS
BLOC1S2,chr10:102039829:-,0.249495328144978,0.0128691503384696,0.0543678968923909,UP,NS
BLZF1,chr1:169357406:+,-0.208488986122632,0.57038332595547,0.718381453091724,NC,NS
BLZF1,chr1:169357474:+,-0.201989184068523,0.619095503774469,0.757541984498979,NC,NS
BLZF1,chr1:169357543:+,-0.255110924885951,0.5764815030474,0.723165504982895,NC,NS
BLZF1,chr1:169363525:+,-0.3396379367724,0.391002218955771,0.55762508717432,NC,NS
BLZF1,chr1:169364051:+,-0.671305808619369,0.391002218955771,0.55762508717432,NC,NS
BLZF1,chr1:169364729:+,0.348001270548552,0.291235128261989,0.480490818563343,NC,NS
BMP2K,chr4:79786938:+,3.56588773124213,7.93589696612096e-06,0.000378588967030829,UP,IPA activation in Neurites
BMPR1A,chr10:88579616:+,1.51123728055105,0.456132965701091,0.617473019556522,NC,NS
BMPR2,chr2:203317150:+,1.17418986569688,0.670655617177051,0.795759627696545,NC,NS
BMPR2,chr2:203336616:+,-0.968601146502993,0.664723323441294,0.792253543329238,NC,NS
BMPR2,chr2:203336809:+,1.96762297854849,0.147188611044742,0.315060294770707,NC,NS
BMPR2,chr2:203352880:+,0.757140134740383,0.780826235892942,0.872929056925941,NC,NS
BMPR2,chr2:203355280:+,0.977211871370735,0.696900954265565,0.814977179393473,NC,NS
BMPR2,chr2:203358347:+,-1.01956655248809,0.626964086870022,0.762892534811085,NC,NS
BNIP3,chr10:133783877:-,0.414378868924732,0.421618129292157,0.586499889881481,NC,NS
BNIP3L,chr8:26252914:+,0.990177852642906,0.00214828220982045,0.0137005782870069,UP,IPA activation in Neurites
BOD1L1,chr4:13627160:-,3.09359818865287,0.00724217077276096,0.0355245997784827,UP,IPA activation in Neurites
BOD1L1,chr4:13627265:-,2.89616115720482,0.00340491190413648,0.0197948641882056,UP,IPA activation in Neurites
BORCS5,chr12:12614840:+,-0.0373051840052192,0.982054028198486,0.989988585293937,NC,NS
BORCS7,chr10:104623265:+,1.60425846765275,0.236500413879828,0.419238985041619,NC,NS
BPTF,chr17:65900984:+,1.33955756015367,0.0017954369116134,0.012050477257808,UP,IPA activation in Neurites
BPTF,chr17:65948322:+,1.94316769828972,0.203818184801207,0.378100717958418,NC,NS
BPTF,chr17:65956062:+,5.02765382782721,3.665398133888e-06,0.000243869368389516,UP,IPA activation in Neurites
BRAF,chr7:140434321:-,2.00036155216103,0.000262174730132381,0.00302308586925157,UP,IPA activation in Neurites
BRAP,chr12:112103361:-,1.85591189101691,0.00396238328658844,0.0223417810805786,UP,IPA activation in Neurites
BRAP,chr12:112110412:-,1.290231144017,0.0308751648612875,0.103899413703337,UP,NS
BRCC3,chrX:154348451:+,0.612013649734378,0.0114582398496701,0.0497375513902716,UP,IPA activation in Neurites
BRD4,chr19:15357787:-,0.58698165299954,0.0631631501702788,0.172961107894528,NC,NS
BRD4,chr19:15357858:-,0.466962586395965,0.0737049519959285,0.192407884341303,NC,NS
BRWD1,chr21:40560673:-,0.994630462095808,0.367620462542001,0.55762508717432,NC,NS
BRWD1,chr21:40561608:-,0.0930469310672513,0.837877204121633,0.908042422105983,NC,NS
BRWD1,chr21:40564170:-,1.0133333893037,0.335143051706867,0.528627915440309,NC,NS
BRWD1,chr21:40564345:-,1.12791517961136,0.200983060887043,0.374775908797537,NC,NS
BRWD1,chr21:40564466:-,1.34301806256254,0.110032053107319,0.251605249257619,NC,NS
BRWD1,chr21:40567020:-,-0.0729125514121275,0.266573878229104,0.454183645470176,NC,NS
BRWD1,chr21:40567306:-,1.36216688667753,0.359234362111011,0.551509318642108,NC,NS
BRWD1,chr21:40567506:-,2.48778476115144,0.226304671090818,0.405747431660988,NC,NS
BRWD1,chr21:40601454:-,0,,1,NC,NS
BRWD1,chr21:40668363:-,0.274211212142668,0.533010482556819,0.68760047935352,NC,NS
BRWD1,chr21:40668409:-,1.5658525176729,0.00586951758994033,0.0303841197794145,UP,IPA activation in Neurites
BRWD1,chr21:40668701:-,0.854302558437253,0.0877654175836864,0.216487601392971,NC,NS
BRWD1,chr21:40670003:-,1.58502568209972,0.177357401083703,0.356031812571493,NC,NS
BRWD1,chr21:40670212:-,0.209110839076568,0.725279469420531,0.835126487641885,NC,NS
BTBD7,chr14:93746623:-,0.951732604711033,0.0123485318467292,0.0524889007718567,UP,NS
BTBD7,chr14:93746652:-,0.957134527427905,0.0118516332779058,0.0510354402922916,UP,NS
BTBD7,chr14:93747956:-,0.903519101686968,0.0137986723084393,0.0571441186832898,UP,NS
BTBD7,chr14:93748235:-,0.893016680360868,0.00982481843082985,0.0441844422221978,UP,IPA activation in Neurites
BTBD7,chr14:93751674:-,1.06648410429083,0.0229445240562801,0.083443986590328,UP,NS
BTBD7,chr14:93753974:-,1.35187047715672,0.0134225988287303,0.0559261872996304,UP,NS
BTBD7,chr14:93787211:-,0.0519793508852424,0.894210407085479,0.939181489505275,NC,NS
BTBD7,chr14:93788901:-,-0.452923217835446,0.437708551935556,0.601154336358571,NC,NS
BTBD7,chr14:93789617:-,-0.589131531166448,0.459286331949366,0.620838226127823,NC,NS
BTBD7,chr14:93790106:-,0.894726515509544,0.365129270347133,0.557314626571251,NC,NS
BTRC,chr10:103137114:+,0.146432083789707,0.939916029413753,0.964494179486993,NC,NS
BUB3,chr10:124923410:+,0,,1,NC,NS
BUB3,chr10:124924265:+,-0.228457692728435,0.670155306602973,0.795359932178065,NC,NS
BZW2,chr7:16737829:+,0.0969643534485861,0.750961850111588,0.851195053026552,NC,NS
C11orf49,chr11:46990888:+,-0.361122776113161,0.465303025858068,0.626094977401379,NC,NS
C11orf49,chr11:47105461:+,0.409027043460572,0.702101338072607,0.818305415823067,NC,NS
C11orf49,chr11:47106419:+,0.369792893480371,0.757698768362547,0.856238320216477,NC,NS
C11orf49,chr11:47183798:+,0.636630178666715,0.0458967056731386,0.138802591550959,UP,NS
C14orf132,chr14:96553427:+,0.414211253372187,0.783016538356176,0.874247393347095,NC,NS
C14orf132,chr14:96555404:+,0,,1,NC,NS
C14orf132,chr14:96558467:+,0,,1,NC,NS
C14orf132,chr14:96558768:+,0.504789686013756,0.800374668623178,0.88473946786015,NC,NS
C14orf2,chr14:104381400:-,-0.0800742037144071,0.0534913672832339,0.15604855707447,NC,NS
C14orf37,chr14:58586558:-,1.367691907665,0.596659111859976,0.738695666525485,NC,NS
C15orf38-AP3S2,chr15:90389125:-,-3.10606914707036,0.170703893434466,0.346824695387102,NC,NS
C15orf38-AP3S2,chr15:90417625:-,-2.19366448535951,0.255138799839632,0.441939397348716,NC,NS
C15orf38-AP3S2,chr15:90418617:-,-3.88910062730803,0.0488888345794499,0.145830610307611,DN,NS
C15orf38-AP3S2,chr15:90436310:-,-0.370289561831632,0.539076599454364,0.693047999373195,NC,NS
C15orf38-AP3S2,chr15:90438238:-,0.832569267783097,0.667516673125685,0.7930019852123,NC,NS
C15orf38-AP3S2,chr15:90438355:-,1.10156417747186,0.52807913134181,0.683231335578104,NC,NS
C15orf38-AP3S2,chr15:90439458:-,-1.82310024099465,0.115891036593019,0.262657561276959,NC,NS
C15orf38-AP3S2,chr15:90439619:-,-1.47114598805943,0.107470030940565,0.247725803200753,NC,NS
C15orf38-AP3S2,chr15:90439764:-,-1.32616741711158,0.0980737937337322,0.233477045160636,NC,NS
C15orf38-AP3S2,chr15:90439831:-,-1.24506001526353,0.0997457637205843,0.236186319350055,NC,NS
C15orf38-AP3S2,chr15:90439870:-,-1.325920601182,0.0913810349596573,0.222775609275397,NC,NS
C15orf38-AP3S2,chr15:90441773:-,-0.40380117213715,0.667420177714923,0.7930019852123,NC,NS
C15orf38-AP3S2,chr15:90443800:-,0.588744250674902,0.805671360889606,0.888374539335785,NC,NS
C15orf38-AP3S2,chr15:90443825:-,-2.08069586551913,0.174401716765832,0.351694469035449,NC,NS
C15orf38-AP3S2,chr15:90443935:-,-0.575021419039034,0.756874494397144,0.855903158200442,NC,NS
C15orf38-AP3S2,chr15:90444105:-,-0.661021227045684,0.738127327044774,0.842930667308113,NC,NS
C15orf40,chr15:83661775:-,3.12652306609345,0.121420671159035,0.272650201135147,NC,NS
C15orf40,chr15:83662895:-,0.249950458373806,0.933224718845956,0.96091935309285,NC,NS
C15orf40,chr15:83663086:-,3.29016739924147,0.213748898528653,0.38962243267508,NC,NS
C15orf40,chr15:83663561:-,3.10860932513176,0.159747281233548,0.332050521350895,NC,NS
C15orf40,chr15:83663675:-,2.97895822747991,0.163476450389124,0.337781914052433,NC,NS
C15orf41,chr15:36912104:+,2.8141310528181,0.0156029447186473,0.0627989487187243,UP,NS
C15orf61,chr15:67815571:+,-0.463718950096539,0.507791167864552,0.664402211032243,NC,NS
C15orf61,chr15:67815782:+,-0.434483116494749,0.516540704839703,0.674037830450521,NC,NS
C16orf45,chr16:15658923:+,3.81481331331489,0.26269894703813,0.450925010688972,NC,NS
C16orf46,chr16:81092997:-,0.448780517591006,0.7119717159115,0.825489544427991,NC,NS
C16orf46,chr16:81093188:-,-1.04949654032451,0.382586104897088,0.55762508717432,NC,NS
C16orf46,chr16:81093353:-,-0.734437319937777,0.420263100327722,0.585624354580382,NC,NS
C16orf72,chr16:9197394:+,0.0576712205585244,0.948754956959549,0.969384405488963,NC,NS
C16orf72,chr16:9199125:+,0.789882864269898,0.0273335132165202,0.0948679567129722,UP,NS
C16orf72,chr16:9199163:+,0.803603857203678,0.018210321695809,0.0703017755527898,UP,NS
C16orf72,chr16:9199539:+,0.769220746926402,0.0149021378389639,0.0605890220370999,UP,NS
C16orf72,chr16:9200621:+,0.947548377308931,0.00467063870456226,0.0254505352031355,UP,IPA activation in Neurites
C16orf72,chr16:9205757:+,0.938603088386323,0.00125781897910679,0.00934434679745591,UP,IPA activation in Neurites
C16orf72,chr16:9205958:+,0.935688336566681,0.000904836421473544,0.0072836677806252,UP,IPA activation in Neurites
C16orf72,chr16:9206000:+,0.9361382905306,0.00082836751586776,0.00678957114117384,UP,IPA activation in Neurites
C16orf72,chr16:9206757:+,0.95040285267779,0.000536584872189704,0.00505749374322502,UP,IPA activation in Neurites
C16orf72,chr16:9207038:+,0.959626211551943,0.000423720920319741,0.00430443840976171,UP,IPA activation in Neurites
C18orf25,chr18:43802640:+,-0.326477359960057,0.691929150730649,0.810988910960741,NC,NS
C18orf25,chr18:43804859:+,0.154106370509791,0.730717108924515,0.838640655403106,NC,NS
C1orf21,chr1:184384150:+,5.436771851878,0.00186373115037147,0.0123723271182914,UP,IPA activation in Neurites
C1orf21,chr1:184476817:+,1.12623801993627,0.541627747787154,0.694848568608566,NC,NS
C1orf43,chr1:154182935:-,0.0272934330521792,0.916244056432415,0.951845341289524,NC,NS
C1orf43,chr1:154184215:-,0.335694541474939,0.206643214012864,0.380568918087184,NC,NS
C1orf43,chr1:154184282:-,0.322327551508822,0.198387704281252,0.372723771827248,NC,NS
C1orf43,chr1:154184338:-,0.295723300316915,0.226099402056149,0.405528820643281,NC,NS
C20orf194,chr20:3340823:-,0.337777058894005,0.830755141271944,0.904352241035633,NC,NS
C20orf194,chr20:3341140:-,0.580412919273856,0.675877557899133,0.799810359128692,NC,NS
C20orf194,chr20:3342325:-,0.738288831647112,0.764492124805438,0.86108268414917,NC,NS
C21orf59-TCP10L,chr21:33964389:-,-0.438122902166861,0.202536342962802,0.37659222195529,NC,NS
C21orf59-TCP10L,chr21:33969764:-,-0.613024734799909,0.0668743569855714,0.179092251564001,NC,NS
C21orf59-TCP10L,chr21:33971664:-,-0.620581238059139,0.0624354264315629,0.171547591765096,NC,NS
C21orf59-TCP10L,chr21:33972369:-,-0.613089074905136,0.0603259710931351,0.168028720858154,NC,NS
C21orf59-TCP10L,chr21:33972443:-,-0.608085551603279,0.0613441066866746,0.169892101956379,NC,NS
C21orf59-TCP10L,chr21:33972545:-,-0.598853566786358,0.0624180212091766,0.171547591765096,NC,NS
C21orf59-TCP10L,chr21:33973977:-,-0.602488270075325,0.0542181665937371,0.157370250650741,NC,NS
C21orf59-TCP10L,chr21:33974270:-,-0.588610218561918,0.102364673166732,0.239912459475978,NC,NS
C22orf39,chr22:19429298:-,-0.4366432918707,0.145806241145396,0.312827676108244,NC,NS
C22orf39,chr22:19429613:-,0,,1,NC,NS
C22orf39,chr22:19430673:-,-0.394407869001521,0.391002218955771,0.55762508717432,NC,NS
C22orf39,chr22:19430841:-,-0.270008050652142,0.391002218955771,0.55762508717432,NC,NS
C22orf39,chr22:19430889:-,-0.199660583630435,0.391002218955771,0.55762508717432,NC,NS
C22orf39,chr22:19431003:-,-0.581638306933486,0.391002218955771,0.55762508717432,NC,NS
C5orf24,chr5:134191798:+,1.2877931112146,0.380325594968309,0.55762508717432,NC,NS
C5orf51,chr5:41916963:+,-0.663019174144923,0.391002218955771,0.55762508717432,NC,NS
C5orf66,chr5:134472744:+,-2.76735258824022,0.391002218955771,0.55762508717432,NC,NS
C6orf106,chr6:34563490:-,-0.0999061758177673,0.919575451152646,0.953677354072629,NC,NS
C7orf55-LUC7L2,chr7:139090534:+,2.35524823729854,1.2267686138401e-05,0.000502667335220595,UP,IPA activation in Neurites
C7orf55-LUC7L2,chr7:139103342:+,-0.220111166636318,0.769360805663539,0.864198910516801,NC,NS
C7orf55-LUC7L2,chr7:139104577:+,0.252108064547588,0.175530483012268,0.353531179775536,NC,NS
C7orf55-LUC7L2,chr7:139104750:+,0.454486900251699,0.108618531422993,0.249376286187824,NC,NS
C7orf55-LUC7L2,chr7:139106109:+,-1.41613748500467,0.182634481573988,0.36107907192559,NC,NS
C7orf55-LUC7L2,chr7:139106251:+,-1.83957186501495,0.181701389257506,0.36107907192559,NC,NS
C7orf55-LUC7L2,chr7:139106640:+,0,,1,NC,NS
C8orf59,chr8:86127193:-,0,,1,NC,NS
C9orf129,chr9:96095398:-,1.77758325608062,0.0112984405334701,0.0492636304980872,UP,IPA activation in Neurites
C9orf129,chr9:96095980:-,1.88191406563414,0.0290110652083232,0.0994139741575358,UP,NS
C9orf129,chr9:96096045:-,1.84741135514999,0.0277157945424553,0.0957848410820936,UP,NS
C9orf3,chr9:97667469:+,1.15828661851383,0.0547036857943354,0.158351061912692,NC,NS
CA10,chr17:49953003:-,0.218496690354058,0.548822400021939,0.701120976242256,NC,NS
CA10,chr17:50219870:-,1.28250984355683,0.516125016297127,0.673676053997269,NC,NS
CACNA1B,chr9:141006119:+,-1.06779612597056,0.461214485105281,0.621681353053268,NC,NS
CACNA2D1,chr7:81585057:-,0,,1,NC,NS
CACNA2D1,chr7:81926935:-,-0.460057530207927,0.300599161963907,0.491173781771783,NC,NS
CACNA2D1,chr7:81927220:-,-0.49143085771163,0.275772626263797,0.464328581107141,NC,NS
CACNA2D1,chr7:81929045:-,-0.529421563633292,0.25598597616905,0.442811148254034,NC,NS
CACNA2D1,chr7:81929332:-,-0.515792198217148,0.26481009442507,0.452414212251611,NC,NS
CACYBP,chr1:174977843:+,0.461557471158254,0.011150956460972,0.0488833821072883,UP,IPA activation in Neurites
CADM1,chr11:115069875:-,-0.0373540300922932,0.991045995322323,0.994725621542579,NC,NS
CADM2,chr3:85070305:+,4.73402442520701,0.000878835881375323,0.00710368006440585,UP,IPA activation in Neurites
CADM2,chr3:85091710:+,4.96454362441902,0.000765921367238859,0.00647043988365328,UP,IPA activation in Neurites
CADM2,chr3:85094847:+,4.93640302433354,0.000804275189253729,0.0066785035339738,UP,IPA activation in Neurites
CADM2,chr3:85264540:+,2.14962345742267,0.376990569334238,0.55762508717432,NC,NS
CADPS,chr3:62413972:-,-5.13253278913116,0.0582885434526969,0.16531827072163,NC,NS
CALD1,chr7:134632521:+,1.21305491912232,0.0279611759071834,0.096439032571628,UP,NS
CALN1,chr7:71354301:-,7.42836978776058,0.000213401620494871,0.0026355641759595,UP,IPA activation in Neurites
CALR,chr19:13050050:+,-0.465261409037083,0.161404040652672,0.334707566122263,NC,NS
CALU,chr7:128399092:+,0.275166904560599,0.269294041746349,0.456898468318596,NC,NS
CALY,chr10:135144463:-,-1.76100612577501,0.00975630225849726,0.0439168980479627,DN,IPA suppression in Neurites
CAMK1D,chr10:12823221:+,1.97107399216136,0.413585881797057,0.579305958786552,NC,NS
CAMSAP1,chr9:138757090:-,2.60680256029242,6.27897589733646e-05,0.00130570498788202,UP,IPA activation in Neurites
CAMSAP2,chr1:200816515:+,0.136720063890738,0.744109692223831,0.846979593534775,NC,NS
CAMTA1,chr1:7279632:+,-1.69222483218895,0.0323518439899751,0.107342361221434,DN,NS
CAMTA1,chr1:7430331:+,-0.802068978928688,0.166783885042172,0.341912487456508,NC,NS
CAMTA1,chr1:7774539:+,-1.32152096298202,0.488811922316893,0.646523189452025,NC,NS
CANX,chr5:179134192:+,0.493063399344687,0.000194126527991496,0.00249899387620799,UP,IPA activation in Neurites
CAPRIN1,chr11:34100616:+,1.89195497462371,0.319246859471446,0.511562679478015,NC,NS
CAPRIN1,chr11:34120607:+,-0.426291638809999,0.0437093611547017,0.133394236336422,DN,NS
CARS,chr11:3023123:-,-0.060201917858157,0.572493062044855,0.719803474492588,NC,NS
CASC3,chr17:38325988:+,0.0336793179913211,0.86806202374298,0.925704538140114,NC,NS
CASK,chrX:41533083:-,0,,1,NC,NS
CASK,chrX:41534081:-,0,,1,NC,NS
CASK,chrX:41556863:-,2.0532610545263,0.391002218955771,0.55762508717432,NC,NS
CASK,chrX:41649373:-,7.87827491784772,0.000151409736830906,0.00216058586339938,UP,IPA activation in Neurites
CASZ1,chr1:10781375:-,1.49126218598552,0.481099299694565,0.639323125256507,NC,NS
CBFA2T2,chr20:32113911:+,-1.78425824271892,0.444653353009071,0.607434928619354,NC,NS
CBFA2T2,chr20:32114262:+,-1.82183170503896,0.451535443288791,0.61339236935881,NC,NS
CBFA2T2,chr20:32114361:+,-1.84041180814475,0.450630464399948,0.613190111792546,NC,NS
CBFB,chr16:67078031:+,0.279546812142264,0.734602361211371,0.840874237303784,NC,NS
CBFB,chr16:67078108:+,0.29082887873552,0.73075141366814,0.838640655403106,NC,NS
CBFB,chr16:67078776:+,0.422219046259594,0.559384180268482,0.709398858792399,NC,NS
CBFB,chr16:67107006:+,-1.52574991435157,0.391002218955771,0.55762508717432,NC,NS
CBL,chr11:119142444:+,0,,1,NC,NS
CBR4,chr4:169921291:-,3.13541433449042,0.0929536424059431,0.225592231395172,NC,NS
CBWD2,chr2:114228248:+,1.73956782083884,0.205172802185033,0.378899884598613,NC,NS
CBX1,chr17:46152367:-,0.551680798777586,0.00661062248886358,0.0333339782702696,UP,IPA activation in Neurites
CBX5,chr12:54639898:-,0.381295157164317,0.0190583058642243,0.0726784610778336,UP,NS
CBX5,chr12:54665638:-,-1.86577389929378,0.391002218955771,0.55762508717432,NC,NS
CBX5,chr12:54665713:-,1.4417435542055,0.719543453941861,0.830989766873605,NC,NS
CCAR1,chr10:70538400:+,-1.00562473132448,0.6227237689911,0.759310790577922,NC,NS
CCAR1,chr10:70545976:+,0.953446824832478,0.391002218955771,0.55762508717432,NC,NS
CCDC117,chr22:29179637:+,1.33571358655982,0.00143450560314915,0.0103873575370889,UP,IPA activation in Neurites
CCDC127,chr5:214012:-,-0.137679178800636,0.739762333625731,0.844541937263894,NC,NS
CCDC180,chr9:100105871:+,-0.191432965066332,0.542492129765234,0.695774038860734,NC,NS
CCDC32,chr15:40840695:-,0.321809281118955,0.691990538082408,0.810988910960741,NC,NS
CCDC32,chr15:40845817:-,0.557071279147892,0.108542386370764,0.249376286187824,NC,NS
CCDC84,chr11:118881411:+,-0.633138985684504,0.81320265956002,0.89228866223148,NC,NS
CCDC88C,chr14:91850838:-,0.32997703321477,0.877275044499245,0.931650014520586,NC,NS
CCDC90B,chr11:82991183:-,0.618946516225516,0.00825755320776787,0.0387475929691403,UP,IPA activation in Neurites
CCDC92,chr12:124445263:-,0.917688930335661,0.620172047375297,0.757762539090726,NC,NS
CCDC92,chr12:124447102:-,-0.580150099087518,0.737977822420163,0.842930667308113,NC,NS
CCDC92,chr12:124450623:-,-2.15852290152535,0.158710615174149,0.330379601721084,NC,NS
CCDC92,chr12:124452570:-,-0.0722674173669233,0.942872735197516,0.965537088525468,NC,NS
CCDC92,chr12:124453635:-,1.03929390005694,0.525775105144564,0.681023994169222,NC,NS
CCDC92,chr12:124454537:-,0.5865805624952,0.77408893467226,0.867686679030184,NC,NS
CCNC,chr6:100010646:-,1.24932109891532,0.106304581249701,0.246372469778052,NC,NS
CCNI,chr4:77971553:-,0,,1,NC,NS
CCNI,chr4:77977037:-,0.0753450858964226,0.346684026783656,0.539981035695755,NC,NS
CCNL2,chr1:1326993:-,1.50341166963082,0.391002218955771,0.55762508717432,NC,NS
CCNL2,chr1:1327038:-,2.33222886023453,0.211909442457385,0.387359634484462,NC,NS
CCNL2,chr1:1327237:-,1.71165572934195,0.283449391815075,0.471704767637536,NC,NS
CCNYL1,chr2:208607158:+,3.852142152401,0.00069857495029322,0.00608097622205153,UP,IPA activation in Neurites
CCPG1,chr15:55651037:-,0.724347809343526,0.167150409818783,0.342320662532911,NC,NS
CCSER1,chr4:91260157:+,1.73722660773308,0.304515611815249,0.495742043189361,NC,NS
CCSER2,chr10:86153474:+,0.121571505888917,0.944601237373275,0.966245453239091,NC,NS
CCT2,chr12:69993785:+,0.0837623930189029,0.557319755832531,0.708072567070782,NC,NS
CCT4,chr2:62103134:-,0.752812697689632,0.0182328073875094,0.0703017755527898,UP,NS
CCT4,chr2:62104436:-,0.83811974760113,0.0661040531990381,0.177767553263098,NC,NS
CD24,chrY:21169901:-,-3.69010440262091,0.333488955245969,0.526869239034703,NC,NS
CD24,chrY:21412262:-,-5.43200800991428,0.186034313098735,0.362420360169629,NC,NS
CD46,chr1:207959052:+,0.555727792932197,0.175696415934723,0.353718973909127,NC,NS
CD55,chr1:207504642:+,0.60744446332645,0.233409034544593,0.414816786739952,NC,NS
CDC27,chr17:45206668:-,2.58359614202825,0.00201263393511748,0.0131456063466868,UP,IPA activation in Neurites
CDC40,chr6:110530519:+,1.6313265566603,0.000622288174437212,0.00559714280371806,UP,IPA activation in Neurites
CDC42,chr1:22416623:+,0.754775078480348,0.011427718518716,0.0496937250331295,UP,IPA activation in Neurites
CDC42,chr1:22417300:+,0.521625245149292,0.0226410776912577,0.0827113243586035,UP,NS
CDC42BPA,chr1:227368612:-,2.94933061136967,0.00629543607785883,0.032178142809728,UP,IPA activation in Neurites
CDC42SE2,chr5:130695308:+,-0.860657475210435,0.0489869820747514,0.145847998400419,DN,NS
CDC73,chr1:193132059:+,0,,1,NC,NS
CDH13,chr16:83249118:+,0,,1,NC,NS
CDH13,chr16:83477341:+,-0.326486880952813,0.805992384847034,0.888527173689549,NC,NS
CDH13,chr16:83579223:+,1.15949043458297,0.639449379536205,0.772482790671095,NC,NS
CDH13,chr16:83597225:+,-0.242334279174377,0.909814651542352,0.949015668682761,NC,NS
CDH13,chr16:83635748:+,-1.39466988110337,0.0974331129216906,0.23274890892339,NC,NS
CDH13,chr16:83651710:+,-1.61210331467315,0.183670777743907,0.361870581595234,NC,NS
CDH4,chr20:59873774:+,-1.19126170880918,0.215150782244474,0.391666182716651,NC,NS
CDH4,chr20:60110620:+,1.98656593891354,0.1024037215991,0.239912459475978,NC,NS
CDH7,chr18:63461841:+,1.13874732274118,0.755786511169434,0.855070254208432,NC,NS
CDH8,chr16:61759090:-,-0.533969946755162,0.016264232407453,0.0648171620758939,DN,NS
CDH8,chr16:61760005:-,-0.512229911710223,0.0483587324468425,0.144897532072867,DN,NS
CDH8,chr16:61760082:-,-0.496393994113117,0.0519495176185875,0.152280935380751,NC,NS
CDH8,chr16:61998439:-,-0.183384102545908,0.91289080433581,0.950790883783304,NC,NS
CDK13,chr7:40009516:+,1.10497894155277,0.587390678915014,0.73100845104871,NC,NS
CDK14,chr7:90251662:+,2.02521840452962,0.391002218955771,0.55762508717432,NC,NS
CDK14,chr7:90251699:+,2.04154411793132,0.391002218955771,0.55762508717432,NC,NS
CDK14,chr7:90433982:+,0,,1,NC,NS
CDK14,chr7:90576907:+,4.59437457730441,0.187799518383548,0.363821378353169,NC,NS
CDK14,chr7:90578475:+,2.09946299616721,0.391002218955771,0.55762508717432,NC,NS
CDK14,chr7:90705591:+,4.96549274098723,0.0188021693830817,0.0719837578427031,UP,NS
CDK6,chr7:92262248:-,0.475299060442503,0.796537767331554,0.882101223449099,NC,NS
CDK6,chr7:92338292:-,-1.45890396967659,0.361062477646723,0.553324630281528,NC,NS
CDKAL1,chr6:20559906:+,1.27981283351851,0.167964347633035,0.343404410807828,NC,NS
CDKAL1,chr6:20600489:+,-2.0299183527829,0.300831542778869,0.491388481759643,NC,NS
CDKAL1,chr6:20600848:+,-1.99156323494364,0.318497972843756,0.510982900052,NC,NS
CDKAL1,chr6:20620710:+,-0.152623080070645,0.929928121307552,0.959666492265863,NC,NS
CDKAL1,chr6:20895359:+,-1.88103142804272,0.331973710032664,0.524986699063681,NC,NS
CDV3,chr3:133306114:+,0.423625323671284,0.160501137785949,0.333475036919909,NC,NS
CDV3,chr3:133306177:+,0.641637827463513,0.113690776206996,0.258312586987394,NC,NS
CEBPZ,chr2:37432929:-,0,,1,NC,NS
CEBPZ,chr2:37442021:-,-0.74821698983178,0.0207122056004764,0.0774677882028579,DN,NS
CEBPZOS,chr2:37429240:+,-0.128068566427511,0.346025066679492,0.539320299315313,NC,NS
CEBPZOS,chr2:37429265:+,-0.210988154684261,0.142378265374518,0.307370292507722,NC,NS
CEBPZOS,chr2:37429328:+,-0.285551273722112,0.106203317743451,0.246372469778052,NC,NS
CEBPZOS,chr2:37429377:+,-0.463610271615779,0.0372334798073136,0.11903949588856,DN,NS
CEBPZOS,chr2:37429847:+,-0.114865529037591,0.391002218955771,0.55762508717432,NC,NS
CEBPZOS,chr2:37429921:+,-0.443836399337601,0.391002218955771,0.55762508717432,NC,NS
CEBPZOS,chr2:37430659:+,-0.513203457214817,0.581336723971094,0.726499294971114,NC,NS
CEBPZOS,chr2:37441306:+,0.0840216659525082,0.506270145947395,0.663661241966601,NC,NS
CECR2,chr22:17899733:+,-0.137293455985184,0.903642184806054,0.945008139107298,NC,NS
CECR2,chr22:17914754:+,-0.530716049856829,0.593750715596791,0.736287202368498,NC,NS
CECR2,chr22:18018878:+,0.372803483565417,0.22198289103701,0.400062499180034,NC,NS
CELF1,chr11:47535484:-,1.26629092023717,0.57685797208454,0.723385160781792,NC,NS
CELF2,chr10:11128573:+,0.868585459823444,0.31253260279626,0.504238609153383,NC,NS
CELF5,chr19:3294242:+,0,,1,NC,NS
CELSR1,chr22:46892833:-,0.503478553273482,0.802041233455281,0.886301065219035,NC,NS
CEP170,chr1:243375142:-,1.04393876978582,0.00226721774097767,0.0143649499057257,UP,IPA activation in Neurites
CEP295,chr11:93454730:+,-0.915297210569952,0.255209557449629,0.441939397348716,NC,NS
CEP295,chr11:93455032:+,-2.71441330939062,0.00168100735505032,0.0115508265128396,DN,IPA suppression in Neurites
CEP350,chr1:180006243:+,1.09366142844398,0.0060356445279031,0.0309804285577811,UP,IPA activation in Neurites
CEP68,chr2:65301624:+,0.308040642774327,0.143666008946575,0.3094638333484,NC,NS
CEP68,chr2:65304959:+,0,,1,NC,NS
CEP70,chr3:138255986:-,2.23923013108134,0.00179417658423918,0.012050477257808,UP,IPA activation in Neurites
CEP83,chr12:94778336:-,2.97370433688168,0.192866212749425,0.367285942012347,NC,NS
CEP89,chr19:33392150:-,3.33678499946697,0.000132237551800057,0.00200457298149245,UP,IPA activation in Neurites
CEP89,chr19:33428436:-,1.2549049237109,0.045678856118769,0.138253856849029,UP,NS
CEP89,chr19:33459815:-,-0.784574838254679,0.007737087598915,0.0372759091646737,DN,IPA suppression in Neurites
CEP95,chr17:62527137:+,2.5209125314548,0.0030843577308098,0.0182807365628751,UP,IPA activation in Neurites
CERS6,chr2:169349816:+,-0.0579238551281129,0.985165531100892,0.991482000896989,NC,NS
CFAP36,chr2:55762995:+,-0.103662584755994,0.400268553781313,0.567844543061186,NC,NS
CFAP36,chr2:55768812:+,-1.32096568911637,0.154127865147919,0.324248245486283,NC,NS
CFDP1,chr16:75371436:-,-1.91201103769365,0.450980626643503,0.613323568822606,NC,NS
CFDP1,chr16:75412643:-,1.51587469825279,0.0501140517778459,0.14797025239745,NC,NS
CFDP1,chr16:75413693:-,1.69654191544272,0.0369656791512682,0.118416718071146,UP,NS
CFDP1,chr16:75425454:-,3.19653776333592,0.129065390394689,0.285123790291252,NC,NS
CFDP1,chr16:75448475:-,0.288291175557728,0.0492775496746652,0.146478043199096,UP,NS
CFLAR,chr2:202005237:+,0.883225272121402,0.000111077175176369,0.00180871415332462,UP,IPA activation in Neurites
CFLAR,chr2:202029824:+,-0.160225548567198,0.638664346471274,0.772301369266705,NC,NS
CFLAR,chr2:202030680:+,-0.499527112994898,0.203524058403665,0.377851227849001,NC,NS
CHCHD3,chr7:132630093:-,-1.66285309256486,0.268887156126154,0.456367248590815,NC,NS
CHCHD3,chr7:132630708:-,0.620565075037023,0.68154105650683,0.803386332597441,NC,NS
CHCHD3,chr7:132646178:-,-1.62021709522607,0.465722747489174,0.626323474570279,NC,NS
CHCHD3,chr7:132716891:-,4.14574208362983,1.05134403869878e-08,7.3083429890118e-06,UP,IPA activation in Neurites
CHCHD3,chr7:132718834:-,4.14968892628975,9.6983833075424e-09,7.3083429890118e-06,UP,IPA activation in Neurites
CHCHD3,chr7:132718901:-,4.1490244769908,9.61066729098526e-09,7.3083429890118e-06,UP,IPA activation in Neurites
CHCHD3,chr7:132719269:-,4.14378393126764,9.62768378555714e-09,7.3083429890118e-06,UP,IPA activation in Neurites
CHCHD3,chr7:132719472:-,4.14295396461581,9.74889220242943e-09,7.3083429890118e-06,UP,IPA activation in Neurites
CHCHD3,chr7:132719789:-,4.1320017761544,5.74687558585912e-09,7.3083429890118e-06,UP,IPA activation in Neurites
CHCHD3,chr7:132719967:-,4.10446709549875,5.90272250255764e-08,2.39355397478712e-05,UP,IPA activation in Neurites
CHCHD3,chr7:132720017:-,4.13164275713998,0.000149434013058218,0.00214497317858787,UP,IPA activation in Neurites
CHCHD3,chr7:132720142:-,4.18436435964387,7.51905459967144e-05,0.00146938633261049,UP,IPA activation in Neurites
CHCHD3,chr7:132720245:-,4.19319903845039,6.58722960583672e-05,0.00134293290432597,UP,IPA activation in Neurites
CHCHD3,chr7:132720404:-,3.02872255710021,0.0753998531537198,0.195469198426212,NC,NS
CHD2,chr15:93536229:+,1.27945497841694,0.00189098545458309,0.0125020858994583,UP,IPA activation in Neurites
CHD3,chr17:7804050:+,0.395762701624178,0.217072086368832,0.394131631444304,NC,NS
CHD3,chr17:7809639:+,-1.72548495437286,0.00162836811387584,0.0112711795762729,DN,IPA suppression in Neurites
CHD4,chr12:6686947:-,0.616454863786137,0.00415302181167543,0.0231912041001323,UP,IPA activation in Neurites
CHD4,chr12:6701558:-,0.540719692797459,0.198875850685291,0.373208596002556,NC,NS
CHD6,chr20:40168979:-,4.38537061526229,0.101018807228956,0.238504374563851,NC,NS
CHD9,chr16:53130581:+,4.83566101407699,0.0566425404412926,0.16222636950402,NC,NS
CHD9,chr16:53226850:+,-0.315956092451879,0.915515332850765,0.951494577029436,NC,NS
CHIC2,chr4:54905915:-,0.595823133666094,0.477261182351434,0.636059215678363,NC,NS
CHMP3,chr2:86756547:-,0,,1,NC,NS
CHMP3,chr2:86766742:-,0.954608616763235,0.378290217950131,0.55762508717432,NC,NS
CHMP3,chr2:86774858:-,6.3200066572558,0.00255505540026517,0.0157777913422466,UP,IPA activation in Neurites
CHN1,chr2:175849264:-,6.94586631495369,0.000709774669278608,0.00613457112026591,UP,IPA activation in Neurites
CHN2,chr7:29442527:+,2.79175370053085,0.000204178801680506,0.00255693421460021,UP,IPA activation in Neurites
CHN2,chr7:29442834:+,2.70110471208824,0.000300498221648137,0.00336143527940191,UP,IPA activation in Neurites
CHN2,chr7:29479393:+,-1.44205007453415,0.391002218955771,0.55762508717432,NC,NS
CHN2,chr7:29483254:+,-4.65149549554539,0.0917371842187089,0.223200222137021,NC,NS
CHPT1,chr12:102120327:+,0.996600012133252,0.0171134031144487,0.0674281939715848,UP,NS
CHRM2,chr7:136562620:+,-1.2620313764077,0.0938076331683889,0.226748279178934,NC,NS
CHRM2,chr7:136623710:+,-1.26270935615303,0.498763478750131,0.656296129691221,NC,NS
CHRM3,chr1:239956151:+,3.70706895385347,0.0275176571449626,0.0953031456707388,UP,NS
CHRM3,chr1:240021836:+,0.935141274000264,0.569445396960912,0.718041280542057,NC,NS
CHRNA3,chr15:78886469:-,-2.83542669804108,0.132662782220093,0.291044679117661,NC,NS
CHRNA3,chr15:78887651:-,-0.675064915698592,0.290310465033494,0.480003643511037,NC,NS
CHRNA5,chr15:78882443:+,0.666751193913165,0.015159025094302,0.0614662979228726,UP,NS
CHRNA5,chr15:78882594:+,0.366932686127522,0.443147438122001,0.605888011773436,NC,NS
CHRNA5,chr15:78883797:+,1.06636389875934,0.142554316343836,0.307613881742396,NC,NS
CHRNA5,chr15:78883968:+,-0.684920096670494,0.391740986003148,0.558187888108731,NC,NS
CHRNA5,chr15:78884159:+,-0.612834964338118,0.57919938803271,0.725079552911543,NC,NS
CHRNA5,chr15:78884314:+,0.890813195319179,0.618993003321054,0.757541984498979,NC,NS
CHRNA5,chr15:78885207:+,0,,1,NC,NS
CHSY3,chr5:129477886:+,0.182264544870494,0.842732840941402,0.910067836786928,NC,NS
CHTOP,chr1:153610750:+,-0.364945546614692,0.836595780093427,0.907057724138729,NC,NS
CINP,chr14:102825755:-,1.44481543218165,0.060369689076338,0.168054294648433,NC,NS
CIR1,chr2:175215387:-,-0.134461455191671,0.348080284159897,0.541136952946344,NC,NS
CIRBP,chr19:1272547:+,0.0781844539138293,0.879707009741786,0.932198238110525,NC,NS
CIRBP,chr19:1272784:+,0,,1,NC,NS
CIRBP,chr19:1273122:+,0.174509809510548,0.0591958308014946,0.166715821447466,NC,NS
CIRBP,chr19:1273171:+,0.162531871033342,0.102551976101528,0.239912459475978,NC,NS
CIZ1,chr9:130960099:-,1.02085578917828,0.554517603327877,0.705802421604355,NC,NS
CLASP2,chr3:33607874:-,-5.55667613145863,0.0933988191295526,0.226430188767987,NC,NS
CLASP2,chr3:33710719:-,3.59960764504884,0.150568100660108,0.319661595904051,NC,NS
CLCN3,chr4:170579055:+,0,,1,NC,NS
CLCN4,chrX:10176722:+,0.301294229110404,0.289523264513586,0.479098092676376,NC,NS
CLEC16A,chr16:11104765:+,2.38040789283692,0.229864942820707,0.409715315665041,NC,NS
CLEC16A,chr16:11107100:+,0.530886844069784,0.745925611378945,0.848252868653879,NC,NS
CLIP1,chr12:122795538:-,1.0644585881505,0.652913438381184,0.7831098819726,NC,NS
CLIP1,chr12:122805610:-,2.74751773605774,0.0612099597704983,0.16971376879957,NC,NS
CLMP,chr11:122968661:-,0.192092527399256,0.959976326884961,0.975615038977072,NC,NS
CLMP,chr11:123006259:-,-0.679323393626206,0.151072699233112,0.320260967800692,NC,NS
CLN5,chr13:77574111:+,2.49470142154585,0.014317101091987,0.0590525088604924,UP,NS
CLOCK,chr4:56389681:-,0,,1,NC,NS
CLPB,chr11:72019570:-,-0.557560029976962,0.639007344783397,0.772352263391254,NC,NS
CLSTN2,chr3:140223218:+,7.38688421732073,0.000777097682103456,0.00651958158813003,UP,IPA activation in Neurites
CLTA,chr9:36204239:+,0.428311926782845,0.0322944862400958,0.107342361221434,UP,NS
CLTC,chr17:57762688:+,-0.186388385641773,0.44672892595314,0.60931334041793,NC,NS
CMAS,chr12:22215369:+,0.219570173555441,0.279982849549012,0.468958960472015,NC,NS
CMIP,chr16:81508964:+,0.341267548963052,0.879536077215761,0.932198238110525,NC,NS
CMIP,chr16:81510220:+,-2.39183532758475,0.144675735530591,0.311225521260767,NC,NS
CMIP,chr16:81512990:+,-2.35049900999102,0.200877949923682,0.374775908797537,NC,NS
CMIP,chr16:81571176:+,-2.20644478627311,0.53908480839037,0.693047999373195,NC,NS
CMSS1,chr3:99687287:+,-0.0906243263801239,0.891172257142078,0.938039838027725,NC,NS
CMSS1,chr3:99895350:+,0.452548588243769,0.215445231131921,0.392055532792792,NC,NS
CNKSR2,chrX:21427337:+,-1.89771573620404,0.438156743700802,0.601430385006518,NC,NS
CNNM2,chr10:104685991:+,0.848075762475121,0.601812305536155,0.743442162665379,NC,NS
CNNM2,chr10:104702391:+,4.34048320969067,0.153288983101234,0.323462355494624,NC,NS
CNNM2,chr10:104720184:+,1.54125417571408,0.20050384642976,0.374715117571497,NC,NS
CNOT4,chr7:135054721:-,-0.0285275140174175,0.95499638104498,0.972339582234762,NC,NS
CNOT4,chr7:135055703:-,1.23085428414258,0.398588266007536,0.56562569331953,NC,NS
CNOT4,chr7:135059266:-,-1.15057550914251,0.454482272983209,0.616019704829051,NC,NS
CNOT4,chr7:135061434:-,-0.633580326710504,0.261817187307361,0.450617362988775,NC,NS
CNOT4,chr7:135067261:-,-0.669310757507945,0.0568648671978514,0.162767319873379,NC,NS
CNOT4,chr7:135067415:-,-0.738934197760205,0.0597539021588016,0.167104878106166,NC,NS
CNOT4,chr7:135067760:-,-0.775293908545819,0.0720079993098701,0.188686550695653,NC,NS
CNOT4,chr7:135162273:-,3.17019250654841,0.07254637517666,0.189813392774649,NC,NS
CNOT7,chr8:17087938:-,-10.7631253741722,0.460907870552978,0.62161244404401,NC,NS
CNOT7,chr8:17088036:-,-0.410853903045719,0.536644259548869,0.690823007133544,NC,NS
CNOT7,chr8:17088124:-,-0.416258878246851,0.530170531576988,0.685283923046607,NC,NS
CNOT7,chr8:17088593:-,2.17128644931908,0.0020549237918431,0.0133084266441752,UP,IPA activation in Neurites
CNOT7,chr8:17088846:-,0.919299742167106,0.0161598263569259,0.0645597003717581,UP,NS
CNOT7,chr8:17089021:-,0.551503773484612,0.0654934676761686,0.177050674284576,NC,NS
CNOT7,chr8:17089075:-,0.478537456343444,0.080795895860191,0.204756521625115,NC,NS
CNOT7,chr8:17089866:-,0.153251152948398,0.71754763558138,0.829552576559514,NC,NS
CNPY3-GNMT,chr6:42906405:+,1.31287451245201,0.000353430668411942,0.00382176362776113,UP,IPA activation in Neurites
CNPY3-GNMT,chr6:42907001:+,1.27354313451717,0.000442825891384431,0.00443049973828189,UP,IPA activation in Neurites
CNPY3-GNMT,chr6:42907032:+,1.27657326305722,0.000444324675766864,0.00443049973828189,UP,IPA activation in Neurites
CNPY3-GNMT,chr6:42907321:+,1.24325885614236,0.000382425558712894,0.00401918524556575,UP,IPA activation in Neurites
CNPY3-GNMT,chr6:42907647:+,1.21085622153943,0.000229481833941969,0.0027594932231803,UP,IPA activation in Neurites
CNPY3-GNMT,chr6:42911167:+,1.20043708222139,0.00177860792884163,0.012003753372737,UP,IPA activation in Neurites
CNPY3-GNMT,chr6:42911988:+,1.21332335705057,0.0015051631903728,0.0107549546025757,UP,IPA activation in Neurites
CNPY3-GNMT,chr6:42915495:+,1.26447949462402,0.00364740941614962,0.0208895980132429,UP,IPA activation in Neurites
CNR1,chr6:88865662:-,0,,1,NC,NS
CNST,chr1:246819492:+,3.41438335706525,0.182050103057577,0.36107907192559,NC,NS
CNTFR,chr9:34561351:-,-0.997850774397915,0.0334534608843366,0.109667354623508,DN,NS
CNTN1,chr12:41265016:+,1.47900616571827,0.0392858807637461,0.123355988002856,UP,NS
CNTN1,chr12:41367362:+,2.03503747293425,0.286315689072501,0.475174673610774,NC,NS
CNTN1,chr12:41373047:+,5.79743181378381,8.20721864287971e-05,0.00157851090578074,UP,IPA activation in Neurites
CNTN5,chr11:99615304:+,-0.422294191802949,0.504739023127761,0.662437044790872,NC,NS
CNTNAP2,chr7:146067381:+,0.919774335816576,0.12368432693094,0.275823984805661,NC,NS
CNTNAP2,chr7:146528790:+,8.00689506650193,0.000499125908934594,0.00479989461042636,UP,IPA activation in Neurites
CNTNAP2,chr7:147721271:+,-0.00321609709860837,0.995159408540736,0.996388000403132,NC,NS
CNTNAP5,chr2:124827996:+,7.49309149793291,0.00033681635015383,0.00368873872635029,UP,IPA activation in Neurites
CNTNAP5,chr2:125000022:+,1.60169889949165,0.00396891055334816,0.0223526837414261,UP,IPA activation in Neurites
CNTNAP5,chr2:125150287:+,5.15853075964978,0.00589526656382928,0.0304849809772511,UP,IPA activation in Neurites
CNTNAP5,chr2:125586349:+,3.66089382471532,0.185388265407812,0.362420360169629,NC,NS
COA1,chr7:43652498:-,-0.933855187761102,0.0180372537915889,0.0701032563497378,DN,NS
COA1,chr7:43654385:-,-0.646509075001372,0.0343724369556913,0.111727640765794,DN,NS
COA1,chr7:43660812:-,-0.932307309812766,0.141748524619318,0.30628255808064,NC,NS
COA1,chr7:43663475:-,-0.424219485196081,0.0175899183404664,0.0686399967066148,DN,NS
COA1,chr7:43663738:-,-0.474923018576683,0.012322249441223,0.0524607370802828,DN,NS
COA1,chr7:43663934:-,-0.62991820149035,0.0329871435358917,0.108824027420779,DN,NS
COA1,chr7:43663964:-,-0.653390975726322,0.0229392836193184,0.083443986590328,DN,NS
COA1,chr7:43664046:-,-0.63469478764153,0.031578175696022,0.105540194262593,DN,NS
COA1,chr7:43665545:-,-0.672399895612864,0.288730466635675,0.478409707051406,NC,NS
COA1,chr7:43666134:-,-0.701065854217329,0.264100295966552,0.451782077450813,NC,NS
COA1,chr7:43667209:-,-0.490396846249803,0.265085331637598,0.452452331190299,NC,NS
COCH,chr14:31355615:+,0.540621059244088,0.31005562208264,0.501691010167226,NC,NS
COG5,chr7:106900565:-,-1.62370813322239,0.210498914230808,0.38565049572557,NC,NS
COMMD10,chr5:115593886:+,1.34018123624291,0.00175384620707633,0.0119359659351516,UP,IPA activation in Neurites
COMMD10,chr5:115594229:+,1.21304726323076,0.00153056292700867,0.0108637254339441,UP,IPA activation in Neurites
COMMD10,chr5:115599659:+,1.38123120840578,0.00108076453796252,0.00834761943131053,UP,IPA activation in Neurites
COMMD10,chr5:115612766:+,1.32562124751913,0.000742247505943955,0.00632535265135427,UP,IPA activation in Neurites
COMMD3-BMI1,chr10:22609235:+,0.654602392423184,0.048090436672747,0.144182418268384,UP,NS
COMMD3-BMI1,chr10:22609357:+,0.651979638611072,0.0552451487393897,0.159105534351287,NC,NS
COPA,chr1:160307606:-,-0.399881079767283,0.303850942984363,0.494825531647225,NC,NS
COPG2,chr7:130280151:-,0,,1,NC,NS
COPS4,chr4:83989754:+,0.28973650111931,0.1857872016456,0.362420360169629,NC,NS
COPZ1,chr12:54739300:+,-0.148466097299605,0.459532793543094,0.620838226127823,NC,NS
CORO1C,chr12:109044527:-,4.32482414379666,0.078244382487572,0.200282569797225,NC,NS
CORO1C,chr12:109046024:-,3.06939548789719,3.72037737217072e-07,6.40482010851583e-05,UP,IPA activation in Neurites
CORO2B,chr15:68957997:+,0.144082070697912,0.942660043400789,0.965537088525468,NC,NS
CORO2B,chr15:68958151:+,-3.19626724916744,0.151138593970616,0.320260967800692,NC,NS
CORO7-PAM16,chr16:4395291:-,-0.729266859364267,0.391002218955771,0.55762508717432,NC,NS
COX10,chr17:13989783:+,0.00866176834239507,0.99275067733726,0.994999957965624,NC,NS
COX10,chr17:14108501:+,2.77252213749698,0.0008168407751628,0.00671410002017261,UP,IPA activation in Neurites
COX19,chr7:1012749:-,0.80745321540261,0.0263714893563298,0.0927861892634176,UP,NS
COX20,chr1:244999848:+,-3.28586047799143,0.000841852239633824,0.00685863267322193,DN,IPA suppression in Neurites
COX6B1,chr19:36145576:+,0.0379612831433639,0.722572456829944,0.832789572461987,NC,NS
COX7A2L,chr2:42566312:-,2.3644592336912,0.000116558730338055,0.0018645441841953,UP,IPA activation in Neurites
COX7A2L,chr2:42576478:-,2.37117331400982,4.64208998629203e-05,0.00106432656234388,UP,IPA activation in Neurites
COX7A2L,chr2:42576852:-,2.38367863761388,4.44144826089819e-05,0.00103384013536246,UP,IPA activation in Neurites
COX7A2L,chr2:42577642:-,2.4627661449994,4.91658992555562e-05,0.00111418236749746,UP,IPA activation in Neurites
COX7A2L,chr2:42577764:-,2.46981699874409,6.65619332151506e-05,0.00134649857408586,UP,IPA activation in Neurites
COX7A2L,chr2:42577848:-,2.48764319387758,5.29384773458153e-05,0.00117624945554675,UP,IPA activation in Neurites
COX7A2L,chr2:42577890:-,2.50771800430431,6.72419478365405e-05,0.00134963026054221,UP,IPA activation in Neurites
COX7A2L,chr2:42578150:-,2.35529440545308,0.000678473220681954,0.00597007358379456,UP,IPA activation in Neurites
COX7A2L,chr2:42578268:-,2.16923832465193,0.000758970376149683,0.0064228693049467,UP,IPA activation in Neurites
COX7A2L,chr2:42580258:-,2.66034742127715,0.000222836648961545,0.00269062812368953,UP,IPA activation in Neurites
CPE,chr4:166308302:+,-1.629944157746,0.0360586661338915,0.116276653020223,DN,NS
CPE,chr4:166327700:+,-1.29640448468416,0.0517091047970947,0.15194233329871,NC,NS
CPEB4,chr5:173367732:+,0.296437570465389,0.930083678077643,0.959666492265863,NC,NS
CPNE1,chr20:34226604:-,0.275211404029561,0.441802193565858,0.604728403344997,NC,NS
CPNE1,chr20:34236164:-,0.169364286350469,0.570453336363835,0.718381453091724,NC,NS
CPNE1,chr20:34236852:-,0.209802263398194,0.472675067667874,0.63327006587882,NC,NS
CPNE1,chr20:34236877:-,0.211057662986327,0.468387288229301,0.628918263222028,NC,NS
CPNE1,chr20:34237474:-,0.225317699798571,0.416335833058346,0.581650922670661,NC,NS
CPNE1,chr20:34237714:-,0.239391903308518,0.413279543224865,0.579043552355944,NC,NS
CPNE1,chr20:34237777:-,0.236052561148039,0.424195405358105,0.588604040954877,NC,NS
CPNE1,chr20:34238063:-,0.230288416813783,0.418618046379201,0.584000978693003,NC,NS
CPNE1,chr20:34238144:-,0.239549254633177,0.401838081976622,0.56940713654579,NC,NS
CPNE1,chr20:34238248:-,0.241291423395451,0.402254210075563,0.569436318467532,NC,NS
CPNE1,chr20:34239380:-,0.171097397695618,0.566151828529556,0.714999947475946,NC,NS
CPNE1,chr20:34239695:-,0.211752883803055,0.473436549336537,0.633645895329856,NC,NS
CPNE1,chr20:34239778:-,0.22136382090742,0.453272603538894,0.615236956435218,NC,NS
CPNE1,chr20:34239945:-,0.199853727718081,0.501607632077767,0.659681820997409,NC,NS
CPNE1,chr20:34240649:-,0.35676260105239,0.401427157840152,0.5689905476406,NC,NS
CPNE1,chr20:34242292:-,3.56972484515851,3.34811451063412e-05,0.000848195338909271,UP,IPA activation in Neurites
CPNE1,chr20:34243037:-,3.47498323216995,2.01249271603612e-05,0.000587899230631873,UP,IPA activation in Neurites
CPSF2,chr14:92600550:+,2.0397924131123,0.00770959650507608,0.0371802741265612,UP,IPA activation in Neurites
CPSF6,chr12:69642471:+,3.52167432259488,0.0186938234046101,0.0716817531023111,UP,NS
CPSF6,chr12:69657305:+,3.753843612551,4.51607454964449e-06,0.000267990472665489,UP,IPA activation in Neurites
CPSF6,chr12:69657347:+,3.77040259555523,6.55780057740556e-06,0.000339470825634633,UP,IPA activation in Neurites
CPSF6,chr12:69657475:+,3.63501581882115,6.69408456367016e-06,0.00034287805775599,UP,IPA activation in Neurites
CPSF6,chr12:69658791:+,4.18823250599811,6.73983052428603e-05,0.00134963026054221,UP,IPA activation in Neurites
CPSF6,chr12:69659090:+,5.32791033805365,0.000943627102720671,0.00752735980629309,UP,IPA activation in Neurites
CPSF6,chr12:69661527:+,1.13640373085799,0.00114405654934159,0.00870142553462562,UP,IPA activation in Neurites
CPSF6,chr12:69662844:+,-0.841819966362043,0.265278771246593,0.452452331190299,NC,NS
CREB1,chr2:208448971:+,0.923364789708358,0.549895503054585,0.702123200698928,NC,NS
CREB1,chr2:208453560:+,1.2783373866444,0.0123098562964954,0.0524607370802828,UP,NS
CREB1,chr2:208457646:+,1.0470693520187,0.093939159410573,0.226852580492232,NC,NS
CREBL2,chr12:12779816:+,1.76514895900656,0.101138892603493,0.238672090886807,NC,NS
CREBRF,chr5:172550301:+,2.67483068480135,0.000663123368661298,0.00587751969381762,UP,IPA activation in Neurites
CRIM1,chr2:36764200:+,-2.09258775995389,0.0609769837133716,0.169164197690574,NC,NS
CRIM1,chr2:36764755:+,0.647604297192447,0.0301268530181773,0.102087233138197,UP,NS
CRIPT,chr2:46844441:+,1.1610381923105,0.0101090463063639,0.0452119662929841,UP,IPA activation in Neurites
CRKL,chr22:21299816:+,-3.70703513064381,0.00332955439871112,0.0194497139305262,DN,IPA suppression in Neurites
CRTC1,chr19:18837762:+,0.112286688128881,0.901236478706035,0.944255649731368,NC,NS
CSDE1,chr1:115280583:-,0.352536373077973,0.0163022585035723,0.0648572228070732,UP,NS
CSGALNACT1,chr8:19341939:-,-1.62464341718224,0.557986937496966,0.708365363386443,NC,NS
CSNK1G1,chr15:64462079:-,-2.43964064408001,0.0613309944727709,0.169892101956379,NC,NS
CSRNP2,chr12:51471593:-,1.40270207158378,0.518828697157836,0.676116882798616,NC,NS
CSTF3,chr11:33133266:-,2.36561722927643,0.519515698575345,0.676649729461357,NC,NS
CSTF3,chr11:33139486:-,4.35386570216666,0.0264238130209211,0.0928362990323479,UP,NS
CSTF3,chr11:33142192:-,3.01351418638537,0.125439493135131,0.279098570459783,NC,NS
CSTF3,chr11:33145035:-,-0.95330215217211,0.313789786195808,0.505433505784374,NC,NS
CSTF3,chr11:33145258:-,-1.15433850670674,0.339133598653686,0.532502126830861,NC,NS
CSTF3,chr11:33146303:-,-1.0465284481859,0.309095143351876,0.500851471045698,NC,NS
CSTF3,chr11:33158835:-,-0.352594179229156,0.227717325873853,0.407368219068608,NC,NS
CSTF3,chr11:33159079:-,-0.534557629531174,0.038387975107695,0.121611905516956,DN,NS
CSTF3,chr11:33159254:-,-0.539735192405205,0.0204637730900924,0.0767258571167298,DN,NS
CSTF3,chr11:33159664:-,-0.650458140847583,0.0347852984003476,0.112778300734197,DN,NS
CSTF3,chr11:33160893:-,-0.724313715238082,0.11617166098095,0.263170997361872,NC,NS
CSTF3,chr11:33163344:-,-0.0665579257543527,0.737101308504674,0.842549910073701,NC,NS
CTDNEP1,chr17:7147777:-,0.335233826577965,0.29259475535354,0.48181593216593,NC,NS
CTDSPL2,chr15:44799885:+,1.70024748173052,0.4729960417464,0.63352566450261,NC,NS
CTDSPL2,chr15:44803037:+,0.391598250492692,0.846110191310977,0.911837865342443,NC,NS
CTIF,chr18:46332575:+,1.79857949264546,0.281519412737877,0.469939438210124,NC,NS
CTNNA2,chr2:80142577:+,-2.97682244538837,0.0034362515332946,0.0199186746806377,DN,IPA suppression in Neurites
CTNNB1,chr3:41281125:+,0,,1,NC,NS
CTNND2,chr5:11312453:-,4.44470240116621,0.267869776540219,0.455588340345454,NC,NS
CTNND2,chr5:11723038:-,6.36465847206349,0.000717454782108455,0.00618995562010592,UP,IPA activation in Neurites
CTPS1,chr1:41474634:+,0.486951747924191,0.00898318503239782,0.0411990371042863,UP,IPA activation in Neurites
CTPS2,chrX:16716311:-,2.90793372590777,0.000732729835853362,0.00627722426278602,UP,IPA activation in Neurites
CTR9,chr11:10776804:+,-0.085920902698269,0.719183638695665,0.830851753535874,NC,NS
CUEDC1,chr17:56001213:-,0.215348335589849,0.872591050583938,0.928499464714945,NC,NS
CUL1,chr7:148438051:+,0.225624254582844,0.812908827224751,0.89228866223148,NC,NS
CUL1,chr7:148489919:+,0.447590591554284,0.0936761564246297,0.226748279178934,NC,NS
CUL4A,chr13:113880820:+,1.29405143631807,0.221380098445458,0.399279194833392,NC,NS
CUL4A,chr13:113889555:+,1.42425240371386,0.00822862372959621,0.0387377103795323,UP,IPA activation in Neurites
CUL5,chr11:107968529:+,1.08575561801509,0.00202165450949629,0.0131524491243617,UP,IPA activation in Neurites
CUX1,chr7:101475963:+,0.624886199378512,0.773865047736305,0.867686679030184,NC,NS
CUX1,chr7:101575945:+,2.37680573325089,0.335273566675181,0.528627915440309,NC,NS
CUX1,chr7:101664177:+,6.76353549182428,0.000725509102691818,0.00623732737402542,UP,IPA activation in Neurites
CUX1,chr7:101894420:+,-2.10328554810658,0.0799135106270674,0.20335749919412,NC,NS
CUX1,chr7:101894474:+,-2.06303172206998,0.0851120339887262,0.211667914479362,NC,NS
CUX1,chr7:101894641:+,-2.34586857467505,0.105170086409889,0.244509144993082,NC,NS
CUX1,chr7:101895359:+,-2.02662417162976,0.034218689041116,0.111451232178093,DN,NS
CUX1,chr7:101899177:+,-1.79326539724817,0.00158440476985521,0.0111498582033985,DN,IPA suppression in Neurites
CUX1,chr7:101901513:+,-2.10534266403856,0.00138195221990339,0.0100516883438713,DN,IPA suppression in Neurites
CWC27,chr5:64118494:+,1.77540274907236,0.00181621370552771,0.0121396921581014,UP,IPA activation in Neurites
CWC27,chr5:64136222:+,2.43859860371937,0.460604557988566,0.62137559721995,NC,NS
CWC27,chr5:64138792:+,-1.25803539450352,0.576957279946337,0.723385160781792,NC,NS
CWC27,chr5:64145766:+,0.0499182095490736,0.846192589811372,0.911837865342443,NC,NS
CWC27,chr5:64146061:+,0.0588186222299143,0.820374358449388,0.89742484637398,NC,NS
CWC27,chr5:64150415:+,0.403669622384501,0.136105678636062,0.296991135535013,NC,NS
CWC27,chr5:64194876:+,2.35964258486717,0.229481906497336,0.409482565829129,NC,NS
CWC27,chr5:64196040:+,-1.00774129761041,0.172320694796942,0.349091056346599,NC,NS
CWC27,chr5:64196152:+,-1.02094312386327,0.174063638328266,0.351158235532895,NC,NS
CWC27,chr5:64196219:+,-1.04201300517048,0.168874409726252,0.34463167755844,NC,NS
CWC27,chr5:64196470:+,-1.07430086312556,0.172848628290022,0.349431418886268,NC,NS
CWC27,chr5:64198582:+,-0.696709017124826,0.357535986148853,0.550233904506789,NC,NS
CWC27,chr5:64303980:+,-1.58221209398508,0.391002218955771,0.55762508717432,NC,NS
CYFIP2,chr5:156731455:+,0.272303254852551,0.136220110088275,0.297107600040137,NC,NS
CYP4V2,chr4:187114151:+,1.05886683461979,0.0195424527055094,0.0740027819961156,UP,NS
CYP4V2,chr4:187114213:+,0.384122928541858,0.274577525668059,0.462796757845782,NC,NS
CYP4V2,chr4:187114499:+,0.437488498349162,0.162241119052974,0.33579978107689,NC,NS
CYSTM1,chr5:139608495:+,-1.09183330382151,0.154016048860906,0.324181322504481,NC,NS
CYTH1,chr17:76704278:-,0.754919077904767,0.0763164750507415,0.196880380828691,NC,NS
DAB1,chr1:57579920:-,0.929482617982191,0.763285166849331,0.859954994648957,NC,NS
DAB1,chr1:57848136:-,-0.597399231676217,0.180099062339489,0.360494462091301,NC,NS
DAB1,chr1:57927616:-,5.47332733376776,0.218532582675783,0.395673245091213,NC,NS
DAB1,chr1:58686664:-,2.96041477545577,0.387806382188449,0.55762508717432,NC,NS
DAB1,chr1:58692297:-,0.486786533366562,0.839841618544064,0.908552537980306,NC,NS
DACH1,chr13:72100248:-,1.1577410713495,0.229114713616514,0.409127411544205,NC,NS
DACH1,chr13:72112529:-,0.861310879403062,0.142749694108436,0.307762521724257,NC,NS
DACH1,chr13:72117271:-,0.792513858264354,0.0707913112509372,0.186200281376789,NC,NS
DACH1,chr13:72349260:-,-1.22457676785474,0.0711835268491169,0.187029720112205,NC,NS
DACH1,chr13:72431190:-,-2.02670191860474,0.425711938201124,0.589302659490103,NC,NS
DAD1,chr14:23057809:-,0.0183174018152168,0.856942173846947,0.918279884221248,NC,NS
DAGLB,chr7:6474333:-,2.66214067090632,0.00243043838785243,0.0151621964042179,UP,IPA activation in Neurites
DAP,chr5:10748225:-,-0.15015054895907,0.314300929930922,0.505917408218282,NC,NS
DAZAP1,chr19:1425959:+,1.05346107625974,0.0947749740837631,0.228417545265771,NC,NS
DBN1,chr5:176892519:-,0.9081127087865,0.235841553586387,0.418528446298817,NC,NS
DBT,chr1:100696204:-,1.65908060425672,0.00203172537949881,0.0131818342621883,UP,IPA activation in Neurites
DCAF10,chr9:37841866:+,-0.226132695859535,0.829464507362976,0.903755999289799,NC,NS
DCAF17,chr2:172306516:+,3.42621013957546,3.52498787039027e-07,6.40482010851583e-05,UP,IPA activation in Neurites
DCAF17,chr2:172325572:+,3.35486364647361,0.000222793284568354,0.00269062812368953,UP,IPA activation in Neurites
DCAF7,chr17:61666814:+,-1.36251062391928,0.391002218955771,0.55762508717432,NC,NS
DCAF7,chr17:61666981:+,0,,1,NC,NS
DCAF7,chr17:61667014:+,0,,1,NC,NS
DCAF7,chr17:61667053:+,0,,1,NC,NS
DCAF7,chr17:61671435:+,0.976097977617266,0.350903109984323,0.543697789301859,NC,NS
DCBLD2,chr3:98552982:-,0,,1,NC,NS
DCBLD2,chr3:98554398:-,0,,1,NC,NS
DCBLD2,chr3:98558446:-,0,,1,NC,NS
DCBLD2,chr3:98559275:-,-2.57873157009895,0.188373891985256,0.363821378353169,NC,NS
DCBLD2,chr3:98559645:-,-1.12780850101656,0.391002218955771,0.55762508717432,NC,NS
DCBLD2,chr3:98568230:-,2.11690063595589,0.000384895694325887,0.00403642769092622,UP,IPA activation in Neurites
DCBLD2,chr3:98568290:-,2.09992706915106,0.000388820926266619,0.0040600914747068,UP,IPA activation in Neurites
DCBLD2,chr3:98573849:-,0.171206637917978,0.86326134097845,0.92249111299753,NC,NS
DCBLD2,chr3:98584458:-,0.475051291948513,0.757483740965481,0.856238320216477,NC,NS
DCC,chr18:50011202:+,3.60576921972177,0.000840182556419043,0.00685863267322193,UP,IPA activation in Neurites
DCLK1,chr13:36420037:-,0.300486776889105,0.172465043045052,0.349091056346599,NC,NS
DCLK1,chr13:36421436:-,0.315099156228048,0.195712246220843,0.370040595370204,NC,NS
DCLK1,chr13:36423017:-,0.258234458521974,0.555608354939665,0.70682098173501,NC,NS
DCLK1,chr13:36638261:-,1.82206798393438,0.455694659607827,0.617166656278335,NC,NS
DCLK2,chr4:151058024:+,0.407429516696369,0.493016373545633,0.651358623570585,NC,NS
DCLRE1C,chr10:14945891:-,0.590935310595873,0.391002218955771,0.55762508717432,NC,NS
DCLRE1C,chr10:14946612:-,0.457880561835668,0.391002218955771,0.55762508717432,NC,NS
DCLRE1C,chr10:14947541:-,0.434361520912335,0.391002218955771,0.55762508717432,NC,NS
DCTN1,chr2:74597091:-,0.526303196257373,0.02159474463241,0.0799087660694351,UP,NS
DCUN1D4,chr4:52741628:+,3.53569041212012,0.0283205965862835,0.0973220501333726,UP,NS
DDAH1,chr1:85933390:-,0,,1,NC,NS
DDAH1,chr1:85933433:-,0,,1,NC,NS
DDAH1,chr1:85966032:-,-3.86101677802891,0.251641606571239,0.43872735850077,NC,NS
DDHD2,chr8:38113095:+,2.67748610178268,0.000267013182245146,0.00306179501362082,UP,IPA activation in Neurites
DDHD2,chr8:38113172:+,2.73826754037247,0.000286634086537472,0.00324363131416591,UP,IPA activation in Neurites
DDX17,chr22:38884308:-,0,,1,NC,NS
DDX17,chr22:38886936:-,0,,1,NC,NS
DDX5,chr17:62498499:-,0.267578208373703,0.0383095169781194,0.121442416687641,UP,NS
DDX52,chr17:35978336:-,1.85723518045298,0.00364902554690844,0.0208895980132429,UP,IPA activation in Neurites
DDX6,chr11:118656716:-,1.0651608762611,4.4617021871376e-05,0.00103384013536246,UP,IPA activation in Neurites
DEAF1,chr11:651454:-,-2.17721908418939,0.0071741497165369,0.0353471197663252,DN,IPA suppression in Neurites
DEAF1,chr11:651579:-,-1.60547341466032,0.0121596704647644,0.0519938106164705,DN,NS
DEAF1,chr11:652147:-,-2.1616842452167,0.00169232886115949,0.0115984116033832,DN,IPA suppression in Neurites
DEAF1,chr11:652214:-,-2.12064784664813,0.00181157051590578,0.0121253124214547,DN,IPA suppression in Neurites
DEAF1,chr11:652309:-,-2.02800833050214,0.00286530246829823,0.0172984637850362,DN,IPA suppression in Neurites
DEAF1,chr11:660187:-,-0.484361464516058,0.750096767626959,0.850450375644477,NC,NS
DEK,chr6:18258547:-,0,,1,NC,NS
DENND1A,chr9:126438998:-,0.636091386510221,0.611351175671278,0.751410664515392,NC,NS
DENND1B,chr1:197648939:-,0.615648382298055,0.619599130746498,0.757606900831882,NC,NS
DENND4A,chr15:66062035:-,1.94470912316178,0.0477894932385246,0.143542720667884,UP,NS
DENND5B,chr12:31590457:-,-4.13723110610719,0.0500547289381695,0.14797025239745,NC,NS
DENND6A,chr3:57643379:-,4.17302063856332,0.00070641986751116,0.00612243608661474,UP,IPA activation in Neurites
DEPTOR,chr8:120911811:+,0.366945652798016,0.825169828095899,0.901100926377863,NC,NS
DGCR2,chr22:19082200:-,2.01864662098253,0.192088793172928,0.366852935046431,NC,NS
DGKE,chr17:54925491:+,3.93805828294786,1.01822525262213e-05,0.000454558172409109,UP,IPA activation in Neurites
DGLUCY,chr14:91546609:+,-0.184257518726989,0.947250039396254,0.968547739378477,NC,NS
DGLUCY,chr14:91554210:+,2.32929480089768,0.0181761332225934,0.0703017755527898,UP,NS
DHFR,chr5:79945840:-,3.92175695473255,2.28028201059676e-05,0.000638422969206335,UP,IPA activation in Neurites
DHFR,chr5:79946134:-,3.89131945195553,5.83942303025274e-05,0.00125174592357753,UP,IPA activation in Neurites
DHFR,chr5:79946468:-,3.75913817418146,7.06224289284332e-05,0.00140264791496227,UP,IPA activation in Neurites
DHFR,chr5:79946592:-,3.77779737327266,7.27367870069756e-05,0.00143294415212933,UP,IPA activation in Neurites
DHFR,chr5:79947032:-,3.74521133128682,6.07377174467618e-05,0.00127943607400841,UP,IPA activation in Neurites
DHFR,chr5:79947253:-,3.78823972582026,6.11300012884737e-05,0.00128214907874876,UP,IPA activation in Neurites
DHFR,chr5:79947580:-,0,,1,NC,NS
DHTKD1,chr10:12136336:+,3.27052096852053,0.00152436583266499,0.0108450155877833,UP,IPA activation in Neurites
DHX15,chr4:24539643:-,0.115381627206553,0.94113865345055,0.964801736015111,NC,NS
DHX15,chr4:24539684:-,-0.0138819702842732,0.990883256903944,0.994725621542579,NC,NS
DICER1,chr14:95585324:-,1.92034727885002,0.474276200694591,0.634018679280187,NC,NS
DIDO1,chr20:61527829:-,0.803366528617505,0.0311019111258592,0.104517886421568,UP,NS
DIDO1,chr20:61533706:-,0.755652918798374,0.23871524390801,0.422088799729788,NC,NS
DIDO1,chr20:61533769:-,0.749200923550637,0.236773510437478,0.419570248284328,NC,NS
DIDO1,chr20:61534116:-,0.858557845809818,0.198572316594237,0.372926627768258,NC,NS
DIDO1,chr20:61535698:-,0.507874960231006,0.332137204187956,0.525074605451135,NC,NS
DIDO1,chr20:61536358:-,0.720409107080418,0.211612957132664,0.387120967098428,NC,NS
DIDO1,chr20:61536426:-,0.673215552403422,0.269908584814327,0.457350517836139,NC,NS
DIDO1,chr20:61559973:-,-0.308769460940042,0.701699230781041,0.818050837621419,NC,NS
DIDO1,chr20:61560035:-,-0.261621260242963,0.728204949577733,0.836784730637707,NC,NS
DIP2C,chr10:471994:-,3.1372715074377,0.0015409808520423,0.0108988558517992,UP,IPA activation in Neurites
DLG1,chr3:196853005:-,-0.211020659747648,0.851367206672637,0.914918910704295,NC,NS
DLG1,chr3:196853852:-,3.81840602114945,0.0125801805493882,0.0533233088443582,UP,NS
DLG1,chr3:196922117:-,-0.0894632282997332,0.926235776637764,0.957523537097803,NC,NS
DLG2,chr11:83221874:-,2.57911197780161,0.0555293066358865,0.159695984686894,NC,NS
DLG2,chr11:84095139:-,3.1574363528507,0.13155102238242,0.289519346410156,NC,NS
DLG2,chr11:84729835:-,-1.99899741484745,0.391002218955771,0.55762508717432,NC,NS
DLG2,chr11:85264107:-,0,,1,NC,NS
DLGAP1,chr18:3593850:-,-1.33168609203995,0.391002218955771,0.55762508717432,NC,NS
DLGAP1,chr18:3602662:-,1.87493427501774,0.428452910794938,0.591783100746002,NC,NS
DLGAP1,chr18:3610881:-,3.49857147831118,0.189185468749011,0.364678506642433,NC,NS
DLGAP1,chr18:3997031:-,0.18979875379766,0.786970318464574,0.876492920496365,NC,NS
DLGAP2,chr8:1305821:+,0.441387401207362,0.635167193046387,0.769219403027306,NC,NS
DLGAP2,chr8:847562:+,-0.738686050549874,0.0163044375986312,0.0648572228070732,DN,NS
DLGAP2,chr8:982931:+,0,,1,NC,NS
DLGAP4,chr20:35125567:+,0.911756368746467,0.0293359364070017,0.100104254247174,UP,NS
DLGAP4,chr20:35154410:+,0.590813132922382,0.0233980391080552,0.0845787494467938,UP,NS
DMTF1,chr7:86787572:+,1.11019954432994,0.103916332881582,0.242056905601618,NC,NS
DMTF1,chr7:86789418:+,1.01092560830315,0.285807936904304,0.47465577507725,NC,NS
DMWD,chr19:46292656:-,1.98324019272034,0.166227875814194,0.341051300413999,NC,NS
DNAAF2,chr14:50097980:-,2.39957329677697,0.0123227748628778,0.0524607370802828,UP,NS
DNAJA1,chr9:33026992:+,0.369317161000723,0.0975530655141688,0.232921107356205,NC,NS
DNAJB6,chr7:157178969:+,-0.100529546613171,0.748429484630665,0.8494080618239,NC,NS
DNAJB6,chr7:157179018:+,-0.106560708371372,0.733798383182294,0.840749454336012,NC,NS
DNAJC15,chr13:43633845:+,0,,1,NC,NS
DNAJC19,chr3:180705820:-,0.984355138984448,0.00300206659805245,0.0180346371186706,UP,IPA activation in Neurites
DNAJC21,chr5:34952290:+,0.924330013473089,0.105132893351231,0.244509144993082,NC,NS
DNAJC21,chr5:34952857:+,-0.036777432211768,0.940578149798413,0.964563388181049,NC,NS
DNAJC24,chr11:31426280:+,2.33281032785021,0.138530200630682,0.300932123334329,NC,NS
DNAJC25,chr9:114397000:+,0.0555784830452684,0.949227894999064,0.969384405488963,NC,NS
DNAJC25-GNG10,chr9:114397000:+,-1.13193498639287,0.158366959603311,0.330027248578036,NC,NS
DNAJC25-GNG10,chr9:114415650:+,0.351429887493102,0.289664321548273,0.479098092676376,NC,NS
DNAJC25-GNG10,chr9:114415820:+,0.350564649502034,0.285182473882559,0.473940545735154,NC,NS
DNAJC25-GNG10,chr9:114415941:+,0.347511570815357,0.283039430853607,0.471506289124839,NC,NS
DNAJC25-GNG10,chr9:114416625:+,0.314296455364334,0.365954397037026,0.55762508717432,NC,NS
DNAJC3,chr13:96398019:+,-0.717341857537935,0.379181654970857,0.55762508717432,NC,NS
DNAJC5,chr20:62559067:+,3.51308011473747,0.190923404666379,0.366193648839812,NC,NS
DNAJC8,chr1:28530257:-,0.24846203744543,0.0369307977756144,0.11838291302776,UP,NS
DNM1,chr9:130993058:+,-1.90024657776146,0.171704428646515,0.34813072908081,NC,NS
DNMT3A,chr2:25478505:-,-2.01940076994024,0.391002218955771,0.55762508717432,NC,NS
DOCK3,chr3:51199764:+,-0.351833682515593,0.782381419266026,0.874183234477264,NC,NS
DOK6,chr18:67299285:+,-0.257748729188516,0.569166376676136,0.717875476647506,NC,NS
DOK6,chr18:67379562:+,6.17668392842303,0.0292530508175231,0.0999340023664942,UP,NS
DOT1L,chr19:2206804:+,2.47116543792998,0.13786086345013,0.299884645727582,NC,NS
DPH5,chr1:101479205:-,0.439705556333451,0.209874949900101,0.384834127585319,NC,NS
DPH5,chr1:101490864:-,0.434083334996187,0.125536188971515,0.279186058288571,NC,NS
DPP10,chr2:115541852:+,1.15944990950466,0.665308153120579,0.792506602958321,NC,NS
DPP10,chr2:115558528:+,-0.0398972840621852,0.990511565907225,0.994725621542579,NC,NS
DPY30,chr2:32248830:-,-0.244013561114893,0.346230111550546,0.539467090235337,NC,NS
DPY30,chr2:32248974:-,-0.357157369360715,0.154029432312034,0.324181322504481,NC,NS
DPY30,chr2:32249059:-,-0.302565948746071,0.1824373503026,0.36107907192559,NC,NS
DPY30,chr2:32257121:-,1.89831806979719,0.182596781598996,0.36107907192559,NC,NS
DPY30,chr2:32257320:-,1.63182998781848,0.181728558081625,0.36107907192559,NC,NS
DPYSL2,chr8:26428280:+,0,,1,NC,NS
DPYSL3,chr5:146785172:-,0.182652127007609,0.204581237561023,0.378658159745888,NC,NS
DST,chr6:56338623:-,0.555019247215166,0.0319920882881201,0.106771948978047,UP,NS
DST,chr6:56502882:-,-0.708911652671714,0.196249830771266,0.370199594796082,NC,NS
DST,chr6:56758361:-,-3.66146956346753,0.000251549162206577,0.00294948969469205,DN,IPA suppression in Neurites
DSTN,chr20:17581785:+,0.282354288404478,0.00823886017695077,0.0387377103795323,UP,IPA activation in Neurites
DSTN,chr20:17585671:+,-0.0787773842651456,0.76830561420577,0.863611716037255,NC,NS
DTNA,chr18:32095563:+,1.67003013548684,0.301386072352115,0.492129069820602,NC,NS
DTNA,chr18:32447302:+,0.225770097677027,0.446764516298061,0.60931334041793,NC,NS
DTNA,chr18:32448776:+,0.286539753109293,0.201961439255557,0.375954232370903,NC,NS
DTNA,chr18:32468656:+,0.220628549018126,0.352273437239352,0.545390564940085,NC,NS
DTNB,chr2:25636119:-,1.01862612566543,0.281418672155794,0.469939438210124,NC,NS
DTNBP1,chr6:15553826:-,1.78718786751482,0.349331039351849,0.54221525916622,NC,NS
DUSP16,chr12:12682720:-,0,,1,NC,NS
DUSP22,chr6:350673:+,0,,1,NC,NS
DUSP22,chr6:350701:+,0,,1,NC,NS
DYNLL1,chr12:120934357:+,-0.014130573254028,0.924839303854066,0.956486302349391,NC,NS
DYNLT1,chr6:159062408:-,0,,1,NC,NS
DZIP1,chr13:96236946:-,1.0082280425626,0.000608911683818397,0.00551762430811978,UP,IPA activation in Neurites
DZIP1,chr13:96251618:-,-0.327898650860693,0.168209971665603,0.343478691617636,NC,NS
DZIP3,chr3:108411831:+,-0.618657019369699,0.672531360136052,0.79755035863601,NC,NS
E2F3,chr6:20431977:+,3.21262998895983,0.0167845909032218,0.0664014791342091,UP,NS
EBF1,chr5:158267654:-,0,,1,NC,NS
ECHDC1,chr6:127616531:-,-2.09277897264459,0.391002218955771,0.55762508717432,NC,NS
EDF1,chr9:139757740:-,0.448716335747797,0.0635051142555452,0.173337926822752,NC,NS
EDF1,chr9:139757794:-,0.436173132633541,0.0617574818411804,0.170441057446398,NC,NS
EDIL3,chr5:83279562:-,-2.03855666504381,0.275324754107777,0.463734944094304,NC,NS
EEF2K,chr16:22232656:+,-0.216208190231044,0.891658609929255,0.938039838027725,NC,NS
EFCAB2,chr1:245237331:+,1.2925714109024,0.420508974417624,0.585631559678351,NC,NS
EFCAB2,chr1:245251096:+,0.662390842466991,0.391002218955771,0.55762508717432,NC,NS
EFCAB2,chr1:245251147:+,2.12088115384528,0.104996966150437,0.24434014217505,NC,NS
EFCAB2,chr1:245253744:+,-0.0586126226907964,0.55701011948641,0.708050797743512,NC,NS
EFCAB2,chr1:245279521:+,-1.07590672980415,0.565949558378752,0.714999947475946,NC,NS
EFNA5,chr5:106930818:-,0.494933988905773,0.757911168134442,0.856279485521755,NC,NS
EFNA5,chr5:106980098:-,3.70416886437252,0.0882159712084878,0.217236293471914,NC,NS
EFNA5,chr5:106996632:-,4.768834588735,0.00318750335791226,0.0187550076657812,UP,IPA activation in Neurites
EGFR,chr7:55154976:+,-1.18586972845347,0.610543835444954,0.750987437632747,NC,NS
EGLN1,chr1:231509723:-,1.21187734512419,7.97409680195102e-05,0.00153976012056721,UP,IPA activation in Neurites
EGLN1,chr1:231527309:-,0,,1,NC,NS
EHBP1,chr2:62942676:+,-0.777475863459609,0.145366431161627,0.312297154098224,NC,NS
EHBP1,chr2:62943804:+,-0.778753864874117,0.254651535251812,0.441287168994059,NC,NS
EHBP1,chr2:63017963:+,-0.495361536387914,0.761006635882648,0.858381615717424,NC,NS
EHBP1,chr2:63108912:+,0.640934911880841,0.120201372928386,0.27011598521693,NC,NS
EHBP1,chr2:63162747:+,1.9901586273746,0.175907519644718,0.353997514719272,NC,NS
EHBP1,chr2:63163179:+,2.2944919075599,0.135137251326267,0.295665930189142,NC,NS
EI24,chr11:125451275:+,-0.195071596416371,0.185432728481601,0.362420360169629,NC,NS
EIF2A,chr3:150276315:+,0.68155705079915,0.0257738466845168,0.0912776841097954,UP,NS
EIF2A,chr3:150282897:+,0.713718529107079,0.622772167118062,0.759310790577922,NC,NS
EIF2A,chr3:150282988:+,1.0637113306296,0.508371806999583,0.664804410873413,NC,NS
EIF2AK1,chr7:6066329:-,-0.273146503222428,0.199231131072168,0.373723055581646,NC,NS
EIF2AK1,chr7:6094144:-,-0.590068107319482,0.0877119401262684,0.216487601392971,NC,NS
EIF2AK2,chr2:37368623:-,1.02077557996222,0.000558606861999791,0.00520724327680265,UP,IPA activation in Neurites
EIF2AK2,chr2:37377306:-,1.47175020660103,0.0164164246370548,0.0652100590072723,UP,NS
EIF2D,chr1:206769052:-,1.60419402301292,0.00896338828204124,0.0411858804347617,UP,IPA activation in Neurites
EIF2S2,chr20:32691220:-,-0.282493373478356,0.0810974575927884,0.204891084447824,NC,NS
EIF2S3,chrX:24084220:+,-0.113933754390772,0.380892397466855,0.55762508717432,NC,NS
EIF2S3,chrX:24091444:+,0.298071917210306,0.0473156613882423,0.142385904956826,UP,NS
EIF2S3,chrX:24094261:+,0,,1,NC,NS
EIF3A,chr10:120810710:-,0.817369382060495,0.0107198936358127,0.047353526727176,UP,IPA activation in Neurites
EIF3A,chr10:120816189:-,0.575199678635721,0.0596655336843104,0.167049762317523,NC,NS
EIF3E,chr8:109240404:-,1.57704736430264,0.000371797672757487,0.00393297277312594,UP,IPA activation in Neurites
EIF3E,chr8:109243947:-,0.728664264777489,0.356278899625836,0.549137225695438,NC,NS
EIF3E,chr8:109244033:-,0.655476288500628,0.408407360900983,0.574448916867549,NC,NS
EIF3H,chr8:117657445:-,0,,1,NC,NS
EIF3H,chr8:117761879:-,-0.571332413188249,0.388648563017013,0.55762508717432,NC,NS
EIF3I,chr1:32694855:+,0.196468160797043,0.339538817681615,0.532966415109271,NC,NS
EIF4A2,chr3:186504646:+,-0.997519647194573,0.27659304155426,0.465209779857991,NC,NS
EIF4A2,chr3:186505169:+,0,,1,NC,NS
EIF4A2,chr3:186505231:+,0,,1,NC,NS
EIF4A2,chr3:186505283:+,0,,1,NC,NS
EIF4E2,chr2:233433823:+,1.11741922804307,0.0222761645988559,0.0817229031125753,UP,NS
EIF4E2,chr2:233433886:+,1.2144294344049,0.00998774199311507,0.0447929516483852,UP,IPA activation in Neurites
EIF4E2,chr2:233433920:+,1.17124202268556,0.0222379835947206,0.0817229031125753,UP,NS
EIF4EBP2,chr10:72173940:+,2.92422060811316,0.181992473424998,0.36107907192559,NC,NS
EIF4EBP2,chr10:72177280:+,2.01616456743992,0.391002218955771,0.55762508717432,NC,NS
EIF4G2,chr11:10822277:-,0.6277047834471,0.000961650051827217,0.00764606070619484,UP,IPA activation in Neurites
EIF4G3,chr1:21239860:-,0,,1,NC,NS
EIF4G3,chr1:21267737:-,2.80103099607679,0.000329229713964639,0.00363409773250988,UP,IPA activation in Neurites
EIF4G3,chr1:21269918:-,0,,1,NC,NS
EIF4G3,chr1:21287345:-,0.928688275116156,0.117582554715606,0.265698483341957,NC,NS
EIF5B,chr2:99980326:+,0.979286477225392,0.00241850252544827,0.0151265209368012,UP,IPA activation in Neurites
ELAVL1,chr19:8047397:-,-1.75706750117246,0.358379310068402,0.550986958228387,NC,NS
ELAVL2,chr9:23702519:-,0,,1,NC,NS
ELF2,chr4:140006310:-,1.69870467933319,0.357426159852447,0.550233904506789,NC,NS
ELF2,chr4:140006408:-,1.68034709750789,0.355348050264737,0.548405839704475,NC,NS
ELF2,chr4:140010886:-,-1.37835532708821,0.200178634858187,0.374577408278678,NC,NS
ELF2,chr4:140015772:-,-0.925686979226274,0.0339398471697275,0.110765456960358,DN,NS
ELF2,chr4:140043085:-,0.347067056769745,0.294091619211712,0.483789661624134,NC,NS
ELF2,chr4:140053139:-,2.3574050082193,0.00790074536176436,0.0377824878235395,UP,IPA activation in Neurites
ELF2,chr4:140053246:-,0.731932899039476,0.683497572609608,0.80530246690517,NC,NS
ELF2,chr4:140079164:-,4.1245740204072,0.000366000209431785,0.00388855244343901,UP,IPA activation in Neurites
ELMO1,chr7:37096095:-,0.0420531771963466,0.986416106747151,0.99215020284902,NC,NS
ELOB,chr16:2821947:-,0.0885899015429281,0.628206465272271,0.763632455492935,NC,NS
ELOVL6,chr4:110988602:-,-0.629536848229168,0.588393753178194,0.732069548188467,NC,NS
ELOVL6,chr4:111092836:-,2.02679802250527,0.324912417786332,0.516529305239325,NC,NS
EMC3,chr3:10011318:-,0.724546700286529,0.0307910896626494,0.10368819536225,UP,NS
EMG1,chr12:7085499:+,1.51368429801871,9.57335114038183e-05,0.00172349512670277,UP,IPA activation in Neurites
EMG1,chr12:7085746:+,1.35638692614124,0.000580545104177246,0.00533146297259333,UP,IPA activation in Neurites
EMG1,chr12:7086238:+,1.46413970226964,0.0149405587848982,0.0606851077189605,UP,NS
EMG1,chr12:7087237:+,1.25000771948919,0.0268649556184811,0.0939115474421903,UP,NS
EMG1,chr12:7089098:+,0.490298271935073,0.787202156486788,0.876550501937005,NC,NS
EMG1,chr12:7091209:+,1.74322957048591,0.0761690083129946,0.19672950873197,NC,NS
EMG1,chr12:7092127:+,0.00826159450914266,0.988235715635106,0.993419079772238,NC,NS
EML4,chr2:42544739:+,0.743589684591091,0.0437256329916453,0.133394236336422,UP,NS
EML5,chr14:89140656:-,0.868432199274025,0.169119907700121,0.344902544370825,NC,NS
ENSA,chr1:150595757:-,-0.697776136854274,0.022854525131913,0.083303460143737,DN,NS
ENSA,chr1:150596068:-,-0.690172732873463,0.0141051462135628,0.0583636407102012,DN,NS
ENSA,chr1:150596103:-,-0.682083633452762,0.014126810091598,0.05837420875356,DN,NS
ENSA,chr1:150597492:-,-1.22990813056789,0.0888872949216361,0.218226830014471,NC,NS
ENSA,chr1:150597588:-,-0.977466038107804,0.085814826532366,0.213144294019066,NC,NS
ENSA,chr1:150599863:-,0.222817458764713,0.150954864991989,0.320203301242816,NC,NS
ENTPD1,chr10:97628300:+,0,,1,NC,NS
ENTPD4,chr8:23294437:-,0.0786841723050364,0.780900161282084,0.872929056925941,NC,NS
EP400,chr12:132462086:+,-1.05770458503243,0.391002218955771,0.55762508717432,NC,NS
EPB41,chr1:29407437:+,-3.72652505540057,0.186411172327067,0.362420360169629,NC,NS
EPB41L1,chr20:34740600:+,2.49328595737596,0.391002218955771,0.55762508717432,NC,NS
EPB41L3,chr18:5456138:-,-1.16560247715391,0.0885595424711239,0.217751760315558,NC,NS
EPB41L5,chr2:120899710:+,1.75116833814154,0.244555071956116,0.429759833925049,NC,NS
EPHA5,chr4:66446509:-,3.19341876157545,0.00205670711804763,0.0133084266441752,UP,IPA activation in Neurites
EPHA5,chr4:66446659:-,3.24381474053494,0.00345384745294985,0.019983854585082,UP,IPA activation in Neurites
EPHA5,chr4:66459980:-,0.929541292951935,0.000721811189195756,0.00621651902057797,UP,IPA activation in Neurites
EPHA7,chr6:94048731:-,0.185842389383511,0.791851608047191,0.878579494847349,NC,NS
EPHB1,chr3:134715703:+,2.6109314436057,0.270194618934698,0.457514429256599,NC,NS
EPM2A,chr6:145947034:-,-0.72659386523209,0.185807559194737,0.362420360169629,NC,NS
EPM2A,chr6:145947084:-,-0.320089930188278,0.18611337393592,0.362420360169629,NC,NS
EPN2,chr17:19233047:+,1.45017010352907,0.00700504100018446,0.0347792944240636,UP,IPA activation in Neurites
ERBIN,chr5:65344679:+,3.28980092277246,0.000114764775880176,0.0018506749278698,UP,IPA activation in Neurites
ERBIN,chr5:65361390:+,1.26746666706968,0.34428021059041,0.537633987398246,NC,NS
ERC1,chr12:1278729:+,0,,1,NC,NS
ERC1,chr12:1399343:+,6.08886701469524,0.000103857351755949,0.00175475650570989,UP,IPA activation in Neurites
ERC1,chr12:1558795:+,-1.21794907998582,0.564063415693511,0.713789502904486,NC,NS
ERC2,chr3:55913128:-,4.96932878113611,0.000769642293848898,0.00649060554916593,UP,IPA activation in Neurites
ERCC1,chr19:45916859:-,1.17619518088761,0.000437362351672704,0.00439711818851111,UP,IPA activation in Neurites
ERCC6,chr10:50721571:-,-0.287101327890037,0.544352214357561,0.696988462246923,NC,NS
ERCC6L2,chr9:98643617:+,0.664420535592313,0.0200657583930331,0.075631278342757,UP,NS
ERCC6L2,chr9:98654402:+,-0.646791705761283,0.319912726139366,0.511734163508926,NC,NS
ERCC6L2,chr9:98657409:+,1.2684565847745,0.369219960944732,0.55762508717432,NC,NS
ERCC6L2,chr9:98735403:+,1.73967951917274,0.000180860465862608,0.00241114253941767,UP,IPA activation in Neurites
ERCC6L2,chr9:98740341:+,2.44763529547871,0.193583288073347,0.367528786486502,NC,NS
ERCC6L2,chr9:98743279:+,-0.288692493626706,0.367615406830216,0.55762508717432,NC,NS
ERCC6L2,chr9:98743370:+,-0.356936719160644,0.28266366209637,0.471202939280896,NC,NS
ERCC6L2,chr9:98746962:+,-0.993272607838957,0.0593712349473326,0.166802269020358,NC,NS
ERCC8,chr5:60199402:-,2.92637139080535,0.000174770695879438,0.00236889751016531,UP,IPA activation in Neurites
ERCC8,chr5:60203040:-,1.1074827065231,0.152635580161734,0.322503140715153,NC,NS
ERCC8,chr5:60205213:-,-0.182996956749012,0.746580638832518,0.848601118560858,NC,NS
ERICH1,chr8:596487:-,1.1757571959216,0.15505093997935,0.325486572018773,NC,NS
ERICH1,chr8:623210:-,1.34442097150966,0.00100759403188699,0.00788256038450501,UP,IPA activation in Neurites
ERICH1,chr8:642614:-,-0.26065793755011,0.391002218955771,0.55762508717432,NC,NS
ERICH1,chr8:657786:-,-2.89584620981435,0.0863228027362401,0.213982046925392,NC,NS
ERICH1,chr8:659546:-,-2.43323389455264,0.00419236956343675,0.0233677781164756,DN,IPA suppression in Neurites
ERV3-1-ZNF117,chr7:64450734:-,-1.33719491061781,0.00254456426703276,0.0157529894699509,DN,IPA suppression in Neurites
ERV3-1-ZNF117,chr7:64453497:-,0,,1,NC,NS
ESRRG,chr1:216694677:-,0.235408408442718,0.711424850350244,0.825489544427991,NC,NS
ESRRG,chr1:217090177:-,0.732933071495363,0.375956487664713,0.55762508717432,NC,NS
ETFRF1,chr12:25348972:+,2.3478868487738,0.00123521767431344,0.00920568070979125,UP,IPA activation in Neurites
ETFRF1,chr12:25349006:+,2.39597138734457,0.00111090709692478,0.00851287233643459,UP,IPA activation in Neurites
ETFRF1,chr12:25349186:+,2.41973350660157,0.000102686412374779,0.00174881642790554,UP,IPA activation in Neurites
ETNK1,chr12:22807846:+,2.52974663825158,0.338283796539689,0.531510802054288,NC,NS
ETNK1,chr12:22809754:+,-1.93097495449988,0.391002218955771,0.55762508717432,NC,NS
EVC,chr4:5784294:+,3.50271627755442,0.131197478161223,0.289002683898828,NC,NS
EXOC2,chr6:513419:-,-2.45613860984638,0.391002218955771,0.55762508717432,NC,NS
EXOC2,chr6:581795:-,1.82572879778603,0.021331100437278,0.0790534156342688,UP,NS
EXOC2,chr6:582985:-,1.9645106821716,0.00197280473384861,0.0129375577289857,UP,IPA activation in Neurites
EXOC6B,chr2:72786532:-,3.43183196573131,7.03019110267234e-06,0.000352669174284573,UP,IPA activation in Neurites
EXOC6B,chr2:72911647:-,0.85471593777822,0.0897447221229639,0.219998900680273,NC,NS
EXOSC3,chr9:37781924:-,0.534430286566633,0.191706009806392,0.366852935046431,NC,NS
EXOSC3,chr9:37781972:-,0.499486316016038,0.20505208676058,0.378899884598613,NC,NS
EXT1,chr8:118992938:-,-0.338620702922565,0.653962724225571,0.783981920690227,NC,NS
EXT1,chr8:119111226:-,0.829255078163722,0.534992437492208,0.689974344245186,NC,NS
EYA1,chr8:72315675:-,0.924336357689034,0.826442950354134,0.90147307698346,NC,NS
FAF1,chr1:50951401:-,0.901833540812238,0.423654435480222,0.588328334202843,NC,NS
FAF1,chr1:51012416:-,-1.14003736229947,0.391002218955771,0.55762508717432,NC,NS
FAF1,chr1:51095861:-,1.79970369968139,0.236954414051325,0.419585217894377,NC,NS
FAF1,chr1:51242301:-,1.43398081674737,0.473571252380629,0.633645895329856,NC,NS
FAF1,chr1:51253623:-,0.639789722021038,0.0702319800184602,0.185129368781055,NC,NS
FAM107B,chr10:14743714:-,3.51475701480292,0.137071708959301,0.298429948901996,NC,NS
FAM120A,chr9:96266856:+,4.77140484567197,9.07523827795081e-05,0.00166441605234408,UP,IPA activation in Neurites
FAM120A,chr9:96268555:+,3.89342622592351,0.000124745390877042,0.00195180409005687,UP,IPA activation in Neurites
FAM120A,chr9:96300033:+,0.180334538795083,0.836187507123596,0.907019262073878,NC,NS
FAM120A,chr9:96304818:+,1.74147621235009,0.142871552451401,0.307888828267722,NC,NS
FAM120B,chr6:170676244:+,-0.727816443779473,0.391002218955771,0.55762508717432,NC,NS
FAM120B,chr6:170680335:+,-0.888642423456288,0.391002218955771,0.55762508717432,NC,NS
FAM120B,chr6:170681185:+,-0.87573394895608,0.391002218955771,0.55762508717432,NC,NS
FAM120B,chr6:170681304:+,-0.902270247023336,0.391002218955771,0.55762508717432,NC,NS
FAM120B,chr6:170688884:+,2.22127443994035,0.430999246595964,0.594133838619553,NC,NS
FAM120B,chr6:170709857:+,0.0311862083702186,0.953272711756884,0.971539332846914,NC,NS
FAM120C,chrX:54145119:-,0.393038241095183,0.834089509153906,0.905871911476658,NC,NS
FAM13A,chr4:89883348:-,-0.375065202141964,0.875483479921384,0.9304072506917,NC,NS
FAM13A,chr4:89885675:-,1.00984407548221,0.58312669322761,0.728309673830993,NC,NS
FAM13B,chr5:137278504:-,2.15508588811528,3.8576492256081e-07,6.40482010851583e-05,UP,IPA activation in Neurites
FAM149B1,chr10:74968073:+,1.40629805006349,0.510923771558524,0.667424180511081,NC,NS
FAM149B1,chr10:74984929:+,2.23839977501877,0.095675822535424,0.229702071497395,NC,NS
FAM155A,chr13:108118332:-,0.131639090595539,0.802151642257426,0.886301065219035,NC,NS
FAM155A,chr13:108173550:-,-0.296932348943358,0.599188915762828,0.740765565066545,NC,NS
FAM162A,chr3:122115647:+,-1.21751097736622,0.319574454787754,0.511583414372082,NC,NS
FAM162A,chr3:122115721:+,-1.21002891571174,0.321988300197057,0.513871783784479,NC,NS
FAM162A,chr3:122115985:+,0.647327400118463,0.544695354409722,0.697129824975725,NC,NS
FAM167A,chr8:11310256:-,-1.37206955447705,0.13072791555945,0.288098748692157,NC,NS
FAM168A,chr11:73125177:-,-3.01784390449868,0.181980710021185,0.36107907192559,NC,NS
FAM168A,chr11:73130890:-,0.100252478334904,0.672820432018253,0.79755035863601,NC,NS
FAM169A,chr5:74109621:-,1.90212149700364,0.00110375891410716,0.0084848197093925,UP,IPA activation in Neurites
FAM171A1,chr10:15272730:-,-4.03188696853427,0.184228161948138,0.362233883034559,NC,NS
FAM171A1,chr10:15280848:-,-3.23340705522452,0.203474628165205,0.377851227849001,NC,NS
FAM171A1,chr10:15283508:-,-1.56317413850332,0.386894612593178,0.55762508717432,NC,NS
FAM171A1,chr10:15283590:-,-1.71734253358968,0.356331512118907,0.549137225695438,NC,NS
FAM172A,chr5:93018210:-,0.508022245335697,0.0342864446333453,0.111597217114286,UP,NS
FAM172A,chr5:93018813:-,0.416291327982477,0.0803661898308172,0.204209858859925,NC,NS
FAM172A,chr5:93018892:-,0.203224787726984,0.41771754517847,0.583150609303685,NC,NS
FAM172A,chr5:93019104:-,3.87329448939781,0.000173491064229774,0.0023581215601734,UP,IPA activation in Neurites
FAM172A,chr5:93038810:-,2.74553795168045,0.188135574750254,0.363821378353169,NC,NS
FAM172A,chr5:93170105:-,0.400917384453949,0.74575848048355,0.848252868653879,NC,NS
FAM172A,chr5:93294478:-,1.10679388344712,0.0255447401373449,0.0906123713772821,UP,NS
FAM172A,chr5:93389826:-,-0.912616229636701,0.594327769692717,0.73650591384614,NC,NS
FAM172A,chr5:93392016:-,0,,1,NC,NS
FAM177A1,chr14:35548231:+,0.400621987450725,0.0162030220547509,0.0646791676114994,UP,NS
FAM185A,chr7:102396438:+,1.98593541700709,0.0118067909048015,0.0509776792748574,UP,NS
FAM185A,chr7:102430983:+,-0.759318147743354,0.18907464171763,0.364660010542206,NC,NS
FAM185A,chr7:102467872:+,1.76483841943827,0.00454340169446795,0.0249528133693917,UP,IPA activation in Neurites
FAM185A,chr7:102473064:+,2.01042155275149,0.0485467853616216,0.145282077226108,UP,NS
FAM185A,chr7:102475522:+,1.72608949050184,0.0134211832486503,0.0559261872996304,UP,NS
FAM185A,chr7:102479863:+,2.13774479382547,0.113708500067201,0.258312586987394,NC,NS
FAM196A,chr10:128965727:-,0.731460555687104,0.124550367141992,0.277373952637499,NC,NS
FAM196A,chr10:128967352:-,0.708239132721702,0.127402592523625,0.282690841413571,NC,NS
FAM19A5,chr22:48917077:+,0.766727177833393,0.756232134390004,0.855375538340715,NC,NS
FAM19A5,chr22:48917324:+,0.537316614302729,0.82636892696693,0.90147307698346,NC,NS
FAM19A5,chr22:48917599:+,-1.62838660238149,0.0425914521917743,0.130922303452416,DN,NS
FAM19A5,chr22:48922645:+,0.851862338858634,0.743878699630287,0.846914775947819,NC,NS
FAM19A5,chr22:48989926:+,-0.830517943946843,0.0500909390420624,0.14797025239745,NC,NS
FAM19A5,chr22:48991661:+,-0.804319279996074,0.0543665216011995,0.157656432724336,NC,NS
FAM19A5,chr22:48991747:+,-0.796195109774772,0.053904959257279,0.156878906546603,NC,NS
FAM19A5,chr22:48992001:+,-0.839208415768368,0.0399609605212895,0.124887626137826,DN,NS
FAM19A5,chr22:49132808:+,-0.582616445409743,0.0069643411233939,0.0346154074631611,DN,IPA suppression in Neurites
FAM208A,chr3:56667057:-,0.0331768726318966,0.848664672487023,0.91322474487436,NC,NS
FAM208A,chr3:56709579:-,2.41378899834252,0.000299561605356492,0.00335867919738408,UP,IPA activation in Neurites
FAM208A,chr3:56709723:-,2.37562612580026,7.95691681546867e-05,0.00153976012056721,UP,IPA activation in Neurites
FAM208A,chr3:56709843:-,2.36052914933271,0.000165972981885323,0.00229948810040419,UP,IPA activation in Neurites
FAM208A,chr3:56709905:-,2.29059846109625,0.000142643098429867,0.00209687445459241,UP,IPA activation in Neurites
FAM208B,chr10:5792081:+,-0.842808046679837,0.00687555163103102,0.0342090329617556,DN,IPA suppression in Neurites
FAM20C,chr7:206206:+,0.694939870791737,0.569854608555652,0.718185062220099,NC,NS
FAM20C,chr7:219880:+,0.660526367366305,0.280878892814594,0.469594638654396,NC,NS
FAM20C,chr7:227815:+,-2.16454983135512,0.182241281234762,0.36107907192559,NC,NS
FAM20C,chr7:227946:+,-2.18213701359699,0.182257727771386,0.36107907192559,NC,NS
FAM20C,chr7:230828:+,-2.34080351385758,0.183677868655,0.361870581595234,NC,NS
FAM219B,chr15:75193307:-,-0.212635354605981,0.460507695635588,0.62137559721995,NC,NS
FAM219B,chr15:75194505:-,0.342101907155364,0.724172330787306,0.834435842200102,NC,NS
FAM222B,chr17:27143776:-,2.87593412740924,0.148030595767978,0.316386315763903,NC,NS
FAM228B,chr2:24324156:+,-0.950124484030067,0.0178594722783888,0.069523353685312,DN,NS
FAM228B,chr2:24338443:+,-1.01365850035789,0.01745567659086,0.0684040319165432,DN,NS
FAM228B,chr2:24377653:+,-2.57615914537593,0.218129438465012,0.395472465100071,NC,NS
FAM229B,chr6:112416892:+,-1.50210715551764,0.657112048806419,0.786401187774726,NC,NS
FAM49B,chr8:131000292:-,2.05928397022617,0.000483134425447709,0.00471128680206123,UP,IPA activation in Neurites
FAM78B,chr1:166039120:-,0.0976032330075556,0.658395194843744,0.787549414481234,NC,NS
FAM78B,chr1:166039222:-,0.0990347595692965,0.75893017325898,0.856833926468259,NC,NS
FAM78B,chr1:166039256:-,0.0296457428108312,0.933027620496083,0.96091935309285,NC,NS
FAM92A,chr8:94720276:+,2.20703988622958,0.000459739152953734,0.0045552002856621,UP,IPA activation in Neurites
FAM92A,chr8:94721831:+,3.02691163726685,0.0408507859015071,0.126772910839754,UP,NS
FAM92A,chr8:94722131:+,2.22595681551209,0.000167122835659852,0.00230319117375185,UP,IPA activation in Neurites
FAM98B,chr15:38766503:+,1.49422088691702,0.0030674466165722,0.0182249026083521,UP,IPA activation in Neurites
FANCL,chr2:58394654:-,3.50792805950209,0.205566796280905,0.379040557295522,NC,NS
FANCL,chr2:58444384:-,-3.65926313099733,0.000180172323666912,0.00240856738176701,DN,IPA suppression in Neurites
FANCL,chr2:58447075:-,-0.649795182890687,0.697310712083368,0.815260433685168,NC,NS
FAR2,chr12:29484366:+,-0.629171949443773,0.391002218955771,0.55762508717432,NC,NS
FARP1,chr13:99051522:+,-0.505279251827334,0.581378597332001,0.726499294971114,NC,NS
FARP1,chr13:99053471:+,0.217443525797941,0.827984867199152,0.902548020562517,NC,NS
FARP1,chr13:99053552:+,0.344640518370219,0.699065822446065,0.816398436054785,NC,NS
FARP1,chr13:99055145:+,-0.341763717018569,0.0888217867773876,0.218176079989282,NC,NS
FARP1,chr13:99055988:+,-0.734964750900552,0.0797975136821822,0.203295655276177,NC,NS
FARP1,chr13:99059609:+,-0.699862294274007,0.00278842692098231,0.0169567915037795,DN,IPA suppression in Neurites
FARP1,chr13:99059748:+,-0.735910176587681,0.00335692842581996,0.0195861075779855,DN,IPA suppression in Neurites
FARP2,chr2:242383760:+,-0.371402633715767,0.407331958099561,0.573849828637076,NC,NS
FARP2,chr2:242384112:+,-0.526349217849008,0.248693466032389,0.435146496121397,NC,NS
FARP2,chr2:242384138:+,-0.591288061925689,0.17710988093315,0.355681667610692,NC,NS
FARP2,chr2:242386556:+,-0.934693913319448,0.291296324447567,0.480490818563343,NC,NS
FARP2,chr2:242388732:+,-0.245430840542219,0.505027799359605,0.66256815089885,NC,NS
FARP2,chr2:242394167:+,-0.526101683656369,0.267763410567172,0.455572292244707,NC,NS
FASTKD2,chr2:207632221:+,-0.146815292009324,0.748687048327725,0.8494080618239,NC,NS
FAU,chr11:64888970:-,-0.000291434548323588,0.99392518991987,0.99559457090195,NC,NS
FBL,chr19:40330872:-,-0.180620391745581,0.676839414784176,0.800364663995091,NC,NS
FBXL13,chr7:102487485:-,0.366020552132342,0.445358539988893,0.608227520512476,NC,NS
FBXL13,chr7:102637648:-,-2.09054761730549,0.0871871042231657,0.215465946749581,NC,NS
FBXL14,chr12:1697828:-,0.0145104418432755,0.932991381100399,0.96091935309285,NC,NS
FBXL14,chr12:1699144:-,-0.130590382339679,0.543420366023793,0.696450497340663,NC,NS
FBXL14,chr12:1700223:-,-0.143953694815866,0.452768862820821,0.614724689309742,NC,NS
FBXL14,chr12:1700253:-,-0.140572408265257,0.466203054343979,0.626669630507681,NC,NS
FBXL14,chr12:1700541:-,-0.0861306293426898,0.635858569409629,0.769482168303222,NC,NS
FBXL14,chr12:1700603:-,-0.0840290885248223,0.633689746514752,0.767812327325892,NC,NS
FBXL17,chr5:107281064:-,0.135544546477677,0.935607046369059,0.961694948802671,NC,NS
FBXL17,chr5:107293136:-,0.224419782013305,0.889986141977635,0.937172163354939,NC,NS
FBXL17,chr5:107431252:-,-0.0219416871105578,0.975792434865611,0.98490064054264,NC,NS
FBXL17,chr5:107499883:-,3.17683420446051,0.0546021819200296,0.158151319775514,NC,NS
FBXL17,chr5:107514871:-,2.58003532812822,0.0078565768168467,0.0377022709968205,UP,IPA activation in Neurites
FBXL17,chr5:107514989:-,3.05323363024718,0.00368008803054751,0.0210426655189708,UP,IPA activation in Neurites
FBXL17,chr5:107516704:-,2.89764507257413,0.00194125284084236,0.0127996427148224,UP,IPA activation in Neurites
FBXL17,chr5:107534953:-,2.03196146071339,0.000681536452641438,0.00598620284937408,UP,IPA activation in Neurites
FBXL17,chr5:107633240:-,-0.0562296429246061,0.973829558562534,0.983525482450961,NC,NS
FBXL17,chr5:107633436:-,-0.0356382746126904,0.983477383924665,0.990441232782689,NC,NS
FBXL17,chr5:107633475:-,3.6333037201117,0.319279872086875,0.511562679478015,NC,NS
FBXL17,chr5:107676393:-,3.85339251272244,1.90571943471865e-06,0.000168604195806199,UP,IPA activation in Neurites
FBXL17,chr5:107679573:-,3.92849722844631,0.037954038858895,0.120629884446364,UP,NS
FBXL3,chr13:77583095:-,0.357388413913238,0.565269120476461,0.714627056440234,NC,NS
FBXL4,chr6:99329986:-,2.18369713069046,0.0280597696415886,0.096698894529724,UP,NS
FBXO28,chr1:224321875:+,1.41780517554128,0.0135797214160134,0.0563332688920045,UP,NS
FBXO34,chr14:55765944:+,-0.503641743533043,0.665991106091758,0.792737945754034,NC,NS
FBXO34,chr14:55766221:+,-0.206717159031043,0.817918093299651,0.895788755794756,NC,NS
FBXW4,chr10:103416987:-,-0.420759510510143,0.602279813317248,0.743642114083159,NC,NS
FBXW4,chr10:103445171:-,-1.11313906401281,0.419188103236508,0.584293701045216,NC,NS
FBXW8,chr12:117360593:+,4.94350759977841,0.0020246452327399,0.0131534361849297,UP,IPA activation in Neurites
FCHO2,chr5:72293884:+,2.30396914684472,0.00318525540233199,0.0187550076657812,UP,IPA activation in Neurites
FDPS,chr1:155289480:+,0.215405936182937,0.164773948768501,0.339741540130307,NC,NS
FDPS,chr1:155289720:+,-0.0377558118087996,0.713919095044477,0.826458746604457,NC,NS
FER,chr5:108199290:+,0,,1,NC,NS
FER,chr5:108465175:+,1.99823471327597,0.11116614932966,0.253721614745838,NC,NS
FEZ1,chr11:125357637:-,-0.354247120982415,0.0196759448778145,0.074381867046546,DN,NS
FEZ1,chr11:125358095:-,-0.366045083089669,0.027129997105196,0.0942612014751671,DN,NS
FEZ1,chr11:125359017:-,-0.271388234461207,0.0232797423065942,0.0843495171276511,DN,NS
FGD4,chr12:32735884:+,2.75952857944527,0.00158706845229876,0.0111498582033985,UP,IPA activation in Neurites
FGF14,chr13:102846517:-,0.741332014166865,0.520399957387788,0.677438788830652,NC,NS
FGFR1,chr8:38291263:-,-0.347357088221298,0.833755849946252,0.905871911476658,NC,NS
FHIT,chr3:59774608:-,-0.0507401020987515,0.983206922671021,0.990441232782689,NC,NS
FHIT,chr3:60694897:-,-3.18564969155581,0.129781490133049,0.286402145572525,NC,NS
FHIT,chr3:60717672:-,-0.670802713597415,0.760320969990922,0.857807057726831,NC,NS
FHOD3,chr18:34112820:+,2.00536902594288,0.341436004123233,0.535598838189443,NC,NS
FIP1L1,chr4:54303520:+,3.09376862752676,0.135712611078771,0.296532359905387,NC,NS
FIS1,chr7:100884110:-,0.0480329920853884,0.853191301782814,0.915463919399156,NC,NS
FKBP1A,chr20:1362260:-,-4.05076868813348,0.163855082977608,0.338232720805527,NC,NS
FKTN,chr9:108402008:+,1.34639417816791,0.151179499185818,0.320260967800692,NC,NS
FLJ44635,chrX:71373136:+,-2.96612059183618,0.00814949495624429,0.0386019607592706,DN,IPA suppression in Neurites
FLRT2,chr14:86013258:+,1.81305335597834,0.41625931607717,0.581650922670661,NC,NS
FMNL2,chr2:153201035:+,0.393110421415604,0.720703597501928,0.831423353590417,NC,NS
FMNL2,chr2:153210937:+,1.93121402200902,0.35010361968234,0.542894905472998,NC,NS
FMNL2,chr2:153246281:+,-0.299409651063788,0.680901174372199,0.803225121386804,NC,NS
FMNL2,chr2:153253913:+,0.312211495212901,0.439513829493406,0.6024434631873,NC,NS
FNBP1,chr9:132654163:-,-0.218818902990953,0.284073699163875,0.472420581042863,NC,NS
FNBP1,chr9:132654457:-,-0.254977245584561,0.179310924788404,0.35948068375079,NC,NS
FNBP1L,chr1:94015658:+,0.733146964972161,0.0809746276721852,0.20479341905034,NC,NS
FNBP4,chr11:47765465:-,2.51344027712655,0.00124471808349164,0.00926115931845617,UP,IPA activation in Neurites
FNBP4,chr11:47772467:-,2.65596657478889,5.37859752498112e-05,0.00118964797984355,UP,IPA activation in Neurites
FNDC3A,chr13:49557342:+,-0.295127126163513,0.232681779922632,0.413716573229105,NC,NS
FNTA,chr8:42933072:+,-0.0566532354252489,0.93529065771116,0.961572858741285,NC,NS
FOCAD,chr9:20673897:+,-0.295701545365753,0.852919809735844,0.915463919399156,NC,NS
FOCAD,chr9:20674811:+,1.10522190436695,0.391002218955771,0.55762508717432,NC,NS
FOCAD,chr9:20678901:+,-2.62060694088522,0.000102262468371451,0.00174881642790554,DN,IPA suppression in Neurites
FOCAD,chr9:20682224:+,-2.71137731713565,0.0679102965777917,0.180377458049964,NC,NS
FOCAD,chr9:20862801:+,3.66195635152844,1.4446019131311e-05,0.000543467962194291,UP,IPA activation in Neurites
FOXJ3,chr1:42714402:-,2.45581209201273,0.00144158155519139,0.0104010617173617,UP,IPA activation in Neurites
FOXK2,chr17:80532032:+,2.41483600333547,0.0193415978615313,0.0735199750760313,UP,NS
FOXN3,chr14:89708829:-,1.37890047468671,0.574646316770834,0.721643072923451,NC,NS
FOXN3,chr14:89849374:-,2.28803852592791,0.211665726147265,0.387120967098428,NC,NS
FOXN3,chr14:89878188:-,-0.283009585847869,0.33430426532355,0.527814586328486,NC,NS
FOXN3,chr14:89935419:-,1.42198681389702,0.631497336667807,0.765988847278631,NC,NS
FOXN3,chr14:89994721:-,0.979133127254119,0.598002513759338,0.739692741844349,NC,NS
FRAS1,chr4:79275198:+,-0.127245250258244,0.842925552897387,0.910067836786928,NC,NS
FRAS1,chr4:79276343:+,-0.0495941522010339,0.948912781776781,0.969384405488963,NC,NS
FRMD4A,chr10:13720770:-,-3.19048269967701,0.30818843063182,0.500152582776063,NC,NS
FRMD4A,chr10:13726987:-,0.764467281748411,0.701714795773079,0.818050837621419,NC,NS
FRMD5,chr15:44240340:-,-1.7243064843665,0.314875342688644,0.506570738353114,NC,NS
FRMD5,chr15:44280667:-,-0.573580560140894,0.556562492338786,0.707849735420944,NC,NS
FRMPD4,chrX:12472136:+,-1.31865570476655,0.666725168656601,0.7930019852123,NC,NS
FRRS1L,chr9:111903576:-,0.60108336799565,0.00932069413738295,0.0426140209225065,UP,IPA activation in Neurites
FSD1L,chr9:108289998:+,3.3859538150957,1.59178327775429e-07,4.30312079419578e-05,UP,IPA activation in Neurites
FSTL4,chr5:132605816:-,3.06895136139189,0.0956855936960992,0.229702071497395,NC,NS
FSTL4,chr5:132679596:-,0.0544138388863384,0.963103261275167,0.977771848396612,NC,NS
FSTL4,chr5:132826062:-,1.04997580401615,0.452633265318508,0.614712104113832,NC,NS
FSTL4,chr5:132878614:-,0.545053878509954,0.559982057589538,0.709972040706278,NC,NS
FTH1,chr11:61732735:-,0,,1,NC,NS
FTO,chr16:54000232:+,0.492125365412917,0.128763061680347,0.284671085023429,NC,NS
FTO,chr16:54045791:+,3.35607270062766,0.313901474813036,0.505441620264802,NC,NS
FTO,chr16:54048478:+,-0.485041636254543,0.409018884781394,0.575060934223133,NC,NS
FTO,chr16:54074138:+,-1.0370641145986,0.251877161123955,0.438830051720483,NC,NS
FUBP1,chr1:78413268:-,0.255209675980506,0.708117495838351,0.822755428545706,NC,NS
FUBP1,chr1:78413824:-,0.429136940153235,0.136644286866004,0.29763254247537,NC,NS
FUBP1,chr1:78414078:-,0.235557051555274,0.390401999140573,0.55762508717432,NC,NS
FUBP1,chr1:78414146:-,0.150805485855598,0.61422795211119,0.754184510465064,NC,NS
FUBP1,chr1:78414339:-,0.174732963494174,0.48828103056396,0.646321124997358,NC,NS
FUBP1,chr1:78414370:-,0.106391578325623,0.691844624039664,0.810988910960741,NC,NS
FUS,chr16:31201118:+,0.868983769089711,0.000801109241427217,0.00666358558766639,UP,IPA activation in Neurites
FUT10,chr8:33293364:-,-1.30954139423696,0.422301270463342,0.586924577516587,NC,NS
FUT10,chr8:33296163:-,-0.573665101430041,0.689881014170224,0.810272994195585,NC,NS
FUT9,chr6:96603770:+,0.425458147665565,0.886196418394285,0.935028263878786,NC,NS
FXR1,chr3:180671629:+,1.50805263310296,0.00238034307164692,0.0149262234363839,UP,IPA activation in Neurites
FXR1,chr3:180675249:+,0,,1,NC,NS
FXR1,chr3:180688784:+,0.419811356382427,0.172537049792653,0.349091594299813,NC,NS
FYN,chr6:112126942:-,1.64102281830292,0.50653104907213,0.663824423588739,NC,NS
GAB2,chr11:78000861:-,1.35771683332003,0.57712285094135,0.723385160781792,NC,NS
GABARAP,chr17:7144660:-,-0.171179865145628,0.101334798145402,0.238902678185817,NC,NS
GABBR2,chr9:101111627:-,2.17243571017542,0.00256608904953793,0.0158081184038118,UP,IPA activation in Neurites
GABBR2,chr9:101417807:-,-0.284627299984344,0.594300655703385,0.73650591384614,NC,NS
GABPB1,chr15:50578195:-,1.34716747265923,0.00297669522635559,0.0179264838755524,UP,IPA activation in Neurites
GABPB1,chr15:50639589:-,0.791536427821888,0.139697690446327,0.302680382189113,NC,NS
GABPB1,chr15:50641133:-,0.952534241663417,0.0920292575361081,0.223683500085266,NC,NS
GABPB1,chr15:50641591:-,0.88830383009056,0.132008259804697,0.29013197480111,NC,NS
GABPB1,chr15:50641798:-,0.961142950630564,0.109388228449629,0.250958566542148,NC,NS
GABPB1,chr15:50641965:-,0.96658859728368,0.118285727396275,0.266718419606244,NC,NS
GABPB1,chr15:50645739:-,1.61700726637467,0.0745345513930353,0.193638615631879,NC,NS
GABPB1,chr15:50645966:-,1.71268614776124,0.0654919486861781,0.177050674284576,NC,NS
GABRA2,chr4:46364557:-,0.555464505114092,0.0738660788994517,0.192614378914587,NC,NS
GABRA2,chr4:46365732:-,0.74715191992148,0.0220756044611878,0.0812555910046444,UP,NS
GABRA2,chr4:46365824:-,0.74252384090969,0.0223024720453542,0.0817229031125753,UP,NS
GABRB3,chr15:26802745:-,-0.0965050246658099,0.643635619489586,0.776383471600477,NC,NS
GALNT10,chr5:153585506:+,-0.0753988976188165,0.961032466376047,0.976280580665104,NC,NS
GALNT13,chr2:155020012:+,0.756467781523352,0.660251387291617,0.789067136361743,NC,NS
GALNT16,chr14:69747137:+,0.289265706032706,0.686489962221467,0.80726441666739,NC,NS
GALNT17,chr7:70834823:+,0.218973938828125,0.894789748415763,0.939587163528507,NC,NS
GALNT17,chr7:70936408:+,-0.458618096538756,0.503269599330562,0.661152772770657,NC,NS
GALNT17,chr7:71047991:+,-0.141845627664585,0.933662187679041,0.96091935309285,NC,NS
GALNT17,chr7:71055470:+,-1.07472790277476,0.612518012818995,0.752464693354514,NC,NS
GALNT17,chr7:71172098:+,3.19383532796714,0.0864465750697177,0.214171756106939,NC,NS
GAP43,chr3:115363082:+,-1.39917757823138,0.0302060217510033,0.102281106805928,DN,NS
GAPDH,chr12:6646832:+,0,,1,NC,NS
GAPDH,chr12:6646887:+,-0.243472742116015,0.381150334964544,0.55762508717432,NC,NS
GAPDH,chr12:6646982:+,0.401907378599189,0.847312070302416,0.912374537307271,NC,NS
GAPDH,chr12:6647013:+,0.50338591488319,0.856450442181895,0.918245988074287,NC,NS
GAPDH,chr12:6647047:+,-0.817931331298318,0.391002218955771,0.55762508717432,NC,NS
GAPDH,chr12:6647084:+,-1.1695119924245,0.391002218955771,0.55762508717432,NC,NS
GAPDH,chr12:6647123:+,-1.37347434519269,0.391002218955771,0.55762508717432,NC,NS
GAREM1,chr18:29991457:-,3.15553795762744,0.000121385190689678,0.00190568043150709,UP,IPA activation in Neurites
GAREM1,chr18:29991619:-,3.11946986969136,9.85546229098288e-05,0.00172349512670277,UP,IPA activation in Neurites
GARS,chr7:30661117:+,0.237571331052336,0.15607828769225,0.326937988769044,NC,NS
GAS7,chr17:9973659:-,0.259598507750987,0.546218831876477,0.698528471987106,NC,NS
GATS,chr7:99804038:-,-0.216865039064233,0.314915019218695,0.506570738353114,NC,NS
GATS,chr7:99806559:-,-0.136846508469736,0.529180630049171,0.684292571304615,NC,NS
GATS,chr7:99814007:-,0,,1,NC,NS
GCC2,chr2:109123429:+,-0.718404315466696,0.63580012398832,0.769482168303222,NC,NS
GCSH,chr16:81117998:-,0.0777807320628989,0.35323540471498,0.5460562052336,NC,NS
GFM2,chr5:74040228:-,2.21427391301529,0.254517137828226,0.441211397460687,NC,NS
GFM2,chr5:74040316:-,2.1653340279657,0.244881752073416,0.430178557974455,NC,NS
GFM2,chr5:74040524:-,2.09789074041714,0.201133496150231,0.374843198876684,NC,NS
GFM2,chr5:74040680:-,5.62274065162462,0.22675173332618,0.406100086258811,NC,NS
GFOD1,chr6:13382884:-,1.93739511853699,0.490253017696486,0.648253039160625,NC,NS
GFRA1,chr10:117872929:-,3.86153112285468,0.123660134115358,0.275823984805661,NC,NS
GIGYF2,chr2:233610255:+,3.4867797341997,0.0270733657182316,0.0942339038518706,UP,NS
GIT2,chr12:110397555:-,0.845045439494167,0.0518109318740504,0.152068982291666,NC,NS
GLCCI1,chr7:8022769:+,4.58678418023634,0.000354961636871814,0.00382980781600498,UP,IPA activation in Neurites
GLCCI1,chr7:8023008:+,4.6658231626453,0.000387111616264604,0.0040509357521367,UP,IPA activation in Neurites
GLCCI1,chr7:8095062:+,0,,1,NC,NS
GLCE,chr15:69497809:+,2.97962896650549,0.000740967749256161,0.00632535265135427,UP,IPA activation in Neurites
GLCE,chr15:69499633:+,2.58326077700873,8.78513138999069e-05,0.00162981890853218,UP,IPA activation in Neurites
GLCE,chr15:69548516:+,5.37529705573937,4.88170379067763e-07,7.42774614118635e-05,UP,IPA activation in Neurites
GLO1,chr6:38649786:-,0.262650793118555,0.243847198309865,0.428670688936345,NC,NS
GLS,chr2:191760476:+,0.713143001027484,0.0608417188791879,0.168885227647535,NC,NS
GLS,chr2:191805149:+,-3.07661624729911,0.246903204918283,0.432480559802867,NC,NS
GLT8D2,chr12:104445118:-,1.06884098289009,0.195810409081477,0.370040595370204,NC,NS
GNAL,chr18:11770284:+,3.59739715301243,0.0651126405878442,0.176413201058157,NC,NS
GNAL,chr18:11852564:+,0.0562995588475996,0.984187013315717,0.990702111459305,NC,NS
GNAL,chr18:11852697:+,-0.025899136967553,0.992218789322387,0.994999957965624,NC,NS
GNAL,chr18:11852772:+,-0.0343765473601172,0.989740629099487,0.994344655810428,NC,NS
GNAL,chr18:11852847:+,-0.122039621539282,0.96307593475062,0.977771848396612,NC,NS
GNAL,chr18:11852880:+,-0.138186771114782,0.958199512845689,0.974623501151155,NC,NS
GNAL,chr18:11853133:+,7.05751270284027,0.0211509823293345,0.0785654045912531,UP,NS
GNAL,chr18:11854352:+,-1.81210210772491,0.0236699230411236,0.0849394140988994,DN,NS
GNAL,chr18:11854443:+,-1.74434141070129,0.0208685052165224,0.0779325758891773,DN,NS
GNAO1,chr16:56378096:+,-0.95579952356427,0.0467568830487325,0.141053312408637,DN,NS
GNAO1,chr16:56382047:+,2.26172132936519,0.26010218467136,0.448504294504279,NC,NS
GNAO1,chr16:56382111:+,2.21317910699903,0.281488851217079,0.469939438210124,NC,NS
GNAO1,chr16:56389116:+,-0.267975454204505,0.276071576442307,0.464671148726484,NC,NS
GNAO1,chr16:56389603:+,-0.201499212925361,0.685737419835274,0.806769411247206,NC,NS
GNAQ,chr9:80581124:-,-0.586228657274853,0.218250768079911,0.395533794218565,NC,NS
GNAQ,chr9:80582487:-,-0.741734112732909,0.138210708577417,0.300372178623363,NC,NS
GNAS,chr20:57467987:+,7.84765411401111,0.00202179037094585,0.0131524491243617,UP,IPA activation in Neurites
GNAS,chr20:57468109:+,1.94688859621176,0.391002218955771,0.55762508717432,NC,NS
GNAS,chr20:57468573:+,0,,1,NC,NS
GNAS,chr20:57475188:+,0.705107226226406,0.0270713894093125,0.0942339038518706,UP,NS
GNAS,chr20:57475465:+,0.646943167059774,0.0134241238729898,0.0559261872996304,UP,NS
GNAS,chr20:57479136:+,0.424303368911303,0.246816178075086,0.432480559802867,NC,NS
GNAZ,chr22:23456876:+,1.92678087641452,0.447719845191324,0.610424423284108,NC,NS
GNB1,chr1:1756427:-,0.485184900908845,0.100938003502552,0.23842928400166,NC,NS
GNB1,chr1:1756598:-,0.646322070141398,0.0403975589357637,0.12560672318302,UP,NS
GNE,chr9:36237643:-,1.79985073941137,0.253993811887085,0.440701805826494,NC,NS
GNE,chr9:36263679:-,-1.4446370190741,0.391002218955771,0.55762508717432,NC,NS
GNL3,chr3:52727405:+,0,,1,NC,NS
GNL3,chr3:52727824:+,0.236521630572918,0.213670909151189,0.38962243267508,NC,NS
GNPDA2,chr4:44705175:-,0,,1,NC,NS
GNPDA2,chr4:44705260:-,0,,1,NC,NS
GNPDA2,chr4:44705460:-,0,,1,NC,NS
GNPNAT1,chr14:53248459:-,2.08629649380358,0.000115500266542332,0.00185486566665012,UP,IPA activation in Neurites
GNPTAB,chr12:102173895:-,1.30110550079865,0.0373444496091621,0.119159404457825,UP,NS
GNPTAB,chr12:102179718:-,1.83066597469644,0.00480382030463261,0.0259726551137136,UP,IPA activation in Neurites
GNS,chr12:65136852:-,0.719621270039625,0.0359323288630761,0.115946095654992,UP,NS
GOLGA2,chr9:131028565:-,0.801441468506852,0.201473892899666,0.375333829574952,NC,NS
GOLGA4,chr3:37319585:+,2.17970764103359,0.00938850335457036,0.0427757091042503,UP,IPA activation in Neurites
GOLGA4,chr3:37319651:+,2.18210483448452,0.00933452915412794,0.0426140209225065,UP,IPA activation in Neurites
GOLGA4,chr3:37370654:+,1.39389693909849,0.00933550067887216,0.0426140209225065,UP,IPA activation in Neurites
GOLM1,chr9:88645218:-,-0.781766455573692,0.000693156853381659,0.00604462589346802,DN,IPA suppression in Neurites
GOLM1,chr9:88672334:-,2.85051662183012,0.20981901778639,0.384834127585319,NC,NS
GOLM1,chr9:88688028:-,0.668635824685278,0.347369682074598,0.540377516935739,NC,NS
GPATCH2,chr1:217748794:-,0.0486462131596834,0.937393023254364,0.962765164894508,NC,NS
GPATCH2,chr1:217753374:-,0.223693289211165,0.680909088721859,0.803225121386804,NC,NS
GPATCH2,chr1:217776245:-,0.428759176946396,0.0396027318609689,0.123927262530852,UP,NS
GPATCH2,chr1:217781531:-,0.367662657698991,0.203021942199231,0.377206861680588,NC,NS
GPATCH2L,chr14:76665873:+,0.493410040494779,0.522411766070695,0.678786556395194,NC,NS
GPATCH8,chr17:42536786:-,-0.161441015534987,0.791896824293275,0.878579494847349,NC,NS
GPATCH8,chr17:42563521:-,0.0100599957730072,0.995502120739813,0.996526089183281,NC,NS
GPR137C,chr14:53095186:+,-1.91221436547882,0.170051645443003,0.346077501767316,NC,NS
GPR153,chr1:6312355:-,0.815302084013974,0.391002218955771,0.55762508717432,NC,NS
GPR158,chr10:25568504:+,-0.717867979935831,0.152349105741672,0.322037683987392,NC,NS
GPR158,chr10:25722335:+,-0.509504654810755,0.817601076807199,0.895643142670831,NC,NS
GPR158,chr10:25737509:+,-2.43530727286177,0.391671002186845,0.558187888108731,NC,NS
GPR158,chr10:25755145:+,0.755715706262916,0.507718772717507,0.664402211032243,NC,NS
GPR75-ASB3,chr2:53960922:-,1.65217357782455,0.140099592620361,0.30325828189087,NC,NS
GPR75-ASB3,chr2:53960984:-,1.72027593410397,0.123638369260805,0.275823984805661,NC,NS
GPR75-ASB3,chr2:53997303:-,0.670230937969648,0.329290067169885,0.521930119494678,NC,NS
GPR75-ASB3,chr2:54000054:-,-1.08653324969555,0.091368063349136,0.222775609275397,NC,NS
GPR75-ASB3,chr2:54001372:-,-0.777043461610561,0.161457417975538,0.334707566122263,NC,NS
GPR75-ASB3,chr2:54009057:-,-0.138168753158282,0.547901476184849,0.700312209906875,NC,NS
GPR75-ASB3,chr2:54042538:-,-0.407532312657257,0.70689872954414,0.821731776866169,NC,NS
GPR75-ASB3,chr2:54076020:-,0.431367924930964,0.063943484171168,0.173923417538794,NC,NS
GPR89A,chr1:145777441:-,2.0673027033872,0.0785642902511501,0.200700399145252,NC,NS
GRAMD1B,chr11:123430339:+,-1.542633096271,0.391002218955771,0.55762508717432,NC,NS
GRB10,chr7:50703639:-,1.43507405743124,0.457465751777503,0.619029017839079,NC,NS
GRB10,chr7:50724927:-,2.30948902178,0.522140308860444,0.678780840332014,NC,NS
GREB1L,chr18:18906574:+,0,,1,NC,NS
GREB1L,chr18:18946111:+,3.72783177310752,4.2556745914361e-06,0.000255655710641087,UP,IPA activation in Neurites
GREB1L,chr18:18989987:+,-2.71025395336585,0.000785345867844649,0.00657744060745621,DN,IPA suppression in Neurites
GREB1L,chr18:18994420:+,3.2124157257638,0.0625310774839441,0.171616595057457,NC,NS
GREB1L,chr18:19001264:+,1.36597030806069,0.00740545986759604,0.0361117267722716,UP,IPA activation in Neurites
GRIA1,chr5:153116875:+,0.550821967847058,0.748621723350588,0.8494080618239,NC,NS
GRIA4,chr11:105485146:+,-0.217515361822958,0.612318832661324,0.752409959527778,NC,NS
GRIA4,chr11:105485220:+,-0.252196256363214,0.563854277904909,0.713765586962874,NC,NS
GRIA4,chr11:105524754:+,-0.397754164791039,0.797953604325065,0.883066235762058,NC,NS
GRIA4,chr11:105783836:+,-0.653153905654459,0.02506520909652,0.0891573884968322,DN,NS
GRIA4,chr11:105808173:+,-0.71160934289243,0.327686046696187,0.519594446581068,NC,NS
GRIA4,chr11:105826335:+,-0.134524462494773,0.523825102745768,0.679958106832698,NC,NS
GRIA4,chr11:105836469:+,-1.9469600478163,0.391002218955771,0.55762508717432,NC,NS
GRIN2A,chr16:10008763:-,1.94670885427456,0.323363917255116,0.515053624014205,NC,NS
GRIN3A,chr9:104369189:-,0,,1,NC,NS
GRIN3A,chr9:104371741:-,-1.32373002834534,0.391002218955771,0.55762508717432,NC,NS
GRIN3A,chr9:104371814:-,-1.46247915226648,0.391002218955771,0.55762508717432,NC,NS
GRK5,chr10:121178911:+,1.46765201823128,0.410901369545958,0.576874225104049,NC,NS
GRPEL1,chr4:7065787:-,0.627494759117213,0.000775329207699667,0.00651597914450186,UP,IPA activation in Neurites
GSK3B,chr3:119596749:-,1.97220482855173,0.391002218955771,0.55762508717432,NC,NS
GSK3B,chr3:119710583:-,1.72774859770767,0.590935516041655,0.734343775707347,NC,NS
GSK3B,chr3:119728913:-,4.99771078252115,0.0870498878060446,0.215345579087043,NC,NS
GSPT1,chr16:12000690:-,2.75322061715779,0.169801091372386,0.34582137878747,NC,NS
GSTA4,chr6:52847349:-,0.161402002743799,0.148937550013509,0.317724734048984,NC,NS
GSTM3,chr1:110280712:-,0.939808366849599,0.00241378553156335,0.0151164483868562,UP,IPA activation in Neurites
GTF2A1,chr14:81670449:-,0,,1,NC,NS
GTF2E1,chr3:120469907:+,0.82691020123358,0.0395971735372677,0.123927262530852,UP,NS
GTF2E2,chr8:30499673:-,0.430091070910969,0.308864266557589,0.500644077637984,NC,NS
GTF2F1,chr19:6392867:-,0.323822305781933,0.315156457223956,0.506791579924578,NC,NS
GTF2H1,chr11:18354793:+,0.202889045796366,0.201020370316805,0.374775908797537,NC,NS
GTF2H1,chr11:18359870:+,0.85637407795661,0.0581294435378459,0.165220719775209,NC,NS
GTF2I,chr7:74110087:+,-1.46619038170066,0.587191614360717,0.730947658091391,NC,NS
GUCY1A2,chr11:106658142:-,0.559352555909289,0.784671576580618,0.874450437382925,NC,NS
GUCY1A2,chr11:106694627:-,-0.932550755003333,0.71154075346948,0.825489544427991,NC,NS
GUCY1A2,chr11:106828582:-,0,,1,NC,NS
GUK1,chr1:228336158:+,0.167272444572461,0.437877419217902,0.601216569388914,NC,NS
GXYLT2,chr3:72979039:+,4.65425094987937,1.67607652424606e-06,0.000159917418960418,UP,IPA activation in Neurites
GXYLT2,chr3:72988328:+,4.74260246870233,3.58466522911478e-06,0.000243869368389516,UP,IPA activation in Neurites
H2AFV,chr7:44871577:-,0,,1,NC,NS
H2AFV,chr7:44871825:-,0,,1,NC,NS
H2AFV,chr7:44872054:-,0,,1,NC,NS
H2AFV,chr7:44872165:-,0,,1,NC,NS
H2AFV,chr7:44873532:-,-0.542323121815645,0.421134272694222,0.586248900696326,NC,NS
H2AFV,chr7:44873594:-,-0.475113347340254,0.520091855967522,0.677218884436169,NC,NS
H2AFV,chr7:44873769:-,-1.15448896646007,0.164952972062642,0.339831400193786,NC,NS
H2AFV,chr7:44873827:-,-0.88390720896343,0.128759174377526,0.284671085023429,NC,NS
H2AFV,chr7:44873865:-,-0.817639649250607,0.128719604470428,0.284671085023429,NC,NS
H2AFV,chr7:44873906:-,-0.674148289446906,0.106271707725071,0.246372469778052,NC,NS
H2AFV,chr7:44873938:-,-0.573502385226004,0.0949217812681475,0.228544971623358,NC,NS
H2AFY2,chr10:71821535:+,0,,1,NC,NS
HACD2,chr3:123230303:-,3.96124617780596,0.191510594938817,0.366852935046431,NC,NS
HACD2,chr3:123230466:-,4.12783711325599,0.149970864259905,0.318950273377926,NC,NS
HACD2,chr3:123231486:-,0.314417593529916,0.918600486665589,0.953479088761679,NC,NS
HACD3,chr15:65841788:+,-6.79927257647679,0.000364190133398017,0.00388855244343901,DN,IPA suppression in Neurites
HARS,chr5:140058660:-,-3.71568477598854,0.0875162118623333,0.216169485747266,NC,NS
HBS1L,chr6:135350964:-,0.355894067810192,0.681088090396507,0.803241553046389,NC,NS
HBS1L,chr6:135360710:-,3.08644780030693,1.54772403037632e-06,0.0001569005235794,UP,IPA activation in Neurites
HDAC4,chr2:240115031:-,2.94486858759801,0.0915677600399227,0.223119038735235,NC,NS
HDAC4,chr2:240164620:-,-1.89499540108482,0.195988034294513,0.37007286568766,NC,NS
HDAC9,chr7:18596366:+,0.365300223894969,0.631954215459225,0.766090984659838,NC,NS
HDAC9,chr7:18722127:+,-0.0340134839324855,0.949756241806882,0.969480569043903,NC,NS
HDAC9,chr7:18722218:+,-0.0364344897502422,0.946354687019262,0.967835625690569,NC,NS
HDAC9,chr7:18737861:+,0.264568390441141,0.540200993674802,0.694104744797338,NC,NS
HDDC2,chr6:125598247:-,0.562922154811545,0.0111873230785177,0.0489986625563162,UP,IPA activation in Neurites
HDGFL3,chr15:83826103:-,2.31918056833293,1.47426574208069e-05,0.000543467962194291,UP,IPA activation in Neurites
HDLBP,chr2:242168627:-,-0.364147774474927,0.195310037225192,0.369712460658501,NC,NS
HDLBP,chr2:242189255:-,0.619943917822559,0.0143201727199714,0.0590525088604924,UP,NS
HDLBP,chr2:242216326:-,-4.03993613471035,0.216497084938305,0.39323434688682,NC,NS
HECTD4,chr12:112731372:-,-4.55741199805114,0.1853680480083,0.362420360169629,NC,NS
HECW1,chr7:43177942:+,-0.579732230050044,0.198714006482526,0.373048748280853,NC,NS
HECW1,chr7:43314235:+,1.34050789833627,0.459303005637487,0.620838226127823,NC,NS
HECW1,chr7:43600373:+,-0.280047351746852,0.620172403253559,0.757762539090726,NC,NS
HECW2,chr2:197135848:-,2.75893754047784,0.00116819541645416,0.00882001769198921,UP,IPA activation in Neurites
HELZ,chr17:65141765:-,2.25349169227863,9.73573135955567e-05,0.00172349512670277,UP,IPA activation in Neurites
HERC2,chr15:28388947:-,1.97398981750976,0.00950337696673571,0.0430171463443125,UP,IPA activation in Neurites
HERPUD1,chr16:56974054:+,1.18047609967285,0.00303881687595705,0.0181450228975174,UP,IPA activation in Neurites
HIP1,chr7:75319739:-,2.09012445250685,0.343494805842273,0.536949641881303,NC,NS
HIPK2,chr7:139362151:-,-0.0754702996472263,0.966266109222864,0.979313045296815,NC,NS
HIPK2,chr7:139377411:-,0.903791031374382,0.675800148051229,0.799810359128692,NC,NS
HIPK2,chr7:139407335:-,3.9433148541193,0.00272256060643602,0.0166431908428614,UP,IPA activation in Neurites
HIST1H2BD,chr6:26168700:+,-0.252488741188611,0.919493306751065,0.953677354072629,NC,NS
HIVEP3,chr1:42007624:-,0.0262313692130212,0.984013346133271,0.990702111459305,NC,NS
HIVEP3,chr1:42143224:-,-0.0214124511052392,0.991956871939635,0.994999957965624,NC,NS
HIVEP3,chr1:42307010:-,1.25115758430653,0.000121405863906124,0.00190568043150709,UP,IPA activation in Neurites
HIVEP3,chr1:42312860:-,1.63164376280425,0.00285382288939644,0.0172505617140411,UP,IPA activation in Neurites
HIVEP3,chr1:42404912:-,1.76901150626711,0.36785394322218,0.55762508717432,NC,NS
HIVEP3,chr1:42479512:-,0.632175167425016,0.661435349353791,0.789939397978937,NC,NS
HIVEP3,chr1:42480461:-,-1.06801500485004,0.577251249345602,0.723385160781792,NC,NS
HIVEP3,chr1:42480504:-,-0.921909845708631,0.62359965619031,0.759748604662506,NC,NS
HK1,chr10:71146175:+,0.312047891739641,0.167724844127043,0.343208196603107,NC,NS
HKR1,chr19:37817335:+,1.36570650334462,0.190906567972674,0.366193648839812,NC,NS
HKR1,chr19:37817435:+,1.13244608411368,0.30761837622778,0.499789989557389,NC,NS
HLCS,chr21:38227077:-,2.00886192753049,0.552520953380664,0.704551089924085,NC,NS
HLCS,chr21:38227152:-,1.33743297170996,0.62899093900457,0.76383077344553,NC,NS
HLCS,chr21:38243858:-,1.18554828155654,0.55163477320751,0.703789933515402,NC,NS
HM13,chr20:30149638:+,0.0645700417145294,0.893861937416527,0.939018175187569,NC,NS
HMGA1,chr6:34208692:+,-0.220657595965652,0.359764175796129,0.551895485316508,NC,NS
HMGCLL1,chr6:55376873:-,-0.193093220722399,0.550459937988346,0.702659511608419,NC,NS
HMGCLL1,chr6:55378062:-,0.900843978252962,0.0226223692619334,0.0827050704947917,UP,NS
HNRNPA1L2,chr13:53206117:+,1.47671765930934,0.259641308381524,0.448019364037056,NC,NS
HNRNPA2B1,chr7:26232870:-,0.839058025425336,0.000267419416520519,0.00306179501362082,UP,IPA activation in Neurites
HNRNPA2B1,chr7:26233151:-,0.6699789962009,0.00183510761852798,0.0122480803345344,UP,IPA activation in Neurites
HNRNPA2B1,chr7:26233194:-,0.684977645940881,0.00114445383110571,0.00870142553462562,UP,IPA activation in Neurites
HNRNPA3,chr2:178084094:+,0.33648859491053,0.0112590794791293,0.0491645390425562,UP,IPA activation in Neurites
HNRNPA3,chr2:178084615:+,0.508179053213902,0.00731984171240257,0.0358333498717816,UP,IPA activation in Neurites
HNRNPA3,chr2:178084796:+,0.606953275500102,0.0184730357628766,0.0711153417896815,UP,NS
HNRNPA3,chr2:178084855:+,0.664397887026554,0.0174828574873448,0.0684405346206111,UP,NS
HNRNPA3,chr2:178085121:+,0.6973807121348,0.0725550576573874,0.189813392774649,NC,NS
HNRNPA3,chr2:178085262:+,0.580643073106623,0.188323804500472,0.363821378353169,NC,NS
HNRNPA3,chr2:178085593:+,0.773875532185503,0.0587897063883932,0.166127010038282,NC,NS
HNRNPA3,chr2:178085725:+,0.968974373679723,0.0878931725539027,0.216660677632873,NC,NS
HNRNPA3,chr2:178085762:+,1.05839077295274,0.103542064911648,0.241416237594672,NC,NS
HNRNPA3,chr2:178085879:+,1.21431700116692,0.311722623509396,0.503265522892077,NC,NS
HNRNPA3,chr2:178086105:+,-0.435629394247227,0.337539430377026,0.530512554332884,NC,NS
HNRNPC,chr14:21732995:-,0,,1,NC,NS
HNRNPD,chr4:83292680:-,0.1639009274021,0.606247688727962,0.747214096593278,NC,NS
HNRNPD,chr4:83294598:-,0.0453829601913536,0.877809768233113,0.931849731159334,NC,NS
HNRNPDL,chr4:83346661:-,0.496375778364288,0.00726364550324137,0.0355940574207175,UP,IPA activation in Neurites
HNRNPH1,chr5:179048195:-,0.21625690150309,0.184542739035936,0.362420360169629,NC,NS
HNRNPK,chr9:86590282:-,0.111859740877497,0.628670698048644,0.763632455492935,NC,NS
HNRNPLL,chr2:38812731:-,2.57407529236752,0.000197453806847133,0.00251521001078049,UP,IPA activation in Neurites
HNRNPR,chr1:23649984:-,0.121944967020978,0.467354659610661,0.62787072713017,NC,NS
HNRNPR,chr1:23651191:-,1.90039464254158,0.208497700297095,0.38328288993036,NC,NS
HNRNPU,chr1:245019758:-,-0.728617213664039,0.00172502921373665,0.011772780019695,DN,IPA suppression in Neurites
HNRNPU,chr1:245022571:-,-0.926945277548968,0.00268822866198859,0.0164954863420385,DN,IPA suppression in Neurites
HOMER1,chr5:78693349:-,3.73726295355463,0.000276038904951051,0.00313833016703695,UP,IPA activation in Neurites
HOMER1,chr5:78729700:-,2.86081047885716,0.250214533379157,0.436812078264949,NC,NS
HOOK3,chr8:42765396:+,-0.119420141497519,0.62857203197221,0.763632455492935,NC,NS
HP1BP3,chr1:21100189:-,0,,1,NC,NS
HP1BP3,chr1:21100616:-,1.39482637404699,0.391002218955771,0.55762508717432,NC,NS
HS2ST1,chr1:87419752:+,-0.452111586333558,0.776976343788529,0.869941759980437,NC,NS
HS3ST2,chr16:22889489:+,-0.544421891092045,0.319608216130524,0.511583414372082,NC,NS
HS6ST2,chrX:131898939:-,4.00685907807615,0.0290916781803809,0.0996181644367688,UP,NS
HS6ST3,chr13:97403798:+,-0.982112615464856,0.685400198349994,0.806762787898179,NC,NS
HSD17B12,chr11:43726659:+,5.02524574753364,0.000189916485650731,0.00247079950551589,UP,IPA activation in Neurites
HSD17B12,chr11:43726760:+,5.05286161516073,0.000192107188414948,0.00247955856452822,UP,IPA activation in Neurites
HSD17B12,chr11:43741178:+,2.15632688573807,0.000605320120742742,0.00549531288719064,UP,IPA activation in Neurites
HSD17B12,chr11:43756270:+,-2.59855584975141,0.182030944603642,0.36107907192559,NC,NS
HSP90AA1,chr14:102548389:-,0.188926853268325,0.0760459304884096,0.196620349498725,NC,NS
HSP90AA1,chr14:102550125:-,0.339740714858908,0.0307540525543835,0.10363519371858,UP,NS
HSP90B1,chr12:104340475:+,0,,1,NC,NS
HSPA12A,chr10:118561137:-,-0.181681257199301,0.463309987590155,0.624114490184478,NC,NS
HSPA12A,chr10:118579761:-,-0.273807473939829,0.277765651921325,0.466232377457456,NC,NS
HSPA12A,chr10:118582752:-,-0.213251599569365,0.346807417610018,0.539981035695755,NC,NS
HSPA12A,chr10:118582836:-,-0.224400056627625,0.32697139719074,0.518761923289905,NC,NS
HSPA12A,chr10:118586296:-,-0.268470611603238,0.217620269861241,0.394832301694556,NC,NS
HSPA12A,chr10:118586328:-,-0.266303292225263,0.220172910508936,0.397831928160594,NC,NS
HSPA12A,chr10:118588275:-,-0.334019415841693,0.171476454414446,0.347958476722559,NC,NS
HSPA12A,chr10:118588872:-,-0.270353324650373,0.156784153194032,0.327992987722338,NC,NS
HSPA12A,chr10:118589226:-,-0.240123149695694,0.325774420025763,0.517212748688059,NC,NS
HSPA9,chr5:137902234:-,0.28087989590205,0.249014815706051,0.435552154286716,NC,NS
HSPD1,chr2:198352556:-,0.0845348935194334,0.268053723470825,0.455588340345454,NC,NS
HSPE1-MOB4,chr2:198368007:+,2.07132037420929,3.94871769945489e-07,6.40482010851583e-05,UP,IPA activation in Neurites
HSPE1-MOB4,chr2:198368065:+,2.08356310840022,1.05919249761155e-06,0.000119861178915763,UP,IPA activation in Neurites
HSPE1-MOB4,chr2:198368102:+,2.08429229277992,1.04929654677181e-06,0.000119861178915763,UP,IPA activation in Neurites
HSPE1-MOB4,chr2:198368162:+,2.08118179501996,1.51339500304706e-06,0.000156684682655894,UP,IPA activation in Neurites
HSPE1-MOB4,chr2:198371481:+,2.23803004962769,1.45285755473987e-05,0.000543467962194291,UP,IPA activation in Neurites
HSPE1-MOB4,chr2:198375536:+,2.64082450546547,2.26559291952222e-05,0.000638422969206335,UP,IPA activation in Neurites
HSPE1-MOB4,chr2:198375624:+,2.66511346813531,2.00486886250795e-05,0.000587899230631873,UP,IPA activation in Neurites
HSPE1-MOB4,chr2:198378125:+,5.11632284923771,0.0108561950485358,0.0477633319224007,UP,IPA activation in Neurites
HSPH1,chr13:31711405:-,0.230355490864598,0.0829305767387784,0.207582400417127,NC,NS
ICA1L,chr2:203684328:-,3.33851254448716,7.73129991250108e-07,0.000104501403817306,UP,IPA activation in Neurites
ICMT,chr1:6291937:-,0.379529909410955,0.118414639684663,0.266761868845171,NC,NS
IDH3B,chr20:2644091:-,0.782448100291672,0.00590281016611924,0.0304915862721191,UP,IPA activation in Neurites
IDI1,chr10:1088489:-,-0.120615823237773,0.62332152168288,0.759599931006485,NC,NS
IDI1,chr10:1096162:-,1.05420911748523,0.0103859555587701,0.0461113683841016,UP,IPA activation in Neurites
IDI1,chr10:1096846:-,1.05425864330152,0.0155027065321828,0.0624471605841072,UP,NS
IDI1,chr10:1097253:-,0.881368831743467,0.0477130907928922,0.143404508831509,UP,NS
IDI1,chr10:1097330:-,0.869670660415705,0.0452487179981301,0.137269489887095,UP,NS
IFNAR1,chr21:34717702:+,1.93178914496027,3.02125555988107e-05,0.000798990736651156,UP,IPA activation in Neurites
IFT22,chr7:100959612:-,0.868980380272438,0.00050985332135452,0.00489338513158007,UP,IPA activation in Neurites
IFT57,chr3:107932775:-,0.444107585739193,0.451530565275983,0.61339236935881,NC,NS
IGF2BP2,chr3:185362503:-,0,,1,NC,NS
IGF2R,chr6:160511215:+,0.0112920778187378,0.964333212510668,0.978408134294602,NC,NS
IGSF11,chr3:118783359:-,0,,1,NC,NS
IGSF21,chr1:18458535:+,-1.68651814967067,0.460387299707589,0.62137559721995,NC,NS
IL17D,chr13:21287683:+,-1.30594235104191,0.415268214862509,0.580659521126716,NC,NS
IL17D,chr13:21288291:+,-1.72165079690376,0.186066263480607,0.362420360169629,NC,NS
ILF3,chr19:10795505:+,-0.354102046802504,0.220394794784935,0.398085030224014,NC,NS
ILF3,chr19:10795625:+,-0.38271811645124,0.148050070076943,0.316386315763903,NC,NS
ILF3,chr19:10796295:+,-0.227023518604766,0.324522547974851,0.516223183538942,NC,NS
ILF3,chr19:10796367:+,-0.2360330925475,0.291239427149647,0.480490818563343,NC,NS
ILF3,chr19:10796441:+,-0.259081402845334,0.252409848495164,0.439436967004461,NC,NS
IMPDH2,chr3:49064392:-,0,,1,NC,NS
INA,chr10:105042691:+,2.03307473432923,0.429028122031404,0.592241373561649,NC,NS
INO80D,chr2:206935982:-,1.52887997097726,0.438818365415898,0.601829246368027,NC,NS
INPP4A,chr2:99123717:+,-2.07794482075981,0.195109021566411,0.369560334348835,NC,NS
INPP4A,chr2:99199742:+,-0.192589594945006,0.646047858251309,0.778521267521265,NC,NS
INPP5A,chr10:134486144:+,1.4712055575103,0.5322338504362,0.68714510910654,NC,NS
INTS6,chr13:52010560:-,-0.0763607507571353,0.869660894708539,0.926597309755146,NC,NS
INTS6,chr13:52017870:-,-0.264120775760247,0.80512698807457,0.888051103342291,NC,NS
INTS6,chr13:52021236:-,0.1503984208211,0.798570670222141,0.88344793910549,NC,NS
INTS8,chr8:95871898:+,3.36456983546393,7.02401439434677e-06,0.000352669174284573,UP,IPA activation in Neurites
INTS8,chr8:95888796:+,2.06816998675065,0.00573023282179979,0.0297580714096881,UP,IPA activation in Neurites
INVS,chr9:102916885:+,3.12017858167433,0.000666891294921406,0.00590016916561375,UP,IPA activation in Neurites
IP6K2,chr3:48730881:-,-0.0378123635608612,0.975020688451348,0.984325865146112,NC,NS
IP6K2,chr3:48730954:-,0.0902665973983839,0.840513333521152,0.908875084647539,NC,NS
IP6K2,chr3:48731145:-,0.26905292142731,0.548600215348471,0.701021178541403,NC,NS
IP6K2,chr3:48731197:-,0.174612755582476,0.7130212826155,0.825889445657468,NC,NS
IQCJ-SCHIP1,chr3:159422233:+,-0.278208372541145,0.747787867858699,0.849179875145958,NC,NS
IQCJ-SCHIP1,chr3:159563569:+,5.85923822522322,0.0276488010240942,0.0956892359767016,UP,NS
IQSEC1,chr3:13058295:-,0,,1,NC,NS
IQSEC3,chr12:178663:+,-0.507560465325893,0.111250017746878,0.253793992665875,NC,NS
IQSEC3,chr12:180590:+,-0.710132066861602,0.135781838151486,0.296550459804816,NC,NS
IQSEC3,chr12:257846:+,2.81043106878404,0.0373225623917574,0.119159404457825,UP,NS
IQSEC3,chr12:257923:+,2.8854679406428,0.0248071235343918,0.0884981401160928,UP,NS
ITFG1,chr16:47450037:-,2.294388815512,0.00129521325112769,0.00957341287392682,UP,IPA activation in Neurites
ITFG1,chr16:47453960:-,2.38562108727548,0.00129652262308216,0.00957341287392682,UP,IPA activation in Neurites
ITFG1,chr16:47470906:-,0.489117574969037,0.149537549079959,0.318585689064395,NC,NS
ITGB1BP1,chr2:9552467:-,1.31737993962441,0.000863940641658491,0.00700655860385036,UP,IPA activation in Neurites
ITGB8,chr7:20406854:+,3.80391098602956,4.88466659510816e-07,7.42774614118635e-05,UP,IPA activation in Neurites
ITPK1,chr14:93406062:-,0.177292540550739,0.262936480837674,0.450986575874558,NC,NS
ITPK1,chr14:93406109:-,0.184860433001951,0.228068427073172,0.40755819542345,NC,NS
ITPK1,chr14:93406207:-,0.148451879863062,0.265558997606725,0.452771577559328,NC,NS
ITSN1,chr21:35210798:+,-0.454525120248476,0.102991614558464,0.240593949323804,NC,NS
ITSN1,chr21:35210941:+,-0.475824045777381,0.102135149925977,0.239912459475978,NC,NS
ITSN1,chr21:35216717:+,-0.62028184944968,0.261898310962036,0.450617362988775,NC,NS
IWS1,chr2:128253573:-,0.888575061767167,0.053732279988743,0.156469942803844,NC,NS
JAK1,chr1:65460102:-,0.336049588496461,0.779009131156279,0.871415731541713,NC,NS
JAK1,chr1:65469153:-,-1.07511436836533,0.210667886667763,0.385814804864635,NC,NS
JAK1,chr1:65498248:-,-1.08753392618477,0.00494870400129361,0.0265788009605902,DN,IPA suppression in Neurites
JAK1,chr1:65514019:-,-0.939662772039485,0.00536909049562703,0.0283669862667982,DN,IPA suppression in Neurites
JAK1,chr1:65517341:-,-1.04579649070259,0.00732796743143599,0.0358370748958468,DN,IPA suppression in Neurites
JAK1,chr1:65517512:-,-1.02624302136896,0.00793778359425698,0.0379050588514764,DN,IPA suppression in Neurites
JAK1,chr1:65520565:-,-0.893444102763198,0.00806936792568641,0.0383823713825568,DN,IPA suppression in Neurites
JAK1,chr1:65520657:-,-0.896088681148502,0.00651169860003285,0.0330044270407561,DN,IPA suppression in Neurites
JAK2,chr9:5093277:+,3.52527988591804,4.71441504407294e-06,0.000276389681981433,UP,IPA activation in Neurites
JAK2,chr9:5093799:+,3.52002795203941,1.16313394520373e-05,0.000498306303636716,UP,IPA activation in Neurites
JAK2,chr9:5097707:+,3.34039874858316,3.36419441860849e-05,0.000848195338909271,UP,IPA activation in Neurites
JAKMIP2,chr5:147117555:-,5.55573835159096,0.00280418231941736,0.0169927162718367,UP,IPA activation in Neurites
JAM3,chr11:133949439:+,0,,1,NC,NS
JAM3,chr11:133986112:+,3.26413089001823,0.000630155458631676,0.00565744734631316,UP,IPA activation in Neurites
JAZF1,chr7:28003713:-,0.208943728207407,0.927194830813698,0.958107888456032,NC,NS
JAZF1,chr7:28004260:-,-2.40365482464104,0.0737468124139509,0.192413935231252,NC,NS
JAZF1,chr7:28004950:-,-1.68126086135856,0.0471123210797987,0.141949569272013,DN,NS
JMJD1C,chr10:65070604:-,0.630207008401795,0.197090233862829,0.371289615941357,NC,NS
JMJD1C,chr10:65205623:-,4.14216891685597,0.0825554831651368,0.20696289597195,NC,NS
JMJD1C,chr10:65226537:-,-0.628723837091678,0.479172186240982,0.637444747892132,NC,NS
JMJD1C,chr10:65227360:-,-0.781221159287194,0.418156851768777,0.583524875453647,NC,NS
JMY,chr5:78596687:+,2.08536490090312,0.000137295365099752,0.00205562845100121,UP,IPA activation in Neurites
JPH3,chr16:87688093:+,-0.259232397661767,0.688780128077181,0.809370708337011,NC,NS
JPH3,chr16:87709971:+,0.648831473225587,0.73477132285567,0.840874237303784,NC,NS
KALRN,chr3:123883533:+,1.2420516721182,0.109989595758784,0.251605249257619,NC,NS
KATNAL1,chr13:30815050:-,2.80978066050757,2.72769412955383e-06,0.000212407822407693,UP,IPA activation in Neurites
KATNAL1,chr13:30825853:-,2.20686615424186,0.114441403879951,0.259735014589478,NC,NS
KATNAL1,chr13:30828131:-,3.35379245502616,0.00058336257798947,0.00534584238134984,UP,IPA activation in Neurites
KATNAL1,chr13:30828739:-,3.3487389192725,0.000221110320096439,0.00268309929573385,UP,IPA activation in Neurites
KAZN,chr1:15144287:+,0.38685719390034,0.417768808884637,0.583150609303685,NC,NS
KAZN,chr1:15205754:+,0.403935778837362,0.364352435057342,0.556478012865357,NC,NS
KAZN,chr1:15394645:+,0.156544856918224,0.726119284370956,0.835689791331379,NC,NS
KAZN,chr1:15416258:+,-0.324264227287767,0.465389546498313,0.626094977401379,NC,NS
KCNAB2,chr1:6128119:+,1.76712566653377,0.212821342883166,0.388442856140093,NC,NS
KCNB1,chr20:48088471:-,-1.53396572895025,0.0474304209895303,0.142643033705225,DN,NS
KCNB2,chr8:73607093:+,2.50946758489331,0.251125878300428,0.438142174187839,NC,NS
KCND3,chr1:112382508:-,-0.386967099847602,0.303117965315307,0.494230282396585,NC,NS
KCND3,chr1:112513951:-,-0.581896514973232,0.353799164154402,0.546709029144274,NC,NS
KCNH7,chr2:163349376:-,4.50555349207319,0.118829575694415,0.267402869390452,NC,NS
KCNIP1,chr5:170069802:+,6.16790692120517,0.0635196915271657,0.173337926822752,NC,NS
KCNIP4,chr4:20806810:-,-0.61484207812787,0.863592711400468,0.92249111299753,NC,NS
KCNJ3,chr2:155592926:+,0.280419255388742,0.438507911860801,0.601742667545025,NC,NS
KCNMA1,chr10:79124782:-,1.15635118084419,0.645643607682035,0.778415598558265,NC,NS
KCNMA1,chr10:79252770:-,-0.81729504387897,0.108602924885225,0.249376286187824,NC,NS
KCNMA1,chr10:79253905:-,-0.852906564392383,0.091160063665109,0.222494689010593,NC,NS
KCNMB4,chr12:70816405:+,-0.00591848789071214,0.991895310495633,0.994999957965624,NC,NS
KCNQ3,chr8:133236329:-,-0.908482650511035,0.0773860907003976,0.198607973284881,NC,NS
KCNQ3,chr8:133295499:-,-0.268177079978126,0.804579178741022,0.887964597632931,NC,NS
KCNQ3,chr8:133295704:-,-0.270344405118537,0.800105618021647,0.884643021425434,NC,NS
KCNS3,chr2:18079165:+,1.56763079494927,0.586734906427419,0.730753021416898,NC,NS
KCNT2,chr1:196420348:-,1.13151485103098,0.164029557913474,0.338350075797781,NC,NS
KCTD13,chr16:29924719:-,0.79629584492464,0.604116070489588,0.745153054246473,NC,NS
KCTD13,chr16:29930956:-,-0.478456851268966,0.523872367964608,0.679958106832698,NC,NS
KCTD13,chr16:29931103:-,0,,1,NC,NS
KCTD2,chr17:73039823:+,3.02287973237868,0.000842881697202366,0.00685863267322193,UP,IPA activation in Neurites
KCTD3,chr1:215781607:+,0.304145727091667,0.0962706758356352,0.230651456728804,NC,NS
KCTD3,chr1:215791428:+,-0.650286634801577,0.789433186289241,0.878101907025134,NC,NS
KDM1A,chr1:23381658:+,3.31626038079378,0.000337338416199317,0.00368873872635029,UP,IPA activation in Neurites
KDM3B,chr5:137700045:+,0.863319669092872,0.706410189989553,0.82155640164655,NC,NS
KDM4C,chr9:6836168:+,1.3349564381045,0.0154251865401126,0.0623413269968339,UP,NS
KDM5B,chr1:202736223:-,0,,1,NC,NS
KDM5B,chr1:202739225:-,-2.29120225633825,0.251940546790518,0.438830051720483,NC,NS
KHDC4,chr1:155891065:-,1.88478659158901,0.00369982821441635,0.021130709027406,UP,IPA activation in Neurites
KHDRBS1,chr1:32509396:+,0.193177123239785,0.475808666286467,0.634846440951452,NC,NS
KHDRBS1,chr1:32509424:+,0.189342597412781,0.48530181851055,0.643279392228912,NC,NS
KHDRBS1,chr1:32509478:+,0.185974789448786,0.505496433508628,0.663004217103231,NC,NS
KHDRBS1,chr1:32509558:+,0.189372183300495,0.497551750065339,0.655055956660698,NC,NS
KHSRP,chr19:6414681:-,-0.0315816327174966,0.971079998937809,0.982181516281725,NC,NS
KIAA0100,chr17:26966500:-,1.59321093655989,0.0815466494369289,0.205784519771436,NC,NS
KIAA0232,chr4:6860295:+,0.807342212481463,0.0522941286361748,0.153106636548512,NC,NS
KIAA0319L,chr1:35958682:-,2.7565333815329,0.00379407823615561,0.021542572575418,UP,IPA activation in Neurites
KIAA0319L,chr1:35962990:-,1.68226593469043,0.00325255420489092,0.0191146482620763,UP,IPA activation in Neurites
KIAA0319L,chr1:35990299:-,1.57664658632568,0.00310348048377955,0.018349375497049,UP,IPA activation in Neurites
KIAA0513,chr16:85071107:+,3.26753512486329,0.0637823164574076,0.173582075996502,NC,NS
KIAA1109,chr4:123156207:+,0.263950240454021,0.507426910107925,0.664282847615056,NC,NS
KIAA1211,chr4:57056464:+,-1.17588183041182,0.243833211160589,0.428670688936345,NC,NS
KIAA1211,chr4:57073253:+,-0.870670465901864,0.414169844244103,0.579790121430324,NC,NS
KIAA1211,chr4:57086765:+,1.29776863888724,0.526518636173664,0.681574802772293,NC,NS
KIAA1211,chr4:57103241:+,-1.27610531854066,0.0600912867419871,0.167662959453274,NC,NS
KIAA1324L,chr7:86512518:-,1.63293458384565,0.20674986056366,0.380568918087184,NC,NS
KIAA1324L,chr7:86512754:-,1.31442332325968,0.251372013984246,0.438414415787578,NC,NS
KIAA1324L,chr7:86541288:-,1.880279935916,0.000117252470276153,0.0018645441841953,UP,IPA activation in Neurites
KIAA1456,chr8:12869680:+,-0.0294495494097312,0.927726206083288,0.958453443482224,NC,NS
KIAA1549,chr7:138623769:-,2.30110879999234,0.172634819396958,0.349144235737987,NC,NS
KIAA1549,chr7:138626145:-,2.34682526693773,0.19082188008193,0.366193648839812,NC,NS
KIAA1671,chr22:25508476:+,-1.14936018956374,0.673304209340454,0.797823433465685,NC,NS
KIAA1958,chr9:115382374:+,-1.07911366310376,0.0822353898832201,0.20647957026406,NC,NS
KIAA1958,chr9:115382520:+,-0.596038496242883,0.0827628498537099,0.207375915235918,NC,NS
KIAA1958,chr9:115385441:+,-0.377518064056308,0.373611892727898,0.55762508717432,NC,NS
KIAA1958,chr9:115389303:+,-0.0285933938323767,0.806892191202504,0.889027637130962,NC,NS
KIAA1958,chr9:115389421:+,-0.0236458652131393,0.845274422248801,0.911797384130186,NC,NS
KIAA1958,chr9:115391988:+,-0.0536766673427448,0.656587575913776,0.786401187774726,NC,NS
KIAA1958,chr9:115392117:+,-0.0568556783900888,0.639893127354744,0.772826993722558,NC,NS
KIAA1958,chr9:115417554:+,1.46554049289693,0.0132119554753226,0.0553527461699812,UP,NS
KIAA2026,chr9:5933943:-,-1.14774600962863,0.391002218955771,0.55762508717432,NC,NS
KIDINS220,chr2:8868988:-,0.900158826631614,0.00465797598278419,0.0254136132594257,UP,IPA activation in Neurites
KIDINS220,chr2:8869053:-,0.90025413297859,0.00465864016181827,0.0254136132594257,UP,IPA activation in Neurites
KIDINS220,chr2:8918689:-,0.804738330622984,0.00159868081558401,0.0111545558453955,UP,IPA activation in Neurites
KIDINS220,chr2:8931096:-,0.911266294091221,0.0051055868573435,0.0272409930349051,UP,IPA activation in Neurites
KIF13A,chr6:17834191:-,1.50800545038801,0.00507567922017601,0.027111147184826,UP,IPA activation in Neurites
KIF1A,chr2:241710387:-,0.104249704475924,0.310128762553024,0.501691010167226,NC,NS
KIF1B,chr1:10332368:+,0.325204737747431,0.0327944160956607,0.108261620570885,UP,NS
KIF1B,chr1:10359631:+,-3.62198507918845,0.000907090562075395,0.0072836677806252,DN,IPA suppression in Neurites
KIF1B,chr1:10364944:+,-2.05926709410621,0.000178854494773317,0.00239753711175471,DN,IPA suppression in Neurites
KIF1B,chr1:10364990:+,-2.07163302860986,0.000161671376870068,0.0022606118386487,DN,IPA suppression in Neurites
KIF1B,chr1:10365058:+,-2.08667037757552,9.48227392736427e-05,0.0017152693282734,DN,IPA suppression in Neurites
KIF1B,chr1:10365424:+,-2.10013593542591,9.82302061407128e-05,0.00172349512670277,DN,IPA suppression in Neurites
KIF1B,chr1:10365686:+,-2.24455648786191,3.45298057669061e-05,0.000857255279906964,DN,IPA suppression in Neurites
KIF1B,chr1:10368521:+,-2.39954435943439,0.00014447663463801,0.00209857702730913,DN,IPA suppression in Neurites
KIF1B,chr1:10368655:+,-2.40689625958906,0.000116992690221808,0.0018645441841953,DN,IPA suppression in Neurites
KIF21A,chr12:39726694:-,0.390664729816721,0.0820397548470267,0.206307724592058,NC,NS
KIF2A,chr5:61631588:+,0,,1,NC,NS
KIF2A,chr5:61651158:+,0.995445586330602,4.65888939127099e-05,0.00106432656234388,UP,IPA activation in Neurites
KIF2A,chr5:61659753:+,1.14686851830691,0.00174729202350421,0.0119080153870749,UP,IPA activation in Neurites
KIF5A,chr12:57976486:+,-0.0416615098032813,0.747397988180107,0.848987591387198,NC,NS
KIF5C,chr2:149840613:+,-0.562480844876309,0.043673965046834,0.133394236336422,DN,NS
KIF5C,chr2:149868207:+,0.0412170831174354,0.831423865229689,0.904855107264983,NC,NS
KIRREL1,chr1:158000953:+,1.27851270818519,0.340349577002241,0.534066766105418,NC,NS
KLF8,chrX:56231526:+,2.1776089387776,0.000109728960354596,0.00180092372665062,UP,IPA activation in Neurites
KLF8,chrX:56232357:+,2.23184738282809,0.000147703724948969,0.00212640924734226,UP,IPA activation in Neurites
KLF8,chrX:56247441:+,2.45695421842656,0.000405688273573776,0.00419125082634818,UP,IPA activation in Neurites
KLHDC10,chr7:129767308:+,1.93542402701876,1.3230141763982e-06,0.000146313340508037,UP,IPA activation in Neurites
KLHDC2,chr14:50238392:+,0.462417464689469,0.129215913673039,0.285283410132944,NC,NS
KLHL13,chrX:117219036:-,-1.11828704831367,0.402666256554934,0.569543513161626,NC,NS
KLHL28,chr14:45414207:-,1.0574955034256,0.0270234849918897,0.0942230821639699,UP,NS
KLHL29,chr2:23880326:+,4.76789787305358,0.0312341600534202,0.104745294844895,UP,NS
KLHL7,chr7:23168070:+,0.301973647666311,0.439774230186052,0.60263064040702,NC,NS
KLHL7,chr7:23170953:+,0.36043945522824,0.387706847530103,0.55762508717432,NC,NS
KLHL7,chr7:23171101:+,0.367358989287966,0.406681522548382,0.573265437056902,NC,NS
KLHL7,chr7:23171521:+,0.252680085131914,0.576217806726901,0.723021105604203,NC,NS
KLHL7,chr7:23175282:+,1.48282182150529,0.372076814971231,0.55762508717432,NC,NS
KLHL8,chr4:88117306:-,3.34835696623596,0.196897331863358,0.371069874843957,NC,NS
KMT2C,chr7:151899949:-,2.25925046177364,0.000204245441570702,0.00255693421460021,UP,IPA activation in Neurites
KMT2C,chr7:151941178:-,0.699156481395374,0.752828070421191,0.85291301296147,NC,NS
KMT2C,chr7:152011866:-,0.355747607263208,0.602847432721526,0.743889615710671,NC,NS
KMT2E,chr7:104663096:+,5.04884927353955,0.0649616866282581,0.176102265812314,NC,NS
KMT2E,chr7:104663153:+,5.08411436734509,0.06432258711498,0.174759189783078,NC,NS
KMT2E,chr7:104722928:+,3.91634690700011,0.000521319600786295,0.00496426844897478,UP,IPA activation in Neurites
KMT2E,chr7:104728734:+,0,,1,NC,NS
KPNA3,chr13:50353234:-,0.757255905124063,0.58545738823406,0.730283427620338,NC,NS
KPNA4,chr3:160232768:-,-0.927971360209929,0.00245247052627011,0.0152800532404998,DN,IPA suppression in Neurites
KRCC1,chr2:88344787:-,1.82141816016624,0.385165645017715,0.55762508717432,NC,NS
LACTB,chr15:63424683:+,1.55363753917216,0.0499397915813475,0.147904458816091,UP,NS
LACTB,chr15:63429645:+,1.03128490742689,0.148481259098588,0.317029314073598,NC,NS
LACTB,chr15:63430202:+,0.876502635348614,0.318127291199926,0.510556530006214,NC,NS
LAMP2,chrX:119565360:-,0,,1,NC,NS
LAPTM4B,chr8:98858898:+,2.32690835131652,0.348664076194703,0.54152550104163,NC,NS
LARGE1,chr22:33758908:-,-1.14952740984434,0.374340882158267,0.55762508717432,NC,NS
LARGE1,chr22:33759272:-,-0.938483087796961,0.427625295951834,0.590807691681325,NC,NS
LARGE1,chr22:33807821:-,5.30145223818935,0.0634797528472742,0.173337926822752,NC,NS
LARP1,chr5:154172357:+,0.807462608974189,0.00681808351452582,0.033992617194347,UP,IPA activation in Neurites
LARP4,chr12:50855161:+,2.94426624417612,0.000257010174436409,0.00298475300431399,UP,IPA activation in Neurites
LARP4B,chr10:953464:-,-1.84570136159734,0.37600009857485,0.55762508717432,NC,NS
LARP6,chr15:71143773:-,2.87144614419094,0.00057617348585468,0.00532003829633562,UP,IPA activation in Neurites
LARS,chr5:145505997:-,0.559939883970816,0.0180810268526052,0.0702172998122722,UP,NS
LARS,chr5:145522338:-,0.15956329778103,0.648637898079485,0.780675738821364,NC,NS
LAS1L,chrX:64740798:-,-0.815620320193352,0.231558818616771,0.411979967601172,NC,NS
LAS1L,chrX:64741196:-,-0.153119306168415,0.391002218955771,0.55762508717432,NC,NS
LBR,chr1:225599881:-,4.07242790984197,0.00672862116729305,0.0337540934021113,UP,IPA activation in Neurites
LBR,chr1:225607416:-,0,,1,NC,NS
LCOR,chr10:98648994:+,4.14461626778937,0.000273826055216343,0.0031204627275942,UP,IPA activation in Neurites
LCOR,chr10:98668369:+,5.02693852800912,8.3967239996352e-05,0.00159300054796258,UP,IPA activation in Neurites
LCOR,chr10:98717744:+,1.4030722149613,0.128758662739082,0.284671085023429,NC,NS
LCOR,chr10:98718690:+,-0.582668084164518,0.194030978642806,0.368235078812752,NC,NS
LCOR,chr10:98723923:+,-0.226533464037761,0.142239384020727,0.307206765488176,NC,NS
LCOR,chr10:98724193:+,-0.229855747583527,0.136474400239402,0.29746663990082,NC,NS
LCORL,chr4:17861497:-,1.63850037781725,0.000580397818529642,0.00533146297259333,UP,IPA activation in Neurites
LCORL,chr4:17879626:-,-0.193411156566423,0.695043653238013,0.813391634597444,NC,NS
LCORL,chr4:17881966:-,0.0552723394447573,0.882752504399512,0.933798627480006,NC,NS
LCORL,chr4:17882289:-,0.0866522813643531,0.814478706040164,0.893228168490294,NC,NS
LCORL,chr4:17898833:-,2.03838925219044,0.361663663832224,0.553492850542253,NC,NS
LCORL,chr4:17912869:-,1.6508023496015,0.398246982191657,0.565471203777241,NC,NS
LDAH,chr2:20890513:-,0.62479263451539,0.688573801484522,0.809323700005721,NC,NS
LDHA,chr11:18421139:+,0.0963288987189657,0.403854501582909,0.570934341865902,NC,NS
LDLRAD4,chr18:13526661:+,0.129458460206467,0.915248455968945,0.951494577029436,NC,NS
LDLRAD4,chr18:13535887:+,-1.26600819860283,0.0937936023176767,0.226748279178934,NC,NS
LETMD1,chr12:51454204:+,4.35231183973705,9.03956511321838e-06,0.000418919274675435,UP,IPA activation in Neurites
LHFPL4,chr3:9554161:-,-0.176858718693854,0.529000788427851,0.684241849146709,NC,NS
LHFPL4,chr3:9568138:-,-0.802401548729688,0.0632330165194959,0.173055038461118,NC,NS
LHFPL4,chr3:9572750:-,0.313791657135596,0.808254552979206,0.889654991611352,NC,NS
LHFPL4,chr3:9580179:-,1.30932082351958,0.400986835937822,0.568532034869884,NC,NS
LHFPL6,chr13:39992520:-,-1.21214935970586,0.0391844581681226,0.123272407073276,DN,NS
LHX4,chr1:180231831:+,0.0552974272433914,0.970037125615342,0.981738904584911,NC,NS
LIN52,chr14:74595356:+,1.60811074171054,0.350956587792261,0.543697789301859,NC,NS
LIN52,chr14:74598424:+,0.327929521559176,0.536242570866624,0.690671347230544,NC,NS
LIN52,chr14:74650594:+,-0.473533077179019,0.89274890030666,0.93825402783849,NC,NS
LIN7A,chr12:81267636:-,-0.90900686454094,0.264006088871076,0.451782077450813,NC,NS
LINGO1,chr15:77910871:-,-1.84289763797612,0.391002218955771,0.55762508717432,NC,NS
LINGO2,chr9:28441250:-,-0.552544295793759,0.809578146570307,0.890060384367626,NC,NS
LMBRD2,chr5:36141143:-,1.83302924172482,2.61948091605707e-05,0.000712089057962776,UP,IPA activation in Neurites
LMTK2,chr7:97809572:+,-0.725203688585105,0.712801275943318,0.825889445657468,NC,NS
LMTK2,chr7:97809900:+,-1.37068525518778,0.663776791011405,0.791743330345771,NC,NS
LMTK2,chr7:97810027:+,0.199504456670172,0.917210659274755,0.95244282288326,NC,NS
LNPK,chr2:176812128:-,0.484711946728346,0.0782275116589581,0.200282569797225,NC,NS
LOC100130357,chr6:13286830:-,-0.0598602914782423,0.728220145798597,0.836784730637707,NC,NS
LOC100130357,chr6:13286952:-,-0.0560591476516238,0.729695477510127,0.837824019245936,NC,NS
LOC100130357,chr6:13290250:-,0,,1,NC,NS
LOC110117498-PIK3R3,chr1:46596173:-,0,,1,NC,NS
LOC110117498-PIK3R3,chr1:46596383:-,0,,1,NC,NS
LONP2,chr16:48386909:+,0.485360741080315,0.459544312958513,0.620838226127823,NC,NS
LONP2,chr16:48386974:+,0.331383116822985,0.676102580680618,0.799882119521489,NC,NS
LONP2,chr16:48387021:+,0.403146519121812,0.540855551051489,0.694407153408059,NC,NS
LONP2,chr16:48387047:+,0.304695083129064,0.661578315270157,0.789939397978937,NC,NS
LONP2,chr16:48387098:+,0.131397972438118,0.873668863375647,0.929239932062492,NC,NS
LONP2,chr16:48387580:+,0.442183783944294,0.449649645273952,0.612369206242108,NC,NS
LONP2,chr16:48387888:+,0.252625316556351,0.596755582637008,0.738695666525485,NC,NS
LONP2,chr16:48388942:+,0.0290022827652972,0.967528326893189,0.98021920438523,NC,NS
LONP2,chr16:48389415:+,0.704174605706649,0.0672784505175147,0.179976327772527,NC,NS
LONP2,chr16:48389880:+,0.657218191633901,0.0365745660378093,0.117473160620449,UP,NS
LONP2,chr16:48390370:+,4.16134527922506,0.0145505344736796,0.059648610571967,UP,NS
LPGAT1,chr1:211938977:-,-1.46172642080406,0.499594961083857,0.657212511661003,NC,NS
LPP,chr3:188343751:+,3.34368566326179,0.0323004225532426,0.107342361221434,UP,NS
LRP11,chr6:150175668:-,0.319307829259189,0.803208650308372,0.886864826957236,NC,NS
LRP11,chr6:150177834:-,-0.285221852726292,0.638094336595016,0.771803888111198,NC,NS
LRP11,chr6:150179177:-,0.181391757224565,0.571227216270654,0.718797940101629,NC,NS
LRP11,chr6:150181135:-,0.0687720592467001,0.65081671721303,0.781558278864413,NC,NS
LRP1B,chr2:141316776:-,2.5134210005544,0.391002218955771,0.55762508717432,NC,NS
LRP1B,chr2:141391661:-,-2.0353743682738,0.420500241659247,0.585631559678351,NC,NS
LRP1B,chr2:141723374:-,-1.36022446209688,0.586279364674378,0.730753021416898,NC,NS
LRP1B,chr2:142073452:-,0.344172010490483,0.207593030957656,0.381908388899794,NC,NS
LRP1B,chr2:142180860:-,0.801837946396172,0.0821231005957971,0.206397764643259,NC,NS
LRP6,chr12:12351826:-,1.9044635523663,0.267310925786666,0.454961512724,NC,NS
LRP8,chr1:53757461:-,-5.17490165978621,0.0960390411632252,0.230436870956733,NC,NS
LRP8,chr1:53763467:-,0.64202058009755,0.811787491125929,0.891519392789689,NC,NS
LRPPRC,chr2:44116872:-,0.0449192339267972,0.639023882534564,0.772352263391254,NC,NS
LRRC28,chr15:99898003:+,1.41862679225284,0.0037561408152314,0.0213520808492009,UP,IPA activation in Neurites
LRRC28,chr15:99898093:+,1.50851574600151,0.00331333502077266,0.0193782310229324,UP,IPA activation in Neurites
LRRC28,chr15:99899866:+,0.816193302784238,0.112064898603025,0.255174448573852,NC,NS
LRRC28,chr15:99899990:+,0.830955583968286,0.137952130339683,0.299944176154111,NC,NS
LRRC49,chr15:71305253:+,-0.0894562062462336,0.753828832768827,0.853649313533421,NC,NS
LRRC4C,chr11:40925684:-,3.77541124073421,0.165027044524849,0.339831400193786,NC,NS
LRRC4C,chr11:41096560:-,-2.59883253815924,0.103915323128053,0.242056905601618,NC,NS
LRRC6,chr8:133634815:-,4.86273764481953,4.78297971471274e-06,0.000276624394493376,UP,IPA activation in Neurites
LRRC8D,chr1:90357038:+,-0.480812813866527,0.305504937969658,0.497186297043597,NC,NS
LRRFIP1,chr2:238554244:+,3.86433345352044,0.0578139335504988,0.164708782585906,NC,NS
LRRFIP1,chr2:238565515:+,4.26894930785067,0.000341270923101177,0.00372337289643571,UP,IPA activation in Neurites
LRRFIP1,chr2:238674513:+,0.981679333491512,0.00177089075708833,0.0119849157496409,UP,IPA activation in Neurites
LRRFIP1,chr2:238674558:+,0.984698557829834,0.00177335499395523,0.0119849241674807,UP,IPA activation in Neurites
LRRFIP1,chr2:238674595:+,0.989358218023207,0.0021024229472358,0.0134965568090361,UP,IPA activation in Neurites
LRRN1,chr3:3857358:+,-1.73345702681392,0.181351525183414,0.36107907192559,NC,NS
LSAMP,chr3:115750386:-,3.34225564079858,0.161232174359284,0.334565356261098,NC,NS
LSM14A,chr19:34712684:+,1.55565324324435,6.82514883091675e-05,0.001361113697182,UP,IPA activation in Neurites
LSM5,chr7:32528180:-,1.56691488416684,0.000159502949714647,0.00224968508206223,UP,IPA activation in Neurites
LUC7L2,chr7:139025751:+,3.11766495324785,0.0774703613216547,0.198719440269463,NC,NS
LUC7L2,chr7:139030541:+,0.939183777019955,0.657104942972457,0.786401187774726,NC,NS
LUC7L2,chr7:139031075:+,2.14306950511386,0.276762688644167,0.465209779857991,NC,NS
LUC7L2,chr7:139031777:+,3.53148174532436,0.0223766019076359,0.081868078859065,UP,NS
LUC7L2,chr7:139090534:+,2.35524823729854,1.2267686138401e-05,0.000502667335220595,UP,IPA activation in Neurites
LUC7L2,chr7:139103342:+,-0.220111166636318,0.769360805663539,0.864198910516801,NC,NS
LUC7L2,chr7:139104577:+,0.252108064547588,0.175530483012268,0.353531179775536,NC,NS
LUC7L2,chr7:139104750:+,0.454486900251699,0.108618531422993,0.249376286187824,NC,NS
LUC7L2,chr7:139106109:+,-1.41613748500467,0.182634481573988,0.36107907192559,NC,NS
LUC7L2,chr7:139106251:+,-1.83957186501495,0.181701389257506,0.36107907192559,NC,NS
LUC7L2,chr7:139106640:+,0,,1,NC,NS
LUC7L3,chr17:48822175:+,0.977889284041972,0.000112851121302103,0.00183044518752012,UP,IPA activation in Neurites
LUC7L3,chr17:48828522:+,-0.454245810651286,0.391002218955771,0.55762508717432,NC,NS
LYPD1,chr2:133411169:-,1.27201489026446,0.524299762206663,0.680149998106537,NC,NS
LYPD1,chr2:133411769:-,-1.62355233502314,0.158104589311984,0.329762936816166,NC,NS
LYPLA1,chr8:54993990:-,-0.857333149304006,0.451141973194136,0.613370339499141,NC,NS
LYST,chr1:235898695:-,1.29256728468522,0.313036406247739,0.504843451599018,NC,NS
MACF1,chr1:39898828:+,0.365058656176496,0.154946871766561,0.325408492885666,NC,NS
MACROD1,chr11:63798100:-,-2.52573626892408,0.188425749861,0.363821378353169,NC,NS
MACROD1,chr11:63812851:-,-2.00333613010826,0.0759604702693112,0.196503800282014,NC,NS
MACROD1,chr11:63827581:-,-1.42293973095137,5.1842768836711e-05,0.00115718767504328,DN,IPA suppression in Neurites
MACROD1,chr11:63882662:-,-1.34181762842506,0.00446799677116026,0.0246779481140361,DN,IPA suppression in Neurites
MACROD1,chr11:63882854:-,-1.33472365317816,0.00347017950250391,0.0200307158471934,DN,IPA suppression in Neurites
MACROD1,chr11:63885918:-,-1.25482537839377,0.0103628018353287,0.0460682679023051,DN,IPA suppression in Neurites
MACROD1,chr11:63885976:-,-1.19260168922364,0.0104058270973704,0.046115441398729,DN,IPA suppression in Neurites
MACROD1,chr11:63886067:-,-1.14905639726643,0.0119775868718795,0.0514196743009535,DN,NS
MACROD2,chr20:14208756:+,0.880443930798808,0.673542676670167,0.797823433465685,NC,NS
MACROD2,chr20:15051570:+,-0.19178802971628,0.893854689225643,0.939018175187569,NC,NS
MAGED1,chrX:51616154:+,2.59179171933085,0.391002218955771,0.55762508717432,NC,NS
MAGI1,chr3:65344943:-,0.18959434499025,0.872548575190798,0.928499464714945,NC,NS
MAGI1,chr3:65345422:-,-1.41485084393573,0.0219272104116218,0.0808316711082968,DN,NS
MAGI1,chr3:65858489:-,5.08230885846304,0.0582996614382073,0.16531827072163,NC,NS
MAGI1,chr3:65958409:-,0.917942346693238,0.724400270415038,0.834500879696869,NC,NS
MAGI2,chr7:78158986:-,0,,1,NC,NS
MAGI2,chr7:78858401:-,-0.266367372653336,0.506883813341288,0.663929107865062,NC,NS
MAGI3,chr1:114045879:+,2.39491099016784,0.00567269339097873,0.0296173026185649,UP,IPA activation in Neurites
MAK16,chr8:33347858:+,0.66577755744192,0.000652613243731583,0.00580551379158662,UP,IPA activation in Neurites
MAN1A2,chr1:117966318:+,5.56110875712634,3.92928826578089e-06,0.000243869368389516,UP,IPA activation in Neurites
MAN1A2,chr1:118009248:+,5.69863439615505,3.82474337194014e-05,0.000926076621938103,UP,IPA activation in Neurites
MAN1A2,chr1:118011022:+,6.11423022334571,0.000134807643067161,0.00203087922961241,UP,IPA activation in Neurites
MANBA,chr4:103649679:-,0,,1,NC,NS
MAP2,chr2:210579684:+,-1.75414311845888,0.391002218955771,0.55762508717432,NC,NS
MAP2K4,chr17:12019560:+,2.12844736115453,0.0135315125326013,0.0561811774604417,UP,NS
MAP2K6,chr17:67475634:+,-1.00961931116388,0.69198778110888,0.810988910960741,NC,NS
MAP3K13,chr3:185010412:+,1.72622743710855,1.69472904905917e-05,0.000546677633455941,UP,IPA activation in Neurites
MAP3K13,chr3:185010803:+,1.73391852642976,0.000592352032718155,0.00540785176586593,UP,IPA activation in Neurites
MAP3K13,chr3:185010867:+,1.73104047384548,0.000520543123336954,0.00496426844897478,UP,IPA activation in Neurites
MAP3K13,chr3:185012465:+,1.77094518899873,0.00103587692590297,0.00806238068367776,UP,IPA activation in Neurites
MAP3K13,chr3:185035919:+,1.35795353253147,0.0401026589386864,0.12525002464419,UP,NS
MAP4,chr3:48014569:-,1.06456884320058,0.00560913613041159,0.0293484477533148,UP,IPA activation in Neurites
MAP4,chr3:48081768:-,0.363410618008539,0.852247747288786,0.915460825233385,NC,NS
MAP4K4,chr2:102462716:+,2.69005638929337,0.100793672278236,0.238203987035404,NC,NS
MAP4K4,chr2:102471269:+,0,,1,NC,NS
MAP4K5,chr14:50911675:-,1.39011850369663,0.00701160867858742,0.0347792944240636,UP,IPA activation in Neurites
MAP4K5,chr14:50923136:-,2.1184128386412,0.000404673567790957,0.00418966293802297,UP,IPA activation in Neurites
MAP4K5,chr14:50982753:-,6.67770045028425,0.00570393051324825,0.0297076268008027,UP,IPA activation in Neurites
MAP6,chr11:75313910:-,-0.751450006397251,0.013498646403326,0.0561811774604417,DN,NS
MAP6,chr11:75316848:-,-0.347843102878771,0.108021948789097,0.248762329771768,NC,NS
MAPK1IP1L,chr14:55525219:+,-1.57477062859369,0.261258724687391,0.450012373213751,NC,NS
MAPK8,chr10:49562846:+,0.453321417806595,0.139100372246843,0.301766567700909,NC,NS
MAPK9,chr5:179669950:-,-2.51721807547478,0.0674356087365461,0.180063437552244,NC,NS
MAPRE2,chr18:32643997:+,5.74656415197145,0.0288313042700495,0.0988676015349265,UP,NS
MARCH4,chr2:217134212:-,1.35692847899608,0.495232430675087,0.653105604473436,NC,NS
MARCH5,chr10:94100629:+,-0.170606530747877,0.192982344835413,0.367285942012347,NC,NS
MARCH6,chr5:10377653:+,-2.37124276758337,0.182359810385167,0.36107907192559,NC,NS
MARCH6,chr5:10401032:+,0.0945582509469429,0.479181495946157,0.637444747892132,NC,NS
MARCH8,chr10:46036551:-,0,,1,NC,NS
MARK1,chr1:220801395:+,-3.38401466351801,0.0668394590692448,0.179092251564001,NC,NS
MAST2,chr1:46376786:+,-1.31071412502482,0.617184125609238,0.7567436479842,NC,NS
MAT2A,chr2:85769922:+,-0.332078985138979,0.218571656967772,0.395673245091213,NC,NS
MAT2A,chr2:85770190:+,-0.219226212325676,0.567720354010856,0.71679482164422,NC,NS
MBD2,chr18:51726305:-,0.258127030893413,0.460169610922129,0.621305584558014,NC,NS
MBD2,chr18:51726495:-,0.31007364271878,0.333388752546034,0.526869239034703,NC,NS
MBD3,chr19:1587802:-,1.66906174458018,0.0569707184948199,0.162878681666154,NC,NS
MBD5,chr2:148843303:+,2.29777670390217,0.184421474659135,0.362420360169629,NC,NS
MBD5,chr2:149008555:+,-1.35223383834549,0.496629542450684,0.654195818507046,NC,NS
MBLAC2,chr5:89759605:-,0.868088814017001,0.00628471116439727,0.0321571025509538,UP,IPA activation in Neurites
MBOAT2,chr2:9034435:-,-0.288052592846589,0.829884085508973,0.903808406465233,NC,NS
MBTD1,chr17:49260863:-,0,,1,NC,NS
MBTD1,chr17:49260945:-,0,,1,NC,NS
MCF2L,chr13:113624529:+,-2.06318306828388,0.000271463552104128,0.00310080198248518,DN,IPA suppression in Neurites
MCF2L,chr13:113745480:+,-0.221145022725961,0.41141228055086,0.577313496354612,NC,NS
MCFD2,chr2:47150089:-,0,,1,NC,NS
MCM3AP,chr21:47671429:-,0.0798476510369852,0.848532522291615,0.91322474487436,NC,NS
MCM9,chr6:119217409:-,-2.53779639802148,9.09277701114853e-07,0.000116435402463812,DN,IPA suppression in Neurites
MCPH1,chr8:6303129:+,0.075110626726711,0.812933510298936,0.89228866223148,NC,NS
MCPH1,chr8:6496325:+,-0.265274984541851,0.734299439053167,0.840874237303784,NC,NS
MCPH1,chr8:6498136:+,1.08087228795766,0.504791730802415,0.662437044790872,NC,NS
MCU,chr10:74571730:+,1.06191182186382,0.0987275935243794,0.234345595165673,NC,NS
ME1,chr6:83984356:-,2.00507707020306,0.00218669300926984,0.0139090825922968,UP,IPA activation in Neurites
ME1,chr6:83984619:-,1.99644694803801,0.00207297799490361,0.0133958976403731,UP,IPA activation in Neurites
ME1,chr6:84097811:-,1.66028025857493,0.323047917417911,0.514887378367362,NC,NS
ME3,chr11:86328088:-,-1.81627765020045,0.307956096270698,0.500152582776063,NC,NS
MEAF6,chr1:37967322:-,0.202934144623055,0.402468565411835,0.569471369378886,NC,NS
MED12L,chr3:150996649:+,1.38487632701218,0.00208676086169619,0.0134492428516737,UP,IPA activation in Neurites
MED12L,chr3:150996759:+,1.37747659377813,0.00199789598469174,0.013084470876864,UP,IPA activation in Neurites
MED13,chr17:60075304:-,-1.02925134039592,0.391002218955771,0.55762508717432,NC,NS
MED13,chr17:60081332:-,-2.10649351769394,0.181981580319376,0.36107907192559,NC,NS
MED13L,chr12:116524508:-,1.97027949431529,0.00197171913313541,0.0129375577289857,UP,IPA activation in Neurites
MED13L,chr12:116547421:-,5.13628325291191,0.00137132884420607,0.0100193485824426,UP,IPA activation in Neurites
MED13L,chr12:116568042:-,2.23681255625448,0.00430733328566219,0.023953695734894,UP,IPA activation in Neurites
MED29,chr19:39883162:+,0,,1,NC,NS
MED8,chr1:43850395:-,0.917782217156395,0.257738767860213,0.445368197587997,NC,NS
MED8,chr1:43850451:-,1.35389180524416,0.313734368240797,0.505433505784374,NC,NS
MEF2A,chr15:100235453:+,1.96459964174462,0.365533425439867,0.55762508717432,NC,NS
MESD,chr15:81267928:-,0.505488129011026,0.118232775994552,0.266718419606244,NC,NS
MESD,chr15:81268093:-,0.488993685194255,0.13786312217275,0.299884645727582,NC,NS
MESD,chr15:81271305:-,2.50339402368591,9.64740793526685e-06,0.000434669324194523,UP,IPA activation in Neurites
MESD,chr15:81274928:-,1.39135119643263,0.391002218955771,0.55762508717432,NC,NS
METAP2,chr12:95889889:+,0.734122499836788,0.0301256984139328,0.102087233138197,UP,NS
METAP2,chr12:95905775:+,0.167777036941312,0.669805651606037,0.79524957790134,NC,NS
METTL15,chr11:28167146:+,-0.152661110507525,0.89693169186693,0.941430028607524,NC,NS
METTL5,chr2:170677588:-,0.701404174211042,0.00780053221089939,0.0375073021128818,UP,IPA activation in Neurites
METTL6,chr3:15455648:-,0,,1,NC,NS
METTL8,chr2:172189611:-,-0.295430069074284,0.560438410586012,0.709995653712975,NC,NS
MFAP1,chr15:44107142:-,-0.822727748410721,0.0234303646227452,0.0845787494467938,DN,NS
MFN1,chr3:179089647:+,0.390430435791739,0.520664896123273,0.677602402924804,NC,NS
MFSD14B,chr9:97159780:+,2.43139188983768,0.337301916757669,0.530310541823204,NC,NS
MFSD8,chr4:128859890:-,4.12847319453166,1.38002273220566e-05,0.000543467962194291,UP,IPA activation in Neurites
MFSD9,chr2:103332825:-,-2.12135424064713,0.246213585351668,0.432050236682731,NC,NS
MFSD9,chr2:103333058:-,-0.947620068038801,0.0940974862695174,0.227122206442198,NC,NS
MGA,chr15:41967304:+,1.70446770770036,0.173145545697597,0.349555558114151,NC,NS
MGAT4A,chr2:99240818:-,-1.18165752929319,0.202937411187478,0.377193828433258,NC,NS
MGAT5,chr2:135132964:+,-3.27010178486003,0.363349876266758,0.555144518097211,NC,NS
MGAT5,chr2:135146144:+,4.21149725798962,0.121919118973187,0.273533401075286,NC,NS
MGEA5,chr10:103556846:-,0.0691446530991258,0.974025750088611,0.983525482450961,NC,NS
MGEA5,chr10:103557114:-,-0.936306197503371,0.525712224787836,0.681023994169222,NC,NS
MICAL3,chr22:18342921:-,0.0615092263069884,0.844380677152681,0.911234503221323,NC,NS
MICU1,chr10:74212891:-,-0.690799434999263,0.705535539402372,0.820735341795826,NC,NS
MID1,chrX:10726977:-,0.284772531913725,0.915081257094706,0.951494577029436,NC,NS
MIEF1,chr22:39910279:+,0,,1,NC,NS
MIEF1,chr22:39910795:+,-0.518768370590146,0.401963352954018,0.569418828376784,NC,NS
MINDY3,chr10:15880227:-,0,,1,NC,NS
MINOS1,chr1:19934640:+,3.36886042829689,8.71711310239688e-05,0.00162519051173422,UP,IPA activation in Neurites
MINOS1,chr1:19934954:+,-1.87567676883389,0.385235518440957,0.55762508717432,NC,NS
MINOS1,chr1:19935013:+,-2.05983290459173,0.372061155320917,0.55762508717432,NC,NS
MINOS1,chr1:19935117:+,-1.33364094637502,0.0167805638316513,0.0664014791342091,DN,NS
MKKS,chr20:10393774:-,-0.128422543605728,0.752100654058033,0.852287327118395,NC,NS
MKL1,chr22:40896353:-,-0.773261867528798,0.421767679857483,0.586499889881481,NC,NS
MKL1,chr22:40982326:-,3.39044683234958,0.0102014402226227,0.0454997324686364,UP,IPA activation in Neurites
MKLN1,chr7:130807505:+,2.96311237528627,0.0516748558991498,0.151933443386866,NC,NS
MKLN1,chr7:130808181:+,2.96638804867508,0.0406256988669009,0.126154850469904,UP,NS
MKLN1,chr7:130861345:+,2.1792757299873,0.277941420353668,0.466314201007837,NC,NS
MKLN1,chr7:130927743:+,-2.39125711075174,0.188469434362435,0.363821378353169,NC,NS
MKLN1,chr7:130993002:+,1.99535449866102,0.391002218955771,0.55762508717432,NC,NS
MKRN1,chr7:140155986:-,0.490884632392735,0.179481140303974,0.35948068375079,NC,NS
MLLT3,chr9:20506078:-,0.270384261104329,0.49736999270464,0.654993879431876,NC,NS
MMD,chr17:53496969:-,1.1495117138336,0.00303908624362447,0.0181450228975174,UP,IPA activation in Neurites
MMD,chr17:53497026:-,1.17739186157952,0.00309811207796605,0.0183399189432881,UP,IPA activation in Neurites
MMD,chr17:53497226:-,1.25215481071256,0.00343848884745904,0.0199186746806377,UP,IPA activation in Neurites
MOB1A,chr2:74394056:-,1.75030891582337,0.00484526054856701,0.0261676335508624,UP,IPA activation in Neurites
MOB3B,chr9:27489740:-,1.68723218233531,0.440577938800307,0.603392133465324,NC,NS
MOB3B,chr9:27496813:-,1.53913023753924,0.398001307888555,0.565452369105316,NC,NS
MOCS2,chr5:52396240:-,0.415224284863365,0.0675884706264836,0.180211231818339,NC,NS
MON2,chr12:62950055:+,2.11155299105226,0.000365275396294067,0.00388855244343901,UP,IPA activation in Neurites
MPHOSPH6,chr16:82184999:-,-0.0856351489566389,0.650735046493223,0.781558278864413,NC,NS
MPHOSPH6,chr16:82197636:-,0.461244419111822,0.0268612346598676,0.0939115474421903,UP,NS
MRAS,chr3:138084049:+,6.6543502387492,0.0798662790828439,0.20335749919412,NC,NS
MRNIP,chr5:179271151:-,0.73913902700455,0.169854725709423,0.34582137878747,NC,NS
MRPL3,chr3:131208728:-,-0.782736328191962,0.00790435113118849,0.0377824878235395,DN,IPA suppression in Neurites
MRPL30,chr2:99812258:+,1.86776451666369,1.40916485707521e-05,0.000543467962194291,UP,IPA activation in Neurites
MRPL30,chr2:99812579:+,0.484007862478403,0.1567668831776,0.327992987722338,NC,NS
MRPL30,chr2:99813475:+,0,,1,NC,NS
MRPL37,chr1:54684051:+,2.13026488268179,0.000312419384962766,0.0034787934261529,UP,IPA activation in Neurites
MRPL37,chr1:54684359:+,2.27957164264289,0.000788254499096116,0.00658479570884081,UP,IPA activation in Neurites
MRPL47,chr3:179310394:-,1.84101017442263,4.01471427783136e-05,0.000952956081752555,UP,IPA activation in Neurites
MRPL48,chr11:73556024:+,0.590569765118769,0.0643594021113932,0.174761635420781,NC,NS
MRPL51,chr12:6602027:-,0.0752552343597999,0.684910717211835,0.806381696093101,NC,NS
MRPS14,chr1:174987481:-,1.59117576737854,0.00960766655170043,0.0434084544480727,UP,IPA activation in Neurites
MRPS25,chr3:15084690:-,0,,1,NC,NS
MRPS25,chr3:15087975:-,0,,1,NC,NS
MRPS25,chr3:15088657:-,0,,1,NC,NS
MRPS25,chr3:15089939:-,-0.283164417021056,0.391002218955771,0.55762508717432,NC,NS
MRPS28,chr8:80851116:-,-2.24127994649575,0.391002218955771,0.55762508717432,NC,NS
MRPS28,chr8:80853124:-,-1.96735069919425,0.391002218955771,0.55762508717432,NC,NS
MRPS28,chr8:80856937:-,-8.77171713133054,0.0625089257661886,0.171616595057457,NC,NS
MRPS28,chr8:80857500:-,-6.19082435437676,0.187987190302399,0.363821378353169,NC,NS
MRPS28,chr8:80857915:-,-2.68610998336292,0.391002218955771,0.55762508717432,NC,NS
MRPS28,chr8:80890975:-,-3.04237779285475,0.00843247042433943,0.0393407488828722,DN,IPA suppression in Neurites
MRPS33,chr7:140714350:-,0.433047584995092,0.0624329659711418,0.171547591765096,NC,NS
MRPS6,chr21:35467462:+,0,,1,NC,NS
MRPS6,chr21:35470435:+,0,,1,NC,NS
MRPS6,chr21:35474822:+,0,,1,NC,NS
MRPS6,chr21:35475753:+,-0.874434378888512,0.0100244188775518,0.0449160425949972,DN,IPA suppression in Neurites
MRPS6,chr21:35478559:+,-1.21021298333232,0.013636903564836,0.0565222936511858,DN,NS
MRPS9,chr2:105709031:+,0.11374646128326,0.646822854252207,0.779069309106742,NC,NS
MSANTD2,chr11:124659136:-,-0.211840208467146,0.868672884904725,0.926152992538649,NC,NS
MSANTD3-TMEFF1,chr9:103207155:+,0,,1,NC,NS
MSANTD3-TMEFF1,chr9:103207433:+,0,,1,NC,NS
MSANTD3-TMEFF1,chr9:103207575:+,0,,1,NC,NS
MSANTD3-TMEFF1,chr9:103208250:+,0,,1,NC,NS
MSANTD3-TMEFF1,chr9:103208526:+,0,,1,NC,NS
MSANTD3-TMEFF1,chr9:103213182:+,0.500342226162958,0.0233998428746264,0.0845787494467938,UP,NS
MSANTD3-TMEFF1,chr9:103213309:+,0.535660266590734,0.0233690259016332,0.0845787494467938,UP,NS
MSANTD3-TMEFF1,chr9:103213351:+,0.552902040736161,0.03236153800079,0.107342361221434,UP,NS
MSANTD3-TMEFF1,chr9:103213473:+,0.548602151981323,0.027031529531628,0.0942230821639699,UP,NS
MSANTD3-TMEFF1,chr9:103213513:+,0.547406707021295,0.0232801893757574,0.0843495171276511,UP,NS
MSANTD3-TMEFF1,chr9:103213574:+,0.535853948778497,0.0203739439266056,0.0766148463267872,UP,NS
MSANTD3-TMEFF1,chr9:103214016:+,0.446317584428418,0.059985077994093,0.167558776991537,NC,NS
MSANTD3-TMEFF1,chr9:103218651:+,0.102898480708872,0.448033011874323,0.610680290134582,NC,NS
MSANTD3-TMEFF1,chr9:103218778:+,0.0978506062233087,0.469325947050312,0.629854831515295,NC,NS
MSANTD3-TMEFF1,chr9:103220535:+,0.0801313457505239,0.568064660790522,0.717039365422859,NC,NS
MSH2,chr2:47657091:+,1.00263474103348,0.00855110343649126,0.0398178653798722,UP,IPA activation in Neurites
MSH2,chr2:47657155:+,1.00791096985289,0.00837856054062739,0.0392012900059572,UP,IPA activation in Neurites
MSH2,chr2:47708079:+,0.71785954007679,0.101596933990432,0.239057389167043,NC,NS
MSH2,chr2:47709551:+,-1.23987126354306,0.237650603877907,0.420511941261781,NC,NS
MSH3,chr5:80169116:+,0.863718695673001,0.000255692643877824,0.00298475300431399,UP,IPA activation in Neurites
MSI2,chr17:55360459:+,0.341380253863172,0.727458039346257,0.836439229550777,NC,NS
MSI2,chr17:55440354:+,4.78078323375373,0.0442464703518704,0.134651876766335,UP,NS
MSI2,chr17:55442382:+,-0.323597600737353,0.792427016919997,0.878949137071508,NC,NS
MTCH2,chr11:47644252:-,0.886371955667832,0.000217464323045484,0.0026654443222653,UP,IPA activation in Neurites
MTG1,chr10:135219545:+,-2.59731299070549,0.282015525950662,0.470444823200521,NC,NS
MTHFD2,chr2:74439050:+,0.110130040617877,0.0335690930030868,0.109850172530612,UP,NS
MTIF2,chr2:55490775:-,-1.16587870332557,0.00769588501305615,0.0371509687237413,DN,IPA suppression in Neurites
MTPAP,chr10:30629083:-,0.602831312900034,0.0961050679159622,0.230481646367211,NC,NS
MTSS1,chr8:125703317:-,-0.474912530320585,0.512090926057686,0.668769309231536,NC,NS
MXRA7,chr17:74675595:-,0.672251832314259,0.015820552725126,0.0634648059031023,UP,NS
MXRA7,chr17:74675648:-,0.672125335462676,0.0158165190140132,0.0634648059031023,UP,NS
MXRA7,chr17:74676594:-,0.803552077504504,0.0229943519532452,0.0835611634281003,UP,NS
MXRA7,chr17:74676677:-,0.827749684215068,0.020699960274395,0.0774677882028579,UP,NS
MXRA7,chr17:74676802:-,0.783100031581586,0.032598095981517,0.10786222010822,UP,NS
MYCBP2,chr13:77669462:-,0.554306446734671,0.0415451214907869,0.128517839271563,UP,NS
MYEF2,chr15:48454437:-,0.596414302082015,0.108383492031465,0.249358899397215,NC,NS
MYH10,chr17:8409883:-,0,,1,NC,NS
MYH10,chr17:8413129:-,1.5826348634526,3.45177515974216e-05,0.000857255279906964,UP,IPA activation in Neurites
MYH10,chr17:8457216:-,1.53935770826435,0.000685932363440899,0.00600314187140902,UP,IPA activation in Neurites
MYH10,chr17:8488661:-,-0.0452105838846351,0.951128174641354,0.970473830531522,NC,NS
MYO18A,chr17:27420994:-,1.11171479246218,0.0181588834509837,0.0703017755527898,UP,NS
MYO19,chr17:34872147:-,-2.37220975838163,0.188323091136856,0.363821378353169,NC,NS
MYO5A,chr15:52679942:-,-0.149440390411361,0.226510717276255,0.405820969294023,NC,NS
MYO9A,chr15:72282060:-,3.6696956308098,0.0594742985512374,0.166802269020358,NC,NS
MYSM1,chr1:59146257:-,3.0240678670809,0.000688108133601052,0.00601137195350578,UP,IPA activation in Neurites
MYT1,chr20:62827535:+,-0.762173510307767,0.81325528503835,0.89228866223148,NC,NS
MYT1L,chr2:1795313:-,-0.758724364294514,0.660312655007196,0.789067136361743,NC,NS
MYT1L,chr2:2072542:-,0.120468930885096,0.944569743459982,0.966245453239091,NC,NS
N4BP2L2,chr13:33070468:-,-4.67276196493133,2.23582540069889e-06,0.000184398752538997,DN,IPA suppression in Neurites
N4BP2L2,chr13:33078416:-,-3.87584087845982,1.53218956441931e-05,0.000546677633455941,DN,IPA suppression in Neurites
N4BP2L2,chr13:33080199:-,-3.92651884109126,3.51269043101359e-06,0.000243869368389516,DN,IPA suppression in Neurites
N4BP2L2,chr13:33084234:-,-3.32152512608816,0.000707112429239104,0.00612243608661474,DN,IPA suppression in Neurites
N4BP2L2,chr13:33084429:-,-3.43614743452621,0.00153378121108089,0.0108637254339441,DN,IPA suppression in Neurites
N4BP2L2,chr13:33087585:-,-3.72588086235114,0.000189333427166389,0.00247079950551589,DN,IPA suppression in Neurites
N4BP2L2,chr13:33087708:-,-3.65194285208132,0.000199019453102459,0.00251539911375732,DN,IPA suppression in Neurites
N4BP2L2,chr13:33087789:-,-3.69582075599148,0.000394507698185664,0.00409312251465126,DN,IPA suppression in Neurites
N4BP2L2,chr13:33087920:-,-3.56784242038316,0.000422123057980069,0.00429942698979284,DN,IPA suppression in Neurites
N4BP2L2,chr13:33090341:-,-3.47154158605188,0.000177474536278861,0.00238561075561585,DN,IPA suppression in Neurites
N4BP2L2,chr13:33091920:-,0.875766441615464,0.0114694638897611,0.0497418995432956,UP,IPA activation in Neurites
N6AMT1,chr21:30245578:-,-1.30284675339794,0.406593790806139,0.573265437056902,NC,NS
N6AMT1,chr21:30245752:-,0.35353789996407,0.495224265551003,0.653105604473436,NC,NS
N6AMT1,chr21:30246967:-,-1.26145677481613,0.20878310103079,0.383373045138047,NC,NS
NAA10,chrX:153197526:-,1.0758152154502,0.0799471631644784,0.20335749919412,NC,NS
NAA35,chr9:88590160:+,2.16173721058061,5.90576375874251e-07,8.21069898572602e-05,UP,IPA activation in Neurites
NAA38,chr17:7763466:-,0,,1,NC,NS
NAA38,chr17:7770560:-,-2.30082029247357,0.391002218955771,0.55762508717432,NC,NS
NAA38,chr17:7772006:-,-1.24344650770935,0.183761242729516,0.361870581595234,NC,NS
NAA38,chr17:7773755:-,-1.59622342890548,0.0819644355373383,0.206224893135826,NC,NS
NAA38,chr17:7773817:-,-1.55931783229311,0.0810639751411202,0.204891084447824,NC,NS
NAA38,chr17:7774796:-,1.02289322672042,0.613505784971526,0.753487922683353,NC,NS
NACA,chr12:57106569:-,0.00829610812589166,0.109751015096925,0.251293132082031,NC,NS
NAP1L1,chr12:76441733:-,-0.491875058999939,0.391002218955771,0.55762508717432,NC,NS
NAP1L1,chr12:76441900:-,0.58981717655721,0.150350333567415,0.319338595870381,NC,NS
NAP1L1,chr12:76442934:-,1.23852223252007,7.18121378177254e-06,0.000356569247572502,UP,IPA activation in Neurites
NAP1L1,chr12:76443210:-,1.52377796586409,0.0229321907701612,0.083443986590328,UP,NS
NAP1L1,chr12:76443346:-,2.19420037444065,0.000109856560796395,0.00180092372665062,UP,IPA activation in Neurites
NAP1L1,chr12:76443388:-,1.94964140987577,6.66884826047458e-05,0.00134649857408586,UP,IPA activation in Neurites
NAP1L1,chr12:76443414:-,1.53441785135467,0.000562127990224479,0.00521063470196122,UP,IPA activation in Neurites
NARS,chr18:55280833:-,0.323531217521548,0.369409559451026,0.55762508717432,NC,NS
NASP,chr1:46073426:+,-0.383989737043771,0.366359911156005,0.55762508717432,NC,NS
NASP,chr1:46074009:+,-0.274819147773624,0.482036560202677,0.64017191647004,NC,NS
NBDY,chrX:56766923:+,-4.63783750090492,0.00326743681505735,0.0191789475778879,DN,IPA suppression in Neurites
NBDY,chrX:56842204:+,-0.932329383670661,0.540337723145604,0.694104744797338,NC,NS
NBEA,chr13:35543465:+,-1.28098319974106,0.632499096869969,0.766560549282508,NC,NS
NBEA,chr13:35827308:+,7.54708146079249,0.00151093925564702,0.0107803965072997,UP,IPA activation in Neurites
NBEAL1,chr2:203961192:+,-0.876358646878708,0.0673319909106468,0.180020586687477,NC,NS
NBEAL1,chr2:204055943:+,6.1989720827137,1.13053770250631e-07,3.68889863191113e-05,UP,IPA activation in Neurites
NBEAL1,chr2:204056018:+,6.21731242011794,7.4690502389428e-08,2.7957229586689e-05,UP,IPA activation in Neurites
NBEAL1,chr2:204056058:+,6.21988244289674,1.13714507765448e-07,3.68889863191113e-05,UP,IPA activation in Neurites
NBPF1,chr1:16926051:-,-0.897436315175515,0.130422052426765,0.287554919396756,NC,NS
NBPF1,chr1:16928885:-,0,,1,NC,NS
NBPF1,chr1:16931912:-,2.50424390478858,0.0327665519290494,0.108243069712664,UP,NS
NBPF1,chr1:16932511:-,2.66095796287182,0.11820964209776,0.266718419606244,NC,NS
NBPF15,chr1:148566669:+,0,,1,NC,NS
NBPF15,chr1:148569909:+,1.14758687739427,0.0298280945484209,0.101482345750773,UP,NS
NBR1,chr17:41352692:+,-0.438677145122125,0.0985282139106443,0.23421508983351,NC,NS
NCAM1,chr11:112875223:+,-1.16484161499786,0.0334727634690823,0.109667354623508,DN,NS
NCAM1,chr11:113008754:+,2.27526454349005,0.475459565121204,0.634846440951452,NC,NS
NCAM1,chr11:113087645:+,0,,1,NC,NS
NCAM2,chr21:22590429:+,4.86123281000571,0.00786444576299711,0.0377028503278266,UP,IPA activation in Neurites
NCAM2,chr21:22660684:+,1.24370895835542,0.591200978225914,0.734343775707347,NC,NS
NCAM2,chr21:22746385:+,1.2871211959313,2.40078253762703e-06,0.000191511603739232,UP,IPA activation in Neurites
NCAM2,chr21:22849852:+,0.927422425577725,0.0148657688226864,0.0605329130470225,UP,NS
NCAM2,chr21:22861182:+,0.493300119630891,0.095525891575812,0.229545179460692,NC,NS
NCAM2,chr21:22863255:+,0.556989103067516,0.0635501153826118,0.173337926822752,NC,NS
NCAM2,chr21:22863297:+,0.530850620181506,0.0682269084154449,0.180922145149621,NC,NS
NCAM2,chr21:22876791:+,-0.0724378232416667,0.907474766627376,0.947963739639822,NC,NS
NCBP2,chr3:196666147:-,0.188913244938853,0.0616657421105973,0.170394946683797,NC,NS
NCK2,chr2:106380284:+,0.0073589302738295,0.986016188996793,0.992132914734987,NC,NS
NCKAP1,chr2:183860374:-,0.911344770634538,0.0326069309040672,0.10786222010822,UP,NS
NCL,chr2:232320336:-,0,,1,NC,NS
NCL,chr2:232324862:-,0.145022550616965,0.186846346351946,0.362951824889649,NC,NS
NCOA3,chr20:46156094:+,0.320755135241993,0.572127364678328,0.719744507891609,NC,NS
NCOA4,chr10:51579288:+,0.453420186460465,0.0614970007070241,0.170121890528925,NC,NS
NCOA5,chr20:44708200:-,-1.66835308057151,0.1975970223197,0.371898925170116,NC,NS
NCOA5,chr20:44708235:-,-1.66588693280039,0.197642955300025,0.371898925170116,NC,NS
NCOA6,chr20:33364039:-,-0.163762998184479,0.610071923702176,0.750786540398277,NC,NS
NCOR1,chr17:15995115:-,1.10560897161269,0.00313382303914941,0.0184838580709103,UP,IPA activation in Neurites
NCOR1,chr17:16012038:-,0.870369268045786,0.0516376809647433,0.151915934446458,NC,NS
NCOR1,chr17:16076759:-,-0.1279824977101,0.936273602428059,0.962176842537473,NC,NS
NDFIP1,chr5:141524256:+,0.874809717960215,0.000361087345801993,0.0038701564420099,UP,IPA activation in Neurites
NDUFA7,chr19:8376244:-,0.827744660419201,0.0345736840086132,0.112293056699846,UP,NS
NDUFA7,chr19:8376293:-,0.783403440499961,0.0393634135142808,0.123496047814629,UP,NS
NDUFAB1,chr16:23593579:-,0.227338316203031,0.0231793947367723,0.0841095710582654,UP,NS
NDUFAF7,chr2:37475647:+,0.592896430274221,0.109656236737226,0.251218101677656,NC,NS
NDUFB1,chr14:92583726:-,-0.372574909479657,0.301792882021104,0.492462831627999,NC,NS
NDUFB6,chr9:32570957:-,0.295478949552044,0.162910625163613,0.336898895897213,NC,NS
NDUFB8,chr10:102284683:-,-0.515408049031925,0.736240582775717,0.842159538266723,NC,NS
NDUFS4,chr5:52954536:+,0.0520141097329417,0.0561566833771714,0.161214407854464,NC,NS
NDUFV2,chr18:9122680:+,0.711627511929975,0.063621285163698,0.173434831152131,NC,NS
NDUFV3,chr21:44328498:+,3.1319707426734,0.0816491375995155,0.205824523696793,NC,NS
NEBL,chr10:21106434:-,2.74192331016079,0.000206536640385141,0.00257035113072659,UP,IPA activation in Neurites
NECTIN3,chr3:110853390:+,3.02700543033679,0.000470746580957124,0.00463694911525782,UP,IPA activation in Neurites
NECTIN3,chr3:110853426:+,3.03627460621514,0.00041612786329782,0.00426290143748882,UP,IPA activation in Neurites
NECTIN3,chr3:110853728:+,2.2016434494654,0.000514917936712438,0.00493028261118431,UP,IPA activation in Neurites
NECTIN3,chr3:110853812:+,2.11920363102988,0.00053732793723393,0.00505749374322502,UP,IPA activation in Neurites
NECTIN3,chr3:110854229:+,1.9726256391072,0.000896960374601686,0.00723815784877579,UP,IPA activation in Neurites
NECTIN3,chr3:110854360:+,1.9461970180235,0.000910566512978602,0.00728752738841098,UP,IPA activation in Neurites
NECTIN3,chr3:110854801:+,1.92319655873312,0.00110262156504139,0.0084848197093925,UP,IPA activation in Neurites
NECTIN3,chr3:110855162:+,1.92505466622785,0.00152445348582898,0.0108450155877833,UP,IPA activation in Neurites
NECTIN3,chr3:110855458:+,1.94276612972411,0.00159893860311793,0.0111545558453955,UP,IPA activation in Neurites
NECTIN3,chr3:110855717:+,1.97133020327979,0.00155167058843845,0.0109585327769833,UP,IPA activation in Neurites
NECTIN3,chr3:110856211:+,2.03741231894119,0.00102369344812247,0.00798284025410889,UP,IPA activation in Neurites
NECTIN3,chr3:110856407:+,2.07435458060603,0.00123366023039777,0.00920568070979125,UP,IPA activation in Neurites
NECTIN3,chr3:110863354:+,0.993271096696375,0.249349131418263,0.435838854439728,NC,NS
NEDD4L,chr18:55972526:+,1.87622895084729,0.329924178068976,0.522764913866375,NC,NS
NEDD8,chr14:24687338:-,0.26066462065257,0.0442459862119128,0.134651876766335,UP,NS
NEDD8-MDP1,chr14:24686012:-,1.8104456069575,0.000934076468339796,0.00746340902289236,UP,IPA activation in Neurites
NEDD8-MDP1,chr14:24686047:-,1.8021589088893,0.000978831335566941,0.00770710886548339,UP,IPA activation in Neurites
NEDD8-MDP1,chr14:24686072:-,1.78376725248258,0.00100565325481928,0.0078800462768931,UP,IPA activation in Neurites
NEDD8-MDP1,chr14:24686135:-,1.78532376792326,0.000983853386271992,0.0077216622219347,UP,IPA activation in Neurites
NEDD8-MDP1,chr14:24686849:-,3.07089875904872,0.00944912993557313,0.0429313410518197,UP,IPA activation in Neurites
NEDD8-MDP1,chr14:24687100:-,2.0204168428934,0.00819680483812928,0.0386863747258362,UP,IPA activation in Neurites
NEDD8-MDP1,chr14:24687338:-,2.01087146102369,0.000757219174064397,0.0064228693049467,UP,IPA activation in Neurites
NEGR1,chr1:72612909:-,-0.29723417534289,0.422988214929378,0.587570840378634,NC,NS
NEGR1,chr1:72739679:-,0.35224309867333,0.0943057418447738,0.22739927642055,NC,NS
NEK4,chr3:52746613:-,-0.935823059454722,0.6491253528528,0.780876135224159,NC,NS
NEK4,chr3:52758748:-,0.408639961207802,0.402753643400977,0.569543513161626,NC,NS
NEK4,chr3:52758872:-,0.399849589621461,0.406521235641196,0.573265437056902,NC,NS
NEK4,chr3:52765152:-,0.168184360976909,0.774248984864171,0.867686679030184,NC,NS
NELL2,chr12:45059208:-,0.874012645135441,0.00764243801707532,0.0369295962175656,UP,IPA activation in Neurites
NEO1,chr15:73483279:+,-0.998008801602078,0.343021203786357,0.536933151883998,NC,NS
NF1,chr17:29624999:+,1.649110550438,0.170483508789991,0.34679941150059,NC,NS
NF1,chr17:29674013:+,-2.05892800115596,0.245229060030044,0.430633203214072,NC,NS
NF1,chr17:29685665:+,1.77387611677704,3.06787178672259e-05,0.000806933195361737,UP,IPA activation in Neurites
NF2,chr22:30045535:+,-0.207556469945197,0.693744371700677,0.81245730750794,NC,NS
NFE2L2,chr2:178114362:-,1.79902155750156,0.475573062930117,0.634846440951452,NC,NS
NFIA,chr1:61572554:+,-1.42755806911271,0.391002218955771,0.55762508717432,NC,NS
NFIA,chr1:61655195:+,0.222501281601585,0.823867781550966,0.900278604317763,NC,NS
NFX1,chr9:33348725:+,0.346998174008069,0.425538155801667,0.589262568620065,NC,NS
NFX1,chr9:33348990:+,0.397012787931185,0.384007737554719,0.55762508717432,NC,NS
NHLRC2,chr10:115654511:+,0.0774163446690914,0.971937407829249,0.982436108537001,NC,NS
NHS,chrX:17443694:+,-0.566882576394193,0.347748236857634,0.540793518871603,NC,NS
NHS,chrX:17730052:+,0.435708223519979,0.832037719887366,0.904938655559214,NC,NS
NIM1K,chr5:43217538:+,0.638915037948933,0.711152486445808,0.825489544427991,NC,NS
NIM1K,chr5:43225392:+,-1.11052048051861,0.412099538929975,0.577626991647656,NC,NS
NIPAL3,chr1:24766011:+,1.38973657541303,0.498530737137503,0.656167315907788,NC,NS
NIPBL,chr5:36893072:+,2.11332241151505,0.189472468627557,0.364993282795603,NC,NS
NIPBL,chr5:36895835:+,2.27615609621115,0.195341293948419,0.369712460658501,NC,NS
NKAIN2,chr6:124652525:+,0,,1,NC,NS
NKAP,chrX:119059886:-,2.04750197625318,0.273163376827813,0.461372090122922,NC,NS
NKTR,chr3:42661611:+,1.62726387284575,0.00305963410164681,0.0182181116591377,UP,IPA activation in Neurites
NKTR,chr3:42676248:+,0.824165227709366,0.0393969830445549,0.123521726478611,UP,NS
NLGN4X,chrX:5853360:-,0.969794052404645,0.628504275198704,0.763632455492935,NC,NS
NLGN4Y,chrY:16692145:+,1.20224759889483,0.00746244136850925,0.0362684468955273,UP,IPA activation in Neurites
NLGN4Y,chrY:16692790:+,1.17522938402065,0.0080501318355967,0.0383460049942788,UP,IPA activation in Neurites
NLGN4Y,chrY:16713819:+,0.646506374242673,0.184243497844335,0.362233883034559,NC,NS
NLGN4Y,chrY:16845422:+,-3.0743368902327,0.0172655632407556,0.06780809582689,DN,NS
NLGN4Y,chrY:16854632:+,-1.16409158956333,0.391002218955771,0.55762508717432,NC,NS
NLGN4Y,chrY:16888550:+,1.86795019275011,0.00437316127163924,0.0242920122691741,UP,IPA activation in Neurites
NLGN4Y,chrY:16916064:+,1.31426157708741,0.0228535571900955,0.083303460143737,UP,NS
NLK,chr17:26479317:+,0,,1,NC,NS
NLK,chr17:26519301:+,0.451283585206319,0.101536087477278,0.239036058882091,NC,NS
NLN,chr5:65021316:+,1.93065370492797,0.00533294960696835,0.0282066660733782,UP,IPA activation in Neurites
NLN,chr5:65077249:+,2.37299311852854,1.44863390868766e-06,0.00015324027390596,UP,IPA activation in Neurites
NMD3,chr3:160968751:+,0.675437049165319,0.150247121751465,0.319258731197655,NC,NS
NMD3,chr3:160968841:+,0.62885789118489,0.182436439190508,0.36107907192559,NC,NS
NMD3,chr3:160969797:+,0.0907092024960772,0.841962255602943,0.910037391329169,NC,NS
NMD3,chr3:160970095:+,0.0929098870970031,0.834722208983376,0.906046020702345,NC,NS
NMD3,chr3:160970221:+,0.0738418074902683,0.859325628318532,0.919612603342418,NC,NS
NME1,chr17:49238634:+,0.0487672843968205,0.15738658272477,0.328577094424126,NC,NS
NME1-NME2,chr17:49238634:+,-1.18169229076995,9.33749953148915e-05,0.0016953833104562,DN,IPA suppression in Neurites
NME1-NME2,chr17:49239218:+,-1.23036704677549,4.32094980746849e-05,0.00101085296938181,DN,IPA suppression in Neurites
NME1-NME2,chr17:49239259:+,-1.22502616499891,2.28289347804978e-05,0.000638422969206335,DN,IPA suppression in Neurites
NME1-NME2,chr17:49239302:+,-1.20505454339413,1.75260400368119e-05,0.000546677633455941,DN,IPA suppression in Neurites
NME1-NME2,chr17:49239349:+,-1.20683439513274,1.82558355603067e-05,0.000558697458090897,DN,IPA suppression in Neurites
NME1-NME2,chr17:49239396:+,-1.21180307803642,1.23962351472403e-05,0.000502667335220595,DN,IPA suppression in Neurites
NME1-NME2,chr17:49239422:+,-1.21312749610352,1.34245762030692e-05,0.00053544252298471,DN,IPA suppression in Neurites
NME1-NME2,chr17:49239503:+,-1.21707193827642,1.39312183222815e-05,0.000543467962194291,DN,IPA suppression in Neurites
NME1-NME2,chr17:49240099:+,-1.26371460870419,1.42424446697926e-05,0.000543467962194291,DN,IPA suppression in Neurites
NME1-NME2,chr17:49247411:+,-0.0083587698097336,0.933979296042851,0.96091935309285,NC,NS
NME2,chr17:49247369:+,-0.524494867467436,0.631267234601086,0.765988847278631,NC,NS
NME2,chr17:49247411:+,-0.0083587698097336,0.933979296042851,0.96091935309285,NC,NS
NMNAT2,chr1:183371765:-,1.42232259403879,0.594663644697092,0.736668354148688,NC,NS
NNT,chr5:43613324:+,0.254682835930495,0.0767226854107595,0.19742601121563,NC,NS
NOL10,chr2:10772536:-,-0.99917663179316,0.391002218955771,0.55762508717432,NC,NS
NOL7,chr6:13620718:+,-2.97557098016346,1.17766594570946e-05,0.000498306303636716,DN,IPA suppression in Neurites
NOL7,chr6:13621127:+,-2.98983056931889,9.76307948406714e-05,0.00172349512670277,DN,IPA suppression in Neurites
NOL7,chr6:13621160:+,-3.04002417081997,0.00013195561743928,0.00200457298149245,DN,IPA suppression in Neurites
NOL7,chr6:13621466:+,-3.32789138626101,0.000261883906632414,0.00302308586925157,DN,IPA suppression in Neurites
NOL7,chr6:13621536:+,-3.45194274329081,0.00133957350095471,0.00981681424043016,DN,IPA suppression in Neurites
NOL7,chr6:13621729:+,-3.91424799858968,0.00355026274061081,0.0203961965712068,DN,IPA suppression in Neurites
NOL7,chr6:13621761:+,-3.5684991172257,0.00232050823263571,0.0146644065714356,DN,IPA suppression in Neurites
NOL7,chr6:13621849:+,-3.87318440127097,0.00298135410957232,0.0179323474625203,DN,IPA suppression in Neurites
NOL7,chr6:13621899:+,-3.89995597315716,0.00225308432516797,0.0142940134631908,DN,IPA suppression in Neurites
NOL7,chr6:13621944:+,-3.53197065419979,0.00284184214587543,0.0171995073157087,DN,IPA suppression in Neurites
NOL7,chr6:13622122:+,-3.54904825440138,0.0014603943543879,0.0105122469355792,DN,IPA suppression in Neurites
NOL9,chr1:6591988:-,1.83613835880037,9.95277703665186e-05,0.00172349512670277,UP,IPA activation in Neurites
NOP56,chr20:2637662:+,0,,1,NC,NS
NOP58,chr2:203162243:+,0.400150160697841,0.0807336640457228,0.204756521625115,NC,NS
NOS1AP,chr1:162177707:+,5.44888926430343,0.000531912347389075,0.00503557486847322,UP,IPA activation in Neurites
NOVA1,chr14:26919050:-,1.98094806262121,0.35431637699885,0.547285558547846,NC,NS
NOVA1,chr14:26931585:-,0.0649674866783592,0.885337912541415,0.935028263878786,NC,NS
NOVA1,chr14:26933069:-,0.0527511059424883,0.921063070087947,0.954813144236888,NC,NS
NOVA1,chr14:26935048:-,0.27464660115392,0.586413551616091,0.730753021416898,NC,NS
NOVA1,chr14:26993641:-,-3.37710450886477,0.182224783244167,0.36107907192559,NC,NS
NPM1,chr5:170817169:+,0.4611991517259,0.014506682542185,0.0596007537210685,UP,NS
NPM1,chr5:170833595:+,1.74355481275615,0.00196925404423061,0.0129375577289857,UP,IPA activation in Neurites
NPM1,chr5:170833731:+,1.85068235339693,0.00185304790121486,0.0123182118679119,UP,IPA activation in Neurites
NPM1,chr5:170833767:+,1.89752393779602,0.00161456624077644,0.0111915659937581,UP,IPA activation in Neurites
NPM1,chr5:170834261:+,2.74330356864008,0.00949680704985948,0.0430171463443125,UP,IPA activation in Neurites
NPM1,chr5:170834617:+,-1.2203913432885,0.218528184412782,0.395673245091213,NC,NS
NPM2,chr8:21891786:+,1.27784546960481,0.0127578771414194,0.0539824610175188,UP,NS
NR6A1,chr9:127390157:-,-2.20782328107151,0.0337133323652279,0.110248034468548,DN,NS
NR6A1,chr9:127472480:-,0.242148745417585,0.834731670942995,0.906046020702345,NC,NS
NR6A1,chr9:127475613:-,0.9136814189866,0.469349284643333,0.629854831515295,NC,NS
NR6A1,chr9:127476871:-,1.16730499738058,0.324128364516626,0.515780892887707,NC,NS
NR6A1,chr9:127476901:-,1.11451551840776,0.320849111430546,0.51272636329098,NC,NS
NR6A1,chr9:127494761:-,1.42394966326578,0.00525733089900499,0.0278976795578607,UP,IPA activation in Neurites
NRCAM,chr7:107934638:-,2.10809851455459,0.391002218955771,0.55762508717432,NC,NS
NRCAM,chr7:107938595:-,5.38716501463977,0.212496060587051,0.387994683233242,NC,NS
NRDC,chr1:52332450:-,0.132137019453224,0.880460371753806,0.932387414353432,NC,NS
NRG1,chr8:31506383:+,3.01735957429313,0.00895868602099064,0.0411858804347617,UP,IPA activation in Neurites
NRG1,chr8:31647203:+,3.27879963399564,0.00718808135318244,0.0353498510793833,UP,IPA activation in Neurites
NRG1,chr8:32187597:+,-0.964869196697679,0.098037085083525,0.233477045160636,NC,NS
NRG3,chr10:83653118:+,-0.897378335285381,0.663458332287124,0.79165969713319,NC,NS
NRG3,chr10:83681412:+,3.82603898121923,0.188490278427526,0.363821378353169,NC,NS
NRIP1,chr21:16346371:-,0.876779887519557,0.629201894970318,0.763896312606179,NC,NS
NRIP1,chr21:16359053:-,-0.835238189328126,0.1560559423824,0.326937988769044,NC,NS
NRP2,chr2:206580634:+,-2.06920739851209,0.151805608697107,0.321167866052228,NC,NS
NRP2,chr2:206644438:+,0.347212654738672,0.503733788471958,0.661583971580174,NC,NS
NRXN1,chr2:50325969:-,-0.430109662982748,0.425452114744522,0.589262568620065,NC,NS
NRXN1,chr2:50690192:-,-1.95236670877285,0.318967590329217,0.511562679478015,NC,NS
NRXN1,chr2:51143960:-,1.5164868284654,0.391002218955771,0.55762508717432,NC,NS
NRXN1,chr2:51240593:-,4.81887766944754,0.0581984115180766,0.16531827072163,NC,NS
NRXN3,chr14:78828586:+,-3.97500512549217,0.05932258543493,0.166802269020358,NC,NS
NRXN3,chr14:79515417:+,0,,1,NC,NS
NRXN3,chr14:79762803:+,-0.896021063600148,0.323328492453594,0.515053624014205,NC,NS
NSA2,chr5:74066700:+,2.1953194373375,6.28862921081131e-06,0.000329037309030191,UP,IPA activation in Neurites
NSA2,chr5:74069886:+,2.18222731231366,2.2684228125323e-05,0.000638422969206335,UP,IPA activation in Neurites
NSD1,chr5:176580583:+,2.60997451323205,0.20081527196578,0.374775908797537,NC,NS
NSD1,chr5:176598925:+,5.93486630583784,0.0910745192921439,0.222474202246773,NC,NS
NSD2,chr4:1942150:+,0.488915136177763,0.650359011389529,0.781558278864413,NC,NS
NSD2,chr4:1943471:+,0.395026493569784,0.334097906640292,0.527659984976197,NC,NS
NSD2,chr4:1943560:+,1.06572768234685,0.208736893900582,0.383373045138047,NC,NS
NSD2,chr4:1943896:+,0,,1,NC,NS
NSD2,chr4:1943965:+,0,,1,NC,NS
NSD2,chr4:1944268:+,1.20618871284155,0.00848212629495409,0.0395345081908492,UP,IPA activation in Neurites
NSD2,chr4:1945164:+,1.1242878044689,0.00164160794544108,0.0113466821910743,UP,IPA activation in Neurites
NSD2,chr4:1945271:+,1.14289719666233,0.00188820701999762,0.0125007011691271,UP,IPA activation in Neurites
NSD2,chr4:1946563:+,1.12284188762482,0.00158166227498787,0.0111498582033985,UP,IPA activation in Neurites
NSD2,chr4:1950546:+,0.971394015685968,0.00427696599072358,0.0238120326211224,UP,IPA activation in Neurites
NSD2,chr4:1976492:+,0,,1,NC,NS
NSD3,chr8:38173721:-,0.0728584003228534,0.93408049287724,0.96091935309285,NC,NS
NSD3,chr8:38173946:-,1.20350844284288,0.289657208969953,0.479098092676376,NC,NS
NSD3,chr8:38174111:-,0.587342623415061,0.36190678299542,0.553611570592806,NC,NS
NSD3,chr8:38174316:-,-0.455350446386922,0.610515588220552,0.750987437632747,NC,NS
NSD3,chr8:38174847:-,-0.743863834069012,0.358559969188394,0.551090590673002,NC,NS
NSL1,chr1:212902983:-,0.536516660727036,0.263714627200227,0.451782077450813,NC,NS
NSL1,chr1:212904272:-,-0.271259353524577,0.578215443859611,0.724406887183539,NC,NS
NSL1,chr1:212907781:-,-0.15698446115312,0.518806846656738,0.676116882798616,NC,NS
NSL1,chr1:212907972:-,-0.215480743361493,0.291295423605156,0.480490818563343,NC,NS
NSL1,chr1:212910111:-,0.0758090136345164,0.685647166904435,0.806769411247206,NC,NS
NSL1,chr1:212910313:-,-0.0103933121255023,0.968400879831872,0.980626734918409,NC,NS
NSL1,chr1:212910510:-,-0.00747200698036388,0.978099600245215,0.98681995745246,NC,NS
NSL1,chr1:212910590:-,-0.00331449378116488,0.989849057284364,0.994344655810428,NC,NS
NSL1,chr1:212910961:-,0.0355833610973233,0.886797253966419,0.935028263878786,NC,NS
NSL1,chr1:212911099:-,0.0642133020167388,0.784576988121864,0.874450437382925,NC,NS
NSL1,chr1:212911461:-,0.0316984253667005,0.891981404719931,0.938039838027725,NC,NS
NSL1,chr1:212921757:-,-1.2064859594994,0.391002218955771,0.55762508717432,NC,NS
NSL1,chr1:212957628:-,0.0536571344897503,0.802797525743531,0.886702628998429,NC,NS
NSRP1,chr17:28470469:+,3.53637737165268,0.160746105034034,0.333841462695522,NC,NS
NT5C3A,chr7:33057008:-,1.40579193943468,0.00866788021094506,0.0401888353738652,UP,IPA activation in Neurites
NT5C3A,chr7:33057037:-,1.38081319906014,0.00947882522045815,0.0430171463443125,UP,IPA activation in Neurites
NT5C3B,chr17:39983600:-,0.32512415354669,0.0399133893979607,0.124819121343494,UP,NS
NT5DC1,chr6:116465117:+,0.0285625789998327,0.982345324959252,0.990077123291574,NC,NS
NTM,chr11:131264817:+,0.487002681327722,0.741926324311421,0.845285294802007,NC,NS
NTM,chr11:131310758:+,-1.84739061559646,0.0276861008203663,0.0957502250120132,DN,NS
NTM,chr11:131314122:+,-1.48977187597333,0.0177206765875884,0.0690935995794913,DN,NS
NTM,chr11:131582088:+,-0.478047719299704,0.424590220391448,0.588662821875092,NC,NS
NTM,chr11:131800636:+,1.17802190445984,0.344888112290806,0.538237830149796,NC,NS
NTM,chr11:131831343:+,-1.08372843994295,0.138960612486347,0.301597832452527,NC,NS
NTM,chr11:131981004:+,-1.55459549350456,0.0447363396698064,0.136054393020799,DN,NS
NTRK2,chr9:87425520:+,0.804302595884724,0.731573206070224,0.83894384284656,NC,NS
NTRK2,chr9:87430617:+,0.296506435593927,0.713499302317921,0.826246455278201,NC,NS
NUCB2,chr11:17352587:+,0.870048858790152,0.00405143404300576,0.0227384983313334,UP,IPA activation in Neurites
NUDCD3,chr7:44482677:-,4.76151107634222,1.86892636134922e-06,0.000168411031006025,UP,IPA activation in Neurites
NUFIP2,chr17:27597559:-,1.07460900395418,0.0647066270427661,0.17560649592309,NC,NS
NUFIP2,chr17:27600601:-,0.34615388717289,0.286281296270439,0.475174673610774,NC,NS
NUFIP2,chr17:27612991:-,1.19337280393872,0.000141303363135245,0.00209687445459241,UP,IPA activation in Neurites
NUP88,chr17:5290005:-,0.305426382352199,0.0660784771373783,0.177767553263098,NC,NS
NUP88,chr17:5290924:-,0.598533900094621,0.0437519936689126,0.133394236336422,UP,NS
NUPL2,chr7:23226867:+,5.8133412804078,6.5848656507501e-05,0.00134293290432597,UP,IPA activation in Neurites
NUPL2,chr7:23227006:+,7.2843518222954,0.00214158371824923,0.0136757826417333,UP,IPA activation in Neurites
NUPL2,chr7:23230266:+,0.842505066437906,0.0519388232809455,0.152280935380751,NC,NS
NUS1,chr6:118023000:+,3.00857363475417,0.00082881324657979,0.00678957114117384,UP,IPA activation in Neurites
NXPE3,chr3:101525980:+,-0.190920651166419,0.631555128500178,0.765988847278631,NC,NS
OARD1,chr6:41038780:-,0.439348137410152,0.0391468503523566,0.123272407073276,UP,NS
OCIAD1,chr4:48854117:+,0.211488046112902,0.175334999335566,0.353430035943191,NC,NS
OCIAD1,chr4:48858292:+,2.6334081510697,0.0659365335903109,0.177656241666918,NC,NS
OCIAD1,chr4:48859048:+,0,,1,NC,NS
OCIAD2,chr4:48895993:-,0.780687124102236,0.0941703934930809,0.227185490697735,NC,NS
OGG1,chr3:9802131:+,-0.0557723802379215,0.799581721331764,0.884264694545537,NC,NS
OGG1,chr3:9802843:+,-0.394631113904714,0.141252015428564,0.305345316337359,NC,NS
OGG1,chr3:9803713:+,-0.437748774601663,0.220840387020924,0.398593962627529,NC,NS
OGG1,chr3:9807291:+,0,,1,NC,NS
OLA1,chr2:174960408:-,-0.28643458353605,0.913188750801956,0.950790883783304,NC,NS
OLA1,chr2:174964918:-,-1.1068769014748,0.22690771880691,0.406229933669766,NC,NS
OLA1,chr2:174990515:-,0.62421542724092,0.83547025371096,0.906477664484015,NC,NS
OLFM1,chr9:137989952:+,1.39367091558934,0.00621493781182014,0.0318386628119173,UP,IPA activation in Neurites
ONECUT2,chr18:55125379:+,-1.73385843455063,0.445621215713819,0.608244834688202,NC,NS
ONECUT2,chr18:55125500:+,-1.61077809716413,0.484202506950896,0.642172090167092,NC,NS
OPA1,chr3:193393139:+,-0.483906521838449,0.379136078779358,0.55762508717432,NC,NS
OPCML,chr11:132950370:-,6.51170909572482,0.0334906882389093,0.109667354623508,UP,NS
OPCML,chr11:133229952:-,0,,1,NC,NS
OPHN1,chrX:67479988:-,-1.49439813205457,0.306127611448192,0.49803308502404,NC,NS
OPHN1,chrX:67580691:-,0.226116699960752,0.4747257035701,0.634096973256137,NC,NS
ORC4,chr2:148739443:-,5.64008493089582,2.11201062790889e-07,5.13852185770234e-05,UP,IPA activation in Neurites
OSBPL3,chr7:24912540:-,1.13490846773235,0.0804473095410015,0.204309294481479,NC,NS
OSBPL6,chr2:179082832:+,1.94192297907212,0.183363498011219,0.361724831203596,NC,NS
OSBPL8,chr12:76881399:-,-3.88351155284813,0.0592036455941681,0.166715821447466,NC,NS
OSER1,chr20:42835498:-,0.498930968581756,0.13859967194387,0.300948685265003,NC,NS
OSTC,chr4:109578744:+,-0.147623043015337,0.405999020383628,0.57299812693886,NC,NS
OTUD7A,chr15:32056340:-,-1.77031087613037,0.565143060674912,0.714627056440234,NC,NS
OXCT1,chr5:41784536:-,0.275668412089092,0.714908862923011,0.827091423438747,NC,NS
OXCT1,chr5:41795933:-,2.68774406096055,0.189933939251972,0.365303774071184,NC,NS
OXCT1,chr5:41842776:-,0.0801436561478215,0.619630076740636,0.757606900831882,NC,NS
OXR1,chr8:107285002:+,0.180043230141333,0.338839747601042,0.532212463468905,NC,NS
OXR1,chr8:107285127:+,0.157774343694677,0.385786017950433,0.55762508717432,NC,NS
PA2G4,chr12:56503720:+,0.374260917660247,0.106933382223613,0.247073997103561,NC,NS
PABPC1,chr8:101716455:-,0.216950887709933,0.202338368382347,0.376438947822122,NC,NS
PABPC1,chr8:101727657:-,0.422435427561869,0.0100364429966497,0.0449285479500439,UP,IPA activation in Neurites
PAIP2,chr5:138700461:+,1.50915766166761,2.75003962426729e-06,0.000212407822407693,UP,IPA activation in Neurites
PAIP2,chr5:138700901:+,3.57564578016333,0.00021964056011177,0.00267862397369392,UP,IPA activation in Neurites
PAK2,chr3:196471786:+,0.195011372888512,0.784299572603661,0.874450437382925,NC,NS
PAK2,chr3:196475634:+,-0.578604576406142,0.602254982760485,0.743642114083159,NC,NS
PAK2,chr3:196477491:+,-0.0687847432133504,0.905633075753744,0.946479928397276,NC,NS
PAK3,chrX:110369545:+,-0.0621835391219512,0.923302302716882,0.956170025337665,NC,NS
PAK3,chrX:110371169:+,-0.0678053987087139,0.887644820988715,0.935719172212107,NC,NS
PAK3,chrX:110372338:+,0.218748932729936,0.546128111715898,0.698528471987106,NC,NS
PAK3,chrX:110372428:+,0.195439593032797,0.595484510637802,0.73749748759571,NC,NS
PAK3,chrX:110374736:+,-0.707906937748,0.287588490962845,0.476799181269235,NC,NS
PAK3,chrX:110385323:+,0,,1,NC,NS
PAK5,chr20:9527017:-,-3.21913810794138,0.391002218955771,0.55762508717432,NC,NS
PAK5,chr20:9659253:-,-1.70133492764337,0.0784260086865262,0.200536499352936,NC,NS
PALLD,chr4:169765430:+,4.42957710392064,0.200623800089852,0.374715117571497,NC,NS
PALLD,chr4:169765882:+,-0.746082442813703,0.831588992948829,0.904855107264983,NC,NS
PALM2-AKAP2,chr9:112713752:+,-0.666469660061843,0.048866359927982,0.145830610307611,DN,NS
PAM,chr5:102198096:+,0.81689364478706,0.170905876574074,0.347090148334493,NC,NS
PAM,chr5:102273632:+,0.851664659749043,0.446779695563332,0.60931334041793,NC,NS
PANK1,chr10:91389978:-,1.38382013870138,0.0978857950597834,0.233372013111664,NC,NS
PANK2,chr20:3899061:+,1.99932249994683,0.0204197090451385,0.0767258571167298,UP,NS
PANK2,chr20:3899100:+,1.38194444052955,0.0962201127880054,0.23064387626918,NC,NS
PANK3,chr5:167986215:-,0,,1,NC,NS
PANK3,chr5:167990134:-,3.32617091976044,0.000788930517520385,0.00658479570884081,UP,IPA activation in Neurites
PAPOLA,chr14:96999033:+,0.227302277845587,0.357550268403302,0.550233904506789,NC,NS
PAPOLA,chr14:97000973:+,0.0731645976510453,0.559161366145086,0.709301149025545,NC,NS
PAPSS1,chr4:108590657:-,3.70006275290602,0.0425515959271327,0.130882468888387,UP,NS
PBRM1,chr3:52620440:-,0.617799837826368,0.00640717485068274,0.0326122519073454,UP,IPA activation in Neurites
PBX1,chr1:164555668:+,1.20802306880128,0.391002218955771,0.55762508717432,NC,NS
PBX1,chr1:164614206:+,-0.373590622648255,0.819751661234464,0.897296169676114,NC,NS
PBX1,chr1:164650030:+,-0.406418468895424,0.391002218955771,0.55762508717432,NC,NS
PBX1,chr1:164707461:+,-0.617349572544776,0.3814960463147,0.55762508717432,NC,NS
PBX1,chr1:164816308:+,0,,1,NC,NS
PBX1,chr1:164817742:+,0,,1,NC,NS
PBX1,chr1:164819297:+,0.231248422181607,0.290879926811197,0.480490818563343,NC,NS
PBX1,chr1:164820752:+,0.229032119744297,0.306748931344838,0.498877105589566,NC,NS
PBX1,chr1:164821067:+,0.207758609835789,0.343279703146551,0.536933151883998,NC,NS
PBX3,chr9:128515874:+,-0.952405870447304,0.704335684017669,0.819927616849277,NC,NS
PBX3,chr9:128520525:+,1.87017636817652,0.448841781788933,0.611611344213092,NC,NS
PBX3,chr9:128523294:+,1.87168944585962,0.476245691640422,0.635255355132207,NC,NS
PBX3,chr9:128535024:+,-2.1496706897397,0.523374486321373,0.679674473029037,NC,NS
PBX3,chr9:128677964:+,0,,1,NC,NS
PBX3,chr9:128683590:+,-1.19161824836038,0.281023343148705,0.469594638654396,NC,NS
PBX3,chr9:128705682:+,0.891498612545974,0.818913148423586,0.896676728224385,NC,NS
PCBD2,chr5:134259909:+,2.01530255154643,0.188190676060992,0.363821378353169,NC,NS
PCBD2,chr5:134260287:+,2.72667647208835,0.00302188890193294,0.0180867298853698,UP,IPA activation in Neurites
PCBD2,chr5:134260393:+,-0.326074030813855,0.669898894331605,0.79524957790134,NC,NS
PCBD2,chr5:134261397:+,1.47393365580675,0.000240265893692815,0.00286552411448342,UP,IPA activation in Neurites
PCBD2,chr5:134261424:+,1.47822574623834,0.000244534892747454,0.00288812327210949,UP,IPA activation in Neurites
PCBD2,chr5:134261644:+,1.48068133734399,0.0001984904337809,0.00251539911375732,UP,IPA activation in Neurites
PCBD2,chr5:134261675:+,1.47623200774241,0.000205941218324107,0.00256951273939771,UP,IPA activation in Neurites
PCBD2,chr5:134262591:+,1.50894880347559,0.000214618496023325,0.00264388253582152,UP,IPA activation in Neurites
PCBD2,chr5:134262777:+,2.03267257097145,2.07270665331036e-05,0.000596792341716461,UP,IPA activation in Neurites
PCBD2,chr5:134262802:+,2.05010315619598,1.46509727199645e-05,0.000543467962194291,UP,IPA activation in Neurites
PCBD2,chr5:134263015:+,2.22830428410541,9.58025983849896e-06,0.000434669324194523,UP,IPA activation in Neurites
PCBD2,chr5:134263497:+,2.30189890836264,2.59168043011012e-05,0.000708489717579541,UP,IPA activation in Neurites
PCBD2,chr5:134263675:+,2.30317508578708,2.47866191493497e-05,0.000681421970512629,UP,IPA activation in Neurites
PCBP2,chr12:53869092:+,-1.01696688986648,0.0122426563922175,0.0523026918389203,DN,NS
PCBP2,chr12:53869332:+,-1.04156414173083,0.00468334797834016,0.0254912430230461,DN,IPA suppression in Neurites
PCBP2,chr12:53869434:+,-1.05557046509221,0.00464963079166888,0.0254136132594257,DN,IPA suppression in Neurites
PCBP2,chr12:53869854:+,-1.23782170513606,0.00130809185076873,0.00964420446339488,DN,IPA suppression in Neurites
PCBP3,chr21:47353566:+,0.22438531511676,0.643596434087645,0.776383471600477,NC,NS
PCCA,chr13:100985887:+,-1.15658077702289,0.391002218955771,0.55762508717432,NC,NS
PCDH11X,chrX:91142305:+,1.96736497591279,0.361509460370543,0.553492850542253,NC,NS
PCDH11X,chrX:91716020:+,-3.44786902756415,0.00494448925808584,0.0265788009605902,DN,IPA suppression in Neurites
PCDH11X,chrX:91754680:+,5.31338383595389,0.182613765071278,0.36107907192559,NC,NS
PCDH11Y,chrY:4874666:+,-1.90614917542405,0.000602273459487957,0.00547787411938019,DN,IPA suppression in Neurites
PCDH11Y,chrY:4977128:+,-3.09014817694494,0.0178963582093312,0.0696112542338973,DN,NS
PCDH11Y,chrY:4981143:+,-5.21973148491811,0.0112599406184215,0.0491645390425562,DN,IPA suppression in Neurites
PCDH11Y,chrY:5261746:+,-0.989863418887688,0.0831346682986406,0.207879391542233,NC,NS
PCDH11Y,chrY:5442541:+,-0.145266034078038,0.9545775932453,0.972158762815326,NC,NS
PCDH7,chr4:30790127:+,-3.13946060842204,0.417536708401938,0.583150609303685,NC,NS
PCDH7,chr4:30790188:+,0.880703689465976,0.775930939323445,0.86907184519386,NC,NS
PCDH7,chr4:30896113:+,0.674737507340081,0.782635039369366,0.874247393347095,NC,NS
PCDH9,chr13:67075119:-,-1.11669748398996,0.19347273105751,0.367528786486502,NC,NS
PCDH9,chr13:67305028:-,-0.741776041282474,0.235937653668252,0.418546344422061,NC,NS
PCDH9,chr13:67775147:-,0.265918920018353,0.295456096604849,0.48554183251577,NC,NS
PCDH9,chr13:67790754:-,0.264539506385594,0.300486984992438,0.491155414502252,NC,NS
PCDH9,chr13:67796498:-,0.150168891559992,0.718941198864458,0.830768908495477,NC,NS
PCDH9,chr13:67798638:-,0.097634733067659,0.860497263129482,0.920259270854518,NC,NS
PCDHA1,chr5:140184794:+,-2.03955431243904,0.408099050102459,0.574448916867549,NC,NS
PCDHA1,chr5:140184956:+,-2.13772160481644,0.392296288754926,0.558488514067136,NC,NS
PCDHA1,chr5:140185206:+,-2.36418370809825,0.363169518699671,0.555144518097211,NC,NS
PCDHA1,chr5:140197189:+,-0.851927279435151,0.0123509641150382,0.0524889007718567,DN,NS
PCDHA1,chr5:140198931:+,-1.01499011482328,0.00522283806748126,0.0278056127312514,DN,IPA suppression in Neurites
PCDHA1,chr5:140205436:+,-1.17734274162396,0.0292655062417292,0.0999340023664942,DN,NS
PCDHA1,chr5:140210696:+,-0.541623999262661,0.0785725976925001,0.200700399145252,NC,NS
PCDHA1,chr5:140216755:+,-0.323175765882329,0.127300199596282,0.282592505125689,NC,NS
PCDHA1,chr5:140245877:+,-0.0628911551956755,0.791913206822949,0.878579494847349,NC,NS
PCDHA1,chr5:140246873:+,-0.0179304592628808,0.934196610757646,0.96091935309285,NC,NS
PCDHA1,chr5:140247704:+,-0.0387829123110048,0.867513518135663,0.925322397906211,NC,NS
PCDHA1,chr5:140247825:+,-0.0400633188827948,0.865328717508698,0.923599372537251,NC,NS
PCDHA1,chr5:140265555:+,-0.0250166387863606,0.910804510270032,0.949641042848506,NC,NS
PCDHA1,chr5:140300101:+,-0.568753550054737,0.12680204114884,0.281743713347149,NC,NS
PCDHA1,chr5:140310343:+,-0.0369171449633621,0.869585050798418,0.926597309755146,NC,NS
PCDHA1,chr5:140311308:+,-0.0190159932393819,0.932171849889428,0.96091935309285,NC,NS
PCDHA1,chr5:140319838:+,-0.0321736341308938,0.892159550018971,0.938039838027725,NC,NS
PCDHA1,chr5:140319965:+,-0.0340035353837997,0.886732386748262,0.935028263878786,NC,NS
PCDHA10,chr5:140245877:+,1.1205963692509,0.111769512317278,0.254859628367326,NC,NS
PCDHA10,chr5:140246873:+,0.87748778443378,0.0692949772979156,0.183454493760423,NC,NS
PCDHA10,chr5:140247704:+,0.806223020481575,0.16558346613635,0.340257240802145,NC,NS
PCDHA10,chr5:140247825:+,0.811751380856901,0.16499327164739,0.339831400193786,NC,NS
PCDHA10,chr5:140265555:+,0.10081066103842,0.710368685535597,0.82497709398955,NC,NS
PCDHA10,chr5:140300101:+,-1.83995783263945,0.238996602719304,0.422432789259765,NC,NS
PCDHA10,chr5:140310343:+,0.0369484137473606,0.899307035589708,0.943109490340414,NC,NS
PCDHA10,chr5:140311308:+,0.0547132552911531,0.851870019571154,0.915257124140701,NC,NS
PCDHA10,chr5:140319838:+,0.0365943728801916,0.912559346460723,0.950658742143249,NC,NS
PCDHA10,chr5:140319965:+,0.0335870499841624,0.920408192993323,0.954337580887601,NC,NS
PCDHA11,chr5:140265555:+,0.0497498263595526,0.881934800739757,0.933339438973392,NC,NS
PCDHA11,chr5:140300101:+,3.35943103895124,0.224225976706645,0.403060067474892,NC,NS
PCDHA11,chr5:140310343:+,-0.0069598733317493,0.983520763831885,0.990441232782689,NC,NS
PCDHA11,chr5:140311308:+,0.0167853279783179,0.959815052982699,0.975615038977072,NC,NS
PCDHA11,chr5:140319838:+,-0.0166950185535448,0.966432643550207,0.979313045296815,NC,NS
PCDHA11,chr5:140319965:+,-0.0213394142889856,0.957581590632569,0.974198624298156,NC,NS
PCDHA12,chr5:140265555:+,0.0575904770575839,0.910455731927287,0.949480838310797,NC,NS
PCDHA12,chr5:140300101:+,2.4144093685717,0.554968761113866,0.70619194340483,NC,NS
PCDHA12,chr5:140310343:+,-0.0223969343233712,0.958439797993407,0.974664170749408,NC,NS
PCDHA12,chr5:140311308:+,0.00717400948964997,0.986441159347217,0.99215020284902,NC,NS
PCDHA12,chr5:140319838:+,-0.0600081772050629,0.913470485344625,0.950790883783304,NC,NS
PCDHA12,chr5:140319965:+,-0.0685878416313805,0.902767665950617,0.944296531065284,NC,NS
PCDHA13,chr5:140300101:+,0,,1,NC,NS
PCDHA13,chr5:140310343:+,-0.067999953322051,0.86992723887289,0.926678183965736,NC,NS
PCDHA13,chr5:140311308:+,-0.023428818277063,0.954423144768095,0.972158762815326,NC,NS
PCDHA13,chr5:140319838:+,-0.21598086951713,0.768223203780344,0.863611716037255,NC,NS
PCDHA13,chr5:140319965:+,-0.247057084118062,0.74698309236063,0.848860281977306,NC,NS
PCDHA2,chr5:140197189:+,-1.75466743275839,0.107336917309372,0.247657912256596,NC,NS
PCDHA2,chr5:140198931:+,-3.01944874789253,0.192149641626076,0.366852935046431,NC,NS
PCDHA2,chr5:140205436:+,0.426020249493738,0.842872329072301,0.910067836786928,NC,NS
PCDHA2,chr5:140210696:+,-1.0049170762976,0.151591260633736,0.320853881793718,NC,NS
PCDHA2,chr5:140216755:+,-0.513266295145877,0.0529341570172482,0.154855873793391,NC,NS
PCDHA2,chr5:140245877:+,-0.150307316644529,0.607761237514736,0.748700299176381,NC,NS
PCDHA2,chr5:140246873:+,-0.0950165602913362,0.712983557732706,0.825889445657468,NC,NS
PCDHA2,chr5:140247704:+,-0.115679702161029,0.673476317870622,0.797823433465685,NC,NS
PCDHA2,chr5:140247825:+,-0.117115332368997,0.674041082274864,0.798219495339374,NC,NS
PCDHA2,chr5:140265555:+,-0.0646977901552388,0.793010782526544,0.879195823142895,NC,NS
PCDHA2,chr5:140300101:+,-0.634627826105306,0.13494028053289,0.29537535091005,NC,NS
PCDHA2,chr5:140310343:+,-0.0645128665712527,0.787770373112583,0.876982529298977,NC,NS
PCDHA2,chr5:140311308:+,-0.0456121198467123,0.846466926207797,0.911868067949334,NC,NS
PCDHA2,chr5:140319838:+,-0.0604469047988934,0.808959335877592,0.889782126668255,NC,NS
PCDHA2,chr5:140319965:+,-0.0623858029688211,0.804041735757033,0.887583277267178,NC,NS
PCDHA3,chr5:140184956:+,-0.107627424532915,0.95883625980249,0.974863610572276,NC,NS
PCDHA3,chr5:140185206:+,1.36038015857791,0.617683151131335,0.757089726298508,NC,NS
PCDHA3,chr5:140197189:+,-1.34004627579781,0.0812981002920609,0.205291414645132,NC,NS
PCDHA3,chr5:140198931:+,-1.64864614325954,0.0763892640782098,0.196880380828691,NC,NS
PCDHA3,chr5:140205436:+,-1.92182382283804,0.0661187381769112,0.177767553263098,NC,NS
PCDHA3,chr5:140210696:+,-0.801992201023973,0.156598396964243,0.327886316535286,NC,NS
PCDHA3,chr5:140216755:+,-0.426765272980376,0.0904832646081056,0.221562782176583,NC,NS
PCDHA3,chr5:140245877:+,-0.10917964485228,0.703588512533426,0.819316286023641,NC,NS
PCDHA3,chr5:140246873:+,-0.0579448745687952,0.821445571348877,0.898236887681715,NC,NS
PCDHA3,chr5:140247704:+,-0.0782534518215936,0.773998487598127,0.867686679030184,NC,NS
PCDHA3,chr5:140247825:+,-0.0796454835469849,0.773118740464782,0.867218946773082,NC,NS
PCDHA3,chr5:140265555:+,-0.0442218807231889,0.857136710672608,0.918279884221248,NC,NS
PCDHA3,chr5:140300101:+,-0.601238194327646,0.145268650306142,0.312224934801098,NC,NS
PCDHA3,chr5:140310343:+,-0.0484639357432455,0.839427279072974,0.908508260669282,NC,NS
PCDHA3,chr5:140311308:+,-0.0300242114680156,0.898618788228407,0.942762274394352,NC,NS
PCDHA3,chr5:140319838:+,-0.0435567196523108,0.861614532595618,0.92104927847326,NC,NS
PCDHA3,chr5:140319965:+,-0.0454259664297219,0.856538951884338,0.918245988074287,NC,NS
PCDHA4,chr5:140205436:+,0,,1,NC,NS
PCDHA4,chr5:140210696:+,2.56974256205146,0.391002218955771,0.55762508717432,NC,NS
PCDHA4,chr5:140216755:+,0.0676053385020428,0.923354490148313,0.956170025337665,NC,NS
PCDHA4,chr5:140245877:+,0.135740761841705,0.731705234081546,0.83894384284656,NC,NS
PCDHA4,chr5:140246873:+,0.195280479424367,0.583427007248777,0.72849777194574,NC,NS
PCDHA4,chr5:140247704:+,0.167855156708029,0.656637773404956,0.786401187774726,NC,NS
PCDHA4,chr5:140247825:+,0.165633831887135,0.664625585106106,0.792253543329238,NC,NS
PCDHA4,chr5:140265555:+,0.0586274440555394,0.839143407745681,0.908403074992321,NC,NS
PCDHA4,chr5:140300101:+,-0.652376831754721,0.200436743188287,0.374715117571497,NC,NS
PCDHA4,chr5:140310343:+,0.0263223089756979,0.923739608650298,0.956258483802573,NC,NS
PCDHA4,chr5:140311308:+,0.0457468555667964,0.866758041883027,0.924922068377809,NC,NS
PCDHA4,chr5:140319838:+,0.0360464298381613,0.902104901733692,0.944255649731368,NC,NS
PCDHA4,chr5:140319965:+,0.0341747118414695,0.9077406580881,0.947963739639822,NC,NS
PCDHA5,chr5:140210696:+,0.545159936528881,0.496592498617858,0.654195818507046,NC,NS
PCDHA5,chr5:140216755:+,0.205110060625475,0.572582600833593,0.719803474492588,NC,NS
PCDHA5,chr5:140245877:+,0.200726218495728,0.544441665639243,0.696988462246923,NC,NS
PCDHA5,chr5:140246873:+,0.236060495728038,0.454076473113017,0.615984421011414,NC,NS
PCDHA5,chr5:140247704:+,0.21452962832414,0.518252661043317,0.675728148080594,NC,NS
PCDHA5,chr5:140247825:+,0.212941632380386,0.524901078701141,0.680385894768181,NC,NS
PCDHA5,chr5:140265555:+,0.0940611222361687,0.725286587910934,0.835126487641885,NC,NS
PCDHA5,chr5:140300101:+,-0.485766738731962,0.23961603896806,0.423220198046671,NC,NS
PCDHA5,chr5:140310343:+,0.057347942989753,0.824852661109265,0.901100926377863,NC,NS
PCDHA5,chr5:140311308:+,0.0735005076515281,0.776020790663239,0.86907184519386,NC,NS
PCDHA5,chr5:140319838:+,0.0674740231239568,0.806196023377563,0.888550362345464,NC,NS
PCDHA5,chr5:140319965:+,0.0658559922962718,0.811821296640179,0.891519392789689,NC,NS
PCDHA6,chr5:140216755:+,0.0690997314171957,0.815567156992147,0.894018874954672,NC,NS
PCDHA6,chr5:140245877:+,0.214524088238718,0.450120607758792,0.612667658001198,NC,NS
PCDHA6,chr5:140246873:+,0.251810331830224,0.350944089674805,0.543697789301859,NC,NS
PCDHA6,chr5:140247704:+,0.227648710294888,0.428911499782436,0.592241373561649,NC,NS
PCDHA6,chr5:140247825:+,0.225951244734896,0.437000349929857,0.600520672905588,NC,NS
PCDHA6,chr5:140265555:+,0.0956173596560745,0.6999482170352,0.816774106497191,NC,NS
PCDHA6,chr5:140300101:+,-0.519398642807375,0.204813520386337,0.378799920258425,NC,NS
PCDHA6,chr5:140310343:+,0.0566553434947981,0.819847671676943,0.897296169676114,NC,NS
PCDHA6,chr5:140311308:+,0.0726097822855332,0.769791279186298,0.864441055099206,NC,NS
PCDHA6,chr5:140319838:+,0.0656391131610823,0.804752132256725,0.887964597632931,NC,NS
PCDHA6,chr5:140319965:+,0.0638871693487237,0.81097048399733,0.891188431601402,NC,NS
PCDHA7,chr5:140245877:+,0.123100711875699,0.727247825041248,0.836395158745147,NC,NS
PCDHA7,chr5:140246873:+,0.186653932263351,0.535401088305258,0.690213104306712,NC,NS
PCDHA7,chr5:140247704:+,0.158275095946157,0.624764293110273,0.760786549117765,NC,NS
PCDHA7,chr5:140247825:+,0.155717923486608,0.635522092121799,0.769457700986482,NC,NS
PCDHA7,chr5:140265555:+,0.0641328219264779,0.80717716827879,0.889027637130962,NC,NS
PCDHA7,chr5:140300101:+,-0.634204379178208,0.192152679396953,0.366852935046431,NC,NS
PCDHA7,chr5:140310343:+,0.033544155951124,0.896641314210585,0.941328292329818,NC,NS
PCDHA7,chr5:140311308:+,0.0513427035964247,0.840462096618926,0.908875084647539,NC,NS
PCDHA7,chr5:140319838:+,0.0420845447507219,0.878037611460244,0.931849731159334,NC,NS
PCDHA7,chr5:140319965:+,0.040145995626899,0.88432349821579,0.934605075757868,NC,NS
PCDHA8,chr5:140245877:+,0.200991048811902,0.580370325234014,0.726013820926768,NC,NS
PCDHA8,chr5:140246873:+,0.274427794567541,0.356386222512576,0.549137225695438,NC,NS
PCDHA8,chr5:140247704:+,0.23942413770268,0.461047864735759,0.621628958105902,NC,NS
PCDHA8,chr5:140247825:+,0.236263221093889,0.47467985457478,0.634096973256137,NC,NS
PCDHA8,chr5:140265555:+,0.0732384954195435,0.780513443080578,0.872897819818454,NC,NS
PCDHA8,chr5:140300101:+,-0.724543176948068,0.178710078102014,0.358451459210387,NC,NS
PCDHA8,chr5:140310343:+,0.0355072792446212,0.892594797699195,0.93825402783849,NC,NS
PCDHA8,chr5:140311308:+,0.0536005594009161,0.836381821402976,0.907027845541983,NC,NS
PCDHA8,chr5:140319838:+,0.0425679077548118,0.880009877404385,0.932243244702581,NC,NS
PCDHA8,chr5:140319965:+,0.0404326591944244,0.886722483881763,0.935028263878786,NC,NS
PCDHA9,chr5:140245877:+,0.318101616878327,0.31561425411574,0.507360079460585,NC,NS
PCDHA9,chr5:140246873:+,0.368173364175165,0.228772137625976,0.40866564672834,NC,NS
PCDHA9,chr5:140247704:+,0.327959399083118,0.325782382804953,0.517212748688059,NC,NS
PCDHA9,chr5:140247825:+,0.325682801857397,0.330836741576983,0.523699279282238,NC,NS
PCDHA9,chr5:140265555:+,0.084292074717963,0.741495728759018,0.845285294802007,NC,NS
PCDHA9,chr5:140300101:+,-0.850183501095342,0.139708207644214,0.302680382189113,NC,NS
PCDHA9,chr5:140310343:+,0.0386755273647523,0.88447521041204,0.934605075757868,NC,NS
PCDHA9,chr5:140311308:+,0.0558591589075554,0.833260428831145,0.905661212126949,NC,NS
PCDHA9,chr5:140319838:+,0.0442107265037874,0.879370462667987,0.932198238110525,NC,NS
PCDHA9,chr5:140319965:+,0.0418297166917112,0.886623963013127,0.935028263878786,NC,NS
PCDHAC1,chr5:140311308:+,-0.491033338456488,0.168103022306668,0.343404410807828,NC,NS
PCDHAC1,chr5:140319838:+,4.27309010174409,0.335362592471072,0.528627915440309,NC,NS
PCDHAC1,chr5:140319965:+,7.82774781761952,0.0678079867856302,0.180377458049964,NC,NS
PCDHGA1,chr5:140726145:+,0,,1,NC,NS
PCDHGA1,chr5:140733236:+,0,,1,NC,NS
PCDHGA1,chr5:140733704:+,0,,1,NC,NS
PCDHGA1,chr5:140747350:+,0,,1,NC,NS
PCDHGA1,chr5:140758714:+,0,,1,NC,NS
PCDHGA1,chr5:140759212:+,0,,1,NC,NS
PCDHGA1,chr5:140770265:+,3.11294712466353,0.202376549014113,0.376438947822122,NC,NS
PCDHGA1,chr5:140771859:+,3.44224568781406,0.192933778288812,0.367285942012347,NC,NS
PCDHGA1,chr5:140771989:+,3.51793601592651,0.191768589644566,0.366852935046431,NC,NS
PCDHGA1,chr5:140775028:+,2.388285368087,0.438648920187455,0.601766463386567,NC,NS
PCDHGA1,chr5:140780455:+,0.46178974227231,0.889044848145267,0.936383599799755,NC,NS
PCDHGA1,chr5:140780485:+,0.363072840012441,0.914884385886313,0.951494577029436,NC,NS
PCDHGA1,chr5:140796523:+,-0.44184497471902,0.0668027336117867,0.179092251564001,NC,NS
PCDHGA1,chr5:140797089:+,-0.469121480953558,0.0636906428588766,0.173526689894341,NC,NS
PCDHGA1,chr5:140800003:+,-0.298093626762154,0.0550376047174611,0.159033838809481,NC,NS
PCDHGA1,chr5:140804246:+,-0.316649755876909,0.0343498122904442,0.111727640765794,DN,NS
PCDHGA1,chr5:140805012:+,-0.354510192550055,0.019857627775104,0.0749629299873204,DN,NS
PCDHGA1,chr5:140821851:+,-0.188937302988611,0.29754996887774,0.487993983336395,NC,NS
PCDHGA10,chr5:140800003:+,-0.081384580891793,0.68786315638201,0.808683768773824,NC,NS
PCDHGA10,chr5:140804246:+,-0.144452997832383,0.585865220860759,0.73060486025332,NC,NS
PCDHGA10,chr5:140805012:+,-0.237169582749884,0.392792696215795,0.559031664166732,NC,NS
PCDHGA10,chr5:140821851:+,0.919824514549838,0.484611013698072,0.642538744592594,NC,NS
PCDHGA11,chr5:140821851:+,-1.81240255573318,0.586613501704991,0.730753021416898,NC,NS
PCDHGA12,chr5:140821851:+,0,,1,NC,NS
PCDHGA2,chr5:140733236:+,0,,1,NC,NS
PCDHGA2,chr5:140733704:+,0,,1,NC,NS
PCDHGA2,chr5:140747350:+,0,,1,NC,NS
PCDHGA2,chr5:140758714:+,0,,1,NC,NS
PCDHGA2,chr5:140759212:+,0,,1,NC,NS
PCDHGA2,chr5:140770265:+,-1.3168187459795,0.285053978873361,0.473888849059712,NC,NS
PCDHGA2,chr5:140771859:+,-2.49898836666127,0.405318098799141,0.572504461177538,NC,NS
PCDHGA2,chr5:140771989:+,-3.38950236410572,0.361541899395395,0.553492850542253,NC,NS
PCDHGA2,chr5:140775028:+,-2.19803975739924,0.216059275314072,0.392784868491828,NC,NS
PCDHGA2,chr5:140780455:+,-0.82124721448624,0.292317822670662,0.481522858874557,NC,NS
PCDHGA2,chr5:140780485:+,-0.82584190759175,0.293680440579056,0.483440129857134,NC,NS
PCDHGA2,chr5:140796523:+,-0.44171687993288,0.0585076547574149,0.165507112721722,NC,NS
PCDHGA2,chr5:140797089:+,-0.46558299670108,0.0564096851937021,0.161710479776036,NC,NS
PCDHGA2,chr5:140800003:+,-0.310315636456883,0.0497651968266533,0.147553640663518,DN,NS
PCDHGA2,chr5:140804246:+,-0.326452464319911,0.0311779629517332,0.104628943257334,DN,NS
PCDHGA2,chr5:140805012:+,-0.361196916978525,0.0189536087706834,0.0723358904142318,DN,NS
PCDHGA2,chr5:140821851:+,-0.20981727006283,0.243790276782437,0.428670688936345,NC,NS
PCDHGA3,chr5:140733236:+,0,,1,NC,NS
PCDHGA3,chr5:140733704:+,0,,1,NC,NS
PCDHGA3,chr5:140747350:+,0,,1,NC,NS
PCDHGA3,chr5:140758714:+,0,,1,NC,NS
PCDHGA3,chr5:140759212:+,0,,1,NC,NS
PCDHGA3,chr5:140770265:+,-0.943347455103646,0.209639317019733,0.384800043990201,NC,NS
PCDHGA3,chr5:140771859:+,-1.16252539972323,0.264143035418735,0.451782077450813,NC,NS
PCDHGA3,chr5:140771989:+,-1.2085805959813,0.260950535706709,0.449640689358656,NC,NS
PCDHGA3,chr5:140775028:+,0.168975188850247,0.851137285131787,0.914873874409383,NC,NS
PCDHGA3,chr5:140780455:+,-0.617072438160952,0.275190917012888,0.463670014606895,NC,NS
PCDHGA3,chr5:140780485:+,-0.620021227743439,0.276290242027093,0.464878394780026,NC,NS
PCDHGA3,chr5:140796523:+,-0.419789344249709,0.0569492978353768,0.162878681666154,NC,NS
PCDHGA3,chr5:140797089:+,-0.442431423469607,0.0548270538732284,0.158519574656643,NC,NS
PCDHGA3,chr5:140800003:+,-0.300506564403888,0.0551658379176378,0.159105534351287,NC,NS
PCDHGA3,chr5:140804246:+,-0.316152101045324,0.0347883743119667,0.112778300734197,DN,NS
PCDHGA3,chr5:140805012:+,-0.349893379429159,0.021045094823462,0.0782318039808756,DN,NS
PCDHGA3,chr5:140821851:+,-0.201394271906026,0.269843267993525,0.457350517836139,NC,NS
PCDHGA4,chr5:140747350:+,0,,1,NC,NS
PCDHGA4,chr5:140758714:+,0,,1,NC,NS
PCDHGA4,chr5:140759212:+,0,,1,NC,NS
PCDHGA4,chr5:140770265:+,-0.87392862187269,0.0404787654443406,0.125778845882606,DN,NS
PCDHGA4,chr5:140771859:+,-0.977222726261829,0.0459339678866006,0.138828998593912,DN,NS
PCDHGA4,chr5:140771989:+,-0.991963417823268,0.0453180852025051,0.137394269529838,DN,NS
PCDHGA4,chr5:140775028:+,-0.437005075780658,0.208739181660691,0.383373045138047,NC,NS
PCDHGA4,chr5:140780455:+,-0.662093339185556,0.0808170120269945,0.204756521625115,NC,NS
PCDHGA4,chr5:140780485:+,-0.664361728794095,0.0809091076099802,0.204756521625115,NC,NS
PCDHGA4,chr5:140796523:+,-0.455362390773311,0.0314647502720514,0.105373348123745,DN,NS
PCDHGA4,chr5:140797089:+,-0.475125192608256,0.0305154204779982,0.102973672708696,DN,NS
PCDHGA4,chr5:140800003:+,-0.339554781511116,0.0314479913379435,0.105373348123745,DN,NS
PCDHGA4,chr5:140804246:+,-0.352798352051727,0.0210181660150928,0.0781914341203683,DN,NS
PCDHGA4,chr5:140805012:+,-0.382936822222799,0.012996887312224,0.0546610662586709,DN,NS
PCDHGA4,chr5:140821851:+,-0.249094057962709,0.158683138783325,0.330379601721084,NC,NS
PCDHGA5,chr5:140758714:+,0,,1,NC,NS
PCDHGA5,chr5:140759212:+,0,,1,NC,NS
PCDHGA5,chr5:140770265:+,-0.781065775768767,0.0241899366471842,0.0866138570457676,DN,NS
PCDHGA5,chr5:140771859:+,-0.84369000920383,0.0266879532302196,0.0935616573618507,DN,NS
PCDHGA5,chr5:140771989:+,-0.853490412645614,0.0263904821086251,0.0927861892634176,DN,NS
PCDHGA5,chr5:140775028:+,-0.449294992753066,0.078959900993104,0.201478174217328,NC,NS
PCDHGA5,chr5:140780455:+,-0.618796906870704,0.0553624197909423,0.15931019201817,NC,NS
PCDHGA5,chr5:140780485:+,-0.62067600394222,0.0552086738100173,0.159105534351287,NC,NS
PCDHGA5,chr5:140796523:+,-0.457097182189539,0.0387898572303517,0.122406903555701,DN,NS
PCDHGA5,chr5:140797089:+,-0.475593329819029,0.0375043966657082,0.119434812941974,DN,NS
PCDHGA5,chr5:140800003:+,-0.34744013058091,0.0371738588419665,0.118927019806055,DN,NS
PCDHGA5,chr5:140804246:+,-0.358768932831868,0.0236369233600529,0.0849359402500998,DN,NS
PCDHGA5,chr5:140805012:+,-0.387145761474436,0.0159820627393399,0.0639545372447597,DN,NS
PCDHGA5,chr5:140821851:+,-0.261056959578578,0.155278059252741,0.325822784098248,NC,NS
PCDHGA6,chr5:140770265:+,-0.831676753069216,0.0244107559035951,0.0872760751116047,DN,NS
PCDHGA6,chr5:140771859:+,-0.89097990583614,0.0273983323699356,0.094957468171016,DN,NS
PCDHGA6,chr5:140771989:+,-0.900248648561046,0.027122282649148,0.0942612014751671,DN,NS
PCDHGA6,chr5:140775028:+,-0.54061044540001,0.0421093443542941,0.12993282791883,DN,NS
PCDHGA6,chr5:140780455:+,-0.677740050428394,0.0460249271268727,0.139017563872975,DN,NS
PCDHGA6,chr5:140780485:+,-0.679696933889329,0.0456868478859922,0.138253856849029,DN,NS
PCDHGA6,chr5:140796523:+,-0.484320922280922,0.0311477768547384,0.104599780659184,DN,NS
PCDHGA6,chr5:140797089:+,-0.502135611828642,0.0297876089984425,0.101482345750773,DN,NS
PCDHGA6,chr5:140800003:+,-0.372692886781786,0.0304865954113892,0.102947795469688,DN,NS
PCDHGA6,chr5:140804246:+,-0.382581589344763,0.0216522745758782,0.0800607660229661,DN,NS
PCDHGA6,chr5:140805012:+,-0.409368562092638,0.0151080462214826,0.0613142226136233,DN,NS
PCDHGA6,chr5:140821851:+,-0.287039244292342,0.145483506359608,0.312410742253245,NC,NS
PCDHGA7,chr5:140770265:+,-0.847773025004364,0.0755745641179436,0.195817800318378,NC,NS
PCDHGA7,chr5:140771859:+,-0.934387003886166,0.0795975995239257,0.202998909477685,NC,NS
PCDHGA7,chr5:140771989:+,-0.948630315853078,0.0788957497075605,0.20142010392287,NC,NS
PCDHGA7,chr5:140775028:+,-0.452266213719453,0.15723717482401,0.328516999868455,NC,NS
PCDHGA7,chr5:140780455:+,-0.650347930183464,0.123348411048691,0.275453587959124,NC,NS
PCDHGA7,chr5:140780485:+,-0.653113207903073,0.122789539846997,0.27508927297214,NC,NS
PCDHGA7,chr5:140796523:+,-0.446003421669968,0.0696485393453199,0.184090055651454,NC,NS
PCDHGA7,chr5:140797089:+,-0.466005214343566,0.0656411944503999,0.177154771045838,NC,NS
PCDHGA7,chr5:140800003:+,-0.334045229618643,0.0668389617153471,0.179092251564001,NC,NS
PCDHGA7,chr5:140804246:+,-0.34438610696263,0.0496675985265577,0.147367399042823,DN,NS
PCDHGA7,chr5:140805012:+,-0.373591318727464,0.0373152381598512,0.119159404457825,DN,NS
PCDHGA7,chr5:140821851:+,-0.23907539051203,0.278834451921403,0.467381482276798,NC,NS
PCDHGA8,chr5:140780455:+,-0.358414959473478,0.830622747747674,0.904352241035633,NC,NS
PCDHGA8,chr5:140780485:+,-0.411286872316047,0.811222098144213,0.891263655355552,NC,NS
PCDHGA8,chr5:140796523:+,-0.442356261107312,0.0674590313723264,0.180063437552244,NC,NS
PCDHGA8,chr5:140797089:+,-0.470657251786024,0.0617875103443169,0.170441057446398,NC,NS
PCDHGA8,chr5:140800003:+,-0.302648258374814,0.10316608015602,0.240885866621494,NC,NS
PCDHGA8,chr5:140804246:+,-0.3157978680668,0.0999932388724681,0.236555513314905,NC,NS
PCDHGA8,chr5:140805012:+,-0.352356592209428,0.0781799434378012,0.200282569797225,NC,NS
PCDHGA8,chr5:140821851:+,-0.166730199937783,0.553913101982043,0.705586689592833,NC,NS
PCDHGA9,chr5:140796523:+,-0.379694243101777,0.0967020536519007,0.231457055125504,NC,NS
PCDHGA9,chr5:140797089:+,-0.409775597924326,0.0859266098183763,0.213217176632442,NC,NS
PCDHGA9,chr5:140800003:+,-0.26236014775747,0.134068942754592,0.293732316723928,NC,NS
PCDHGA9,chr5:140804246:+,-0.276956801823314,0.114272858273636,0.259473508333884,NC,NS
PCDHGA9,chr5:140805012:+,-0.315297867400076,0.0858534353221063,0.213144294019066,NC,NS
PCDHGA9,chr5:140821851:+,-0.123672699180029,0.642462490967277,0.775654549486903,NC,NS
PCDHGB1,chr5:140747350:+,0,,1,NC,NS
PCDHGB1,chr5:140758714:+,0,,1,NC,NS
PCDHGB1,chr5:140759212:+,0,,1,NC,NS
PCDHGB1,chr5:140770265:+,-0.938349782785062,0.08320906532911,0.207916982850405,NC,NS
PCDHGB1,chr5:140771859:+,-1.11619317503902,0.0905192788670461,0.221562782176583,NC,NS
PCDHGB1,chr5:140771989:+,-1.14335381169576,0.0884077567875236,0.217488445160814,NC,NS
PCDHGB1,chr5:140775028:+,-0.274307591131515,0.570184296873212,0.718381453091724,NC,NS
PCDHGB1,chr5:140780455:+,-0.642122057006374,0.153567833729527,0.323785107280704,NC,NS
PCDHGB1,chr5:140780485:+,-0.644952013147139,0.15394979082249,0.324181322504481,NC,NS
PCDHGB1,chr5:140796523:+,-0.431343914136599,0.0378656245664003,0.120427535385689,DN,NS
PCDHGB1,chr5:140797089:+,-0.452809231272146,0.0364351040255859,0.11717991816821,DN,NS
PCDHGB1,chr5:140800003:+,-0.31365952531445,0.0351437959919147,0.113854667973806,DN,NS
PCDHGB1,chr5:140804246:+,-0.328750069390432,0.0221501921170712,0.081468507060974,DN,NS
PCDHGB1,chr5:140805012:+,-0.361287296855393,0.0132982760810161,0.0556400785986453,DN,NS
PCDHGB1,chr5:140821851:+,-0.216263846889614,0.219154256192569,0.396261826669588,NC,NS
PCDHGB2,chr5:140758714:+,0,,1,NC,NS
PCDHGB2,chr5:140759212:+,0,,1,NC,NS
PCDHGB2,chr5:140770265:+,-0.89427518458913,0.0300642704591365,0.102017252478493,DN,NS
PCDHGB2,chr5:140771859:+,-0.99179947349611,0.033759348391388,0.11025080499725,DN,NS
PCDHGB2,chr5:140771989:+,-1.00656710232409,0.0333925134797249,0.109667354623508,DN,NS
PCDHGB2,chr5:140775028:+,-0.462410971417542,0.133000538339923,0.291654177360102,NC,NS
PCDHGB2,chr5:140780455:+,-0.685199980107388,0.0655902000576196,0.177115379289887,NC,NS
PCDHGB2,chr5:140780485:+,-0.687580836460659,0.0655556173379752,0.177115379289887,NC,NS
PCDHGB2,chr5:140796523:+,-0.46632791314101,0.0395909557910662,0.123927262530852,DN,NS
PCDHGB2,chr5:140797089:+,-0.486437006506881,0.0384523049735258,0.121706469536366,DN,NS
PCDHGB2,chr5:140800003:+,-0.346802935426013,0.0365486294780725,0.117467391704294,DN,NS
PCDHGB2,chr5:140804246:+,-0.358634734214056,0.0222661872000355,0.0817229031125753,DN,NS
PCDHGB2,chr5:140805012:+,-0.388696496330433,0.0146051997249317,0.0598223079642406,DN,NS
PCDHGB2,chr5:140821851:+,-0.254832645164194,0.16572940150123,0.34041336754115,NC,NS
PCDHGB3,chr5:140758714:+,-1.59925593102423,0.316813885213387,0.509120332050312,NC,NS
PCDHGB3,chr5:140759212:+,0.405823508819033,0.855283899500876,0.917304706848416,NC,NS
PCDHGB3,chr5:140770265:+,-0.703183250254061,0.0174594754706836,0.0684040319165432,DN,NS
PCDHGB3,chr5:140771859:+,-0.744458731553345,0.019688418568835,0.074381867046546,DN,NS
PCDHGB3,chr5:140771989:+,-0.75113495021418,0.0194315977009426,0.0736977041409095,DN,NS
PCDHGB3,chr5:140775028:+,-0.460621498265412,0.0402068740700062,0.125278173933772,DN,NS
PCDHGB3,chr5:140780455:+,-0.582182655979288,0.0391907960835097,0.123272407073276,DN,NS
PCDHGB3,chr5:140780485:+,-0.583662988135062,0.0389214990276808,0.122663221676616,DN,NS
PCDHGB3,chr5:140796523:+,-0.455029566109779,0.0292068774962529,0.099873974628789,DN,NS
PCDHGB3,chr5:140797089:+,-0.471430403147104,0.0281204197632729,0.0968393224119505,DN,NS
PCDHGB3,chr5:140800003:+,-0.356156591235099,0.0283502312982859,0.0973551344371624,DN,NS
PCDHGB3,chr5:140804246:+,-0.366671810680967,0.0193953569123652,0.0736176339591022,DN,NS
PCDHGB3,chr5:140805012:+,-0.392585439081165,0.013174474208278,0.0552646478426557,DN,NS
PCDHGB3,chr5:140821851:+,-0.277059794417142,0.123137747608568,0.275453587959124,NC,NS
PCDHGB4,chr5:140775028:+,-5.12573416005684,0.00116064401991818,0.00878334961263118,DN,IPA suppression in Neurites
PCDHGB4,chr5:140780455:+,0.713172716295638,0.459568288226967,0.620838226127823,NC,NS
PCDHGB4,chr5:140780485:+,0.650856138901045,0.474490640663173,0.634096973256137,NC,NS
PCDHGB4,chr5:140796523:+,-0.262160611949481,0.213787894624427,0.38962243267508,NC,NS
PCDHGB4,chr5:140797089:+,-0.287876044099984,0.191785678015015,0.366852935046431,NC,NS
PCDHGB4,chr5:140800003:+,-0.184724337076579,0.302531263512704,0.49350222200899,NC,NS
PCDHGB4,chr5:140804246:+,-0.203209795602676,0.282146611986241,0.470502198055192,NC,NS
PCDHGB4,chr5:140805012:+,-0.241226476667686,0.218813745893689,0.395964182788654,NC,NS
PCDHGB4,chr5:140821851:+,-0.04165370006187,0.888384411793681,0.936093232522315,NC,NS
PCDHGB5,chr5:140796523:+,-0.340700539438532,0.0727680022215538,0.190268188506223,NC,NS
PCDHGB5,chr5:140797089:+,-0.371529714776688,0.0633403639347835,0.173154051071155,NC,NS
PCDHGB5,chr5:140800003:+,-0.233001328629716,0.134636289790921,0.294842568011982,NC,NS
PCDHGB5,chr5:140804246:+,-0.251405562003405,0.128071980861953,0.284046608420356,NC,NS
PCDHGB5,chr5:140805012:+,-0.291512475674789,0.095239344593339,0.228969689126081,NC,NS
PCDHGB5,chr5:140821851:+,-0.088305471317693,0.739885384002462,0.844541937263894,NC,NS
PCDHGB6,chr5:140796523:+,-0.678417793374305,0.0761209232089526,0.196709725084845,NC,NS
PCDHGB6,chr5:140797089:+,-0.799106577097603,0.0626007882303871,0.171711068505673,NC,NS
PCDHGB6,chr5:140800003:+,-0.25618290360867,0.190099708206126,0.36536304146579,NC,NS
PCDHGB6,chr5:140804246:+,-0.282215419783981,0.200679736208656,0.374715117571497,NC,NS
PCDHGB6,chr5:140805012:+,-0.343373727660773,0.145657357595074,0.312646097069973,NC,NS
PCDHGB6,chr5:140821851:+,0.0393439904905355,0.930941237026875,0.960347691196264,NC,NS
PCDHGB7,chr5:140821851:+,-4.91709213811194,0.272988713948915,0.461287311030939,NC,NS
PCF11,chr11:82878612:+,0.58969473434156,0.0230110889834884,0.0835611634281003,UP,NS
PCGF3,chr4:750758:+,-2.64075371908091,0.205256904192755,0.378899884598613,NC,NS
PCMTD1,chr8:52752444:-,0.202516695824123,0.838644836623848,0.908403074992321,NC,NS
PCMTD1,chr8:52755409:-,2.71911378396179,0.0816877854651071,0.205824523696793,NC,NS
PCMTD1,chr8:52764678:-,2.26960529369417,0.0562129811741744,0.161280876411281,NC,NS
PCNX1,chr14:71383938:+,0.560982592362501,0.190265093932247,0.36536304146579,NC,NS
PCNX2,chr1:233177634:-,0.445348820839762,0.829461041287043,0.903755999289799,NC,NS
PCNX2,chr1:233194195:-,0.0798243547026751,0.967780521262639,0.980270611253955,NC,NS
PCNX2,chr1:233210877:-,0.680023515099379,0.65553988083754,0.785679078856027,NC,NS
PCNX2,chr1:233219375:-,3.77981788118783,0.0323390240128255,0.107342361221434,UP,NS
PCNX2,chr1:233231401:-,3.56132605329045,2.84203488741233e-06,0.000216083465033569,UP,IPA activation in Neurites
PCNX2,chr1:233322991:-,2.00999562834206,0.424822987948969,0.588662821875092,NC,NS
PCNX2,chr1:233331242:-,3.37680398385822,0.00188319500792733,0.0124845053250332,UP,IPA activation in Neurites
PCNX2,chr1:233354362:-,2.49913356761066,0.219222531318235,0.396261826669588,NC,NS
PCNX2,chr1:233365599:-,1.1356040822226,0.391002218955771,0.55762508717432,NC,NS
PCNX2,chr1:233369003:-,2.41700224979949,0.000529073944186296,0.0050233610005765,UP,IPA activation in Neurites
PCNX2,chr1:233407184:-,0.201942590053775,0.924225986297472,0.956258483802573,NC,NS
PCNX4,chr14:60574789:+,0.212774603378381,0.455708959311151,0.617166656278335,NC,NS
PCNX4,chr14:60577875:+,-1.74380801483224,0.0268410471834242,0.0939115474421903,DN,NS
PCNX4,chr14:60595408:+,1.02813931054232,0.0279645447921429,0.096439032571628,UP,NS
PCNX4,chr14:60595436:+,1.02776681751583,0.0247616690834777,0.0884007936611904,UP,NS
PCSK2,chr20:17402493:+,2.48677011098329,0.00010946713096282,0.00180092372665062,UP,IPA activation in Neurites
PCYOX1,chr2:70488591:+,1.20243728274531,0.0208032012246252,0.0777483695537835,UP,NS
PDAP1,chr7:99000755:-,3.53284426388445,8.80892669428615e-05,0.00162981890853218,UP,IPA activation in Neurites
PDAP1,chr7:99002484:-,1.68749367148637,0.00165018687564451,0.0113736676159861,UP,IPA activation in Neurites
PDCD11,chr10:105200339:+,2.52777631301733,0.00190488569904964,0.0125768979804281,UP,IPA activation in Neurites
PDCD2,chr6:170890177:-,0.168559060159184,0.653173150898943,0.783228327322389,NC,NS
PDCD2,chr6:170890377:-,0.221673185825771,0.584189542688083,0.729075741143937,NC,NS
PDCD2,chr6:170890835:-,0.540064932693865,0.406972722148545,0.57350977873583,NC,NS
PDE10A,chr6:165792610:-,3.14855015046809,0.00200101485819215,0.0130872826612406,UP,IPA activation in Neurites
PDE4D,chr5:58336107:-,1.92209180134645,0.321251923466665,0.513201529740246,NC,NS
PDE4D,chr5:58349489:-,1.29188574975396,0.691114596488214,0.810988910960741,NC,NS
PDE4D,chr5:58392402:-,1.95229549707671,0.172421822813613,0.349091056346599,NC,NS
PDE4D,chr5:58428752:-,-0.236516557392348,0.784956742804894,0.874450437382925,NC,NS
PDE4D,chr5:58429235:-,-0.194494744688945,0.802879528024472,0.886702628998429,NC,NS
PDE4D,chr5:58431688:-,-0.468238517262503,0.561170961833359,0.710738651817054,NC,NS
PDE4D,chr5:59012468:-,0,,1,NC,NS
PDE6D,chr2:232616835:-,2.73792894233691,0.154869251595346,0.325408492885666,NC,NS
PDE7A,chr8:66667244:-,-1.87327194984037,0.229578739352086,0.409505185369227,NC,NS
PDE7A,chr8:66691859:-,3.12281798534854,7.55246565710268e-05,0.00147001191549847,UP,IPA activation in Neurites
PDGFD,chr11:103985608:-,4.77270068070141,0.00301924470065561,0.0180867298853698,UP,IPA activation in Neurites
PDHA1,chrX:19377143:+,0.469233421462626,0.00703217060799168,0.0348457659658732,UP,IPA activation in Neurites
PDHX,chr11:35002072:+,3.556950182325,1.33810767448204e-05,0.00053544252298471,UP,IPA activation in Neurites
PDHX,chr11:35015324:+,3.28250404243942,0.0031203622677568,0.0184267995083793,UP,IPA activation in Neurites
PDIA4,chr7:148702232:-,0.671706109563956,0.199578319670487,0.373949982101113,NC,NS
PDPK1,chr16:2600242:+,0,,1,NC,NS
PDS5A,chr4:39829448:-,1.6598268817877,0.0321136060645765,0.107030689801527,UP,NS
PDS5A,chr4:39829728:-,1.77572946556728,0.0299897907623774,0.101835535135889,UP,NS
PDS5A,chr4:39837681:-,3.12407919912038,0.00277133882222587,0.0168777655931803,UP,IPA activation in Neurites
PDS5A,chr4:39899929:-,1.74130734751561,3.68679296438498e-06,0.000243869368389516,UP,IPA activation in Neurites
PDS5B,chr13:33203635:+,2.57318157500158,0.000139959106679845,0.00208908286228259,UP,IPA activation in Neurites
PDSS2,chr6:107499763:-,2.71623206832021,0.191000530422924,0.366197234451516,NC,NS
PDSS2,chr6:107678994:-,1.1445397078584,0.53183502044238,0.686994746342613,NC,NS
PDSS2,chr6:107682114:-,-1.6382196949377,0.426721250793063,0.590061269212573,NC,NS
PDZD2,chr5:31909504:+,-2.52588530597661,0.185430542752073,0.362420360169629,NC,NS
PDZD2,chr5:31923845:+,3.68175234184531,0.101903823537601,0.239547828663751,NC,NS
PDZD2,chr5:31929869:+,2.80559399230009,0.0196467179777882,0.0743397586935594,UP,NS
PDZD8,chr10:119078330:-,1.60137258438556,0.000167556447905498,0.00230319117375185,UP,IPA activation in Neurites
PEX13,chr2:61246203:+,1.1068862410945,0.0375745392283531,0.119579926674406,UP,NS
PEX13,chr2:61246586:+,1.17316487501394,0.0384970962533903,0.121706469536366,UP,NS
PEX13,chr2:61246996:+,1.28812807655389,0.0117606672104393,0.0508236293481327,UP,NS
PEX13,chr2:61249607:+,0.293667638604368,0.437280532681564,0.600736045180263,NC,NS
PEX13,chr2:61249686:+,0.356328737606832,0.253551374369155,0.440636067028682,NC,NS
PEX13,chr2:61252960:+,0.0515228739692766,0.879429687819681,0.932198238110525,NC,NS
PEX13,chr2:61254973:+,-0.15933852495133,0.665765863545302,0.792737945754034,NC,NS
PFDN1,chr5:139643209:-,-1.840946316884,0.391002218955771,0.55762508717432,NC,NS
PFKP,chr10:3124159:+,-0.393551695414333,0.842756718482194,0.910067836786928,NC,NS
PFKP,chr10:3171211:+,-1.17742916657683,0.391002218955771,0.55762508717432,NC,NS
PFKP,chr10:3176775:+,-0.926419228603016,0.00643812682584515,0.0327013832302322,DN,IPA suppression in Neurites
PGBD1,chr6:28261552:+,-1.58804777971941,0.425930426104951,0.589302659490103,NC,NS
PGBD5,chr1:230533985:-,-0.511316494467048,0.783632682610424,0.874376664430709,NC,NS
PGM3,chr6:83876306:-,1.11261760441619,0.52423578697046,0.680149998106537,NC,NS
PGM3,chr6:83877480:-,-0.460323420463644,0.378876185155426,0.55762508717432,NC,NS
PGPEP1,chr19:18476141:+,-0.223619318056197,0.891883049227118,0.938039838027725,NC,NS
PGPEP1,chr19:18477151:+,1.33556243412562,0.348494503795479,0.54152550104163,NC,NS
PGPEP1,chr19:18477259:+,0.846488917670263,0.374796976948593,0.55762508717432,NC,NS
PHACTR1,chr6:13140077:+,-0.886738618050151,0.708815511015754,0.823369844020687,NC,NS
PHACTR1,chr6:13268104:+,0,,1,NC,NS
PHACTR2,chr6:143983206:+,0,,1,NC,NS
PHACTR4,chr1:28815775:+,-2.20233113203502,0.140060836473193,0.30325828189087,NC,NS
PHC2,chr1:33807192:-,-2.32874096573056,0.225181654080844,0.404397196029712,NC,NS
PHC2,chr1:33807346:-,0.815621630077503,0.794083667466619,0.88003266453217,NC,NS
PHC2,chr1:33826343:-,0.985172315898627,0.415092967416926,0.580658621888419,NC,NS
PHC3,chr3:169861475:-,4.49437180632599,5.64260533453752e-05,0.00122030744701598,UP,IPA activation in Neurites
PHF20,chr20:34446388:+,3.95276585232396,9.83264665661448e-05,0.00172349512670277,UP,IPA activation in Neurites
PHF20L1,chr8:133819567:+,-1.00881470638145,0.366668615246932,0.55762508717432,NC,NS
PHF20L1,chr8:133825435:+,0.311659782251056,0.646652284990735,0.779056701848209,NC,NS
PHF21B,chr22:45386242:-,-2.01818269560162,0.357764930896666,0.550390184553644,NC,NS
PHF24,chr9:34981738:+,0.56418194064268,0.181512794572509,0.36107907192559,NC,NS
PHF24,chr9:34982013:+,2.79904187988719,0.200221093081143,0.374577408278678,NC,NS
PHF3,chr6:64395877:+,1.32291871739367,0.000538705247117703,0.0050605014140439,UP,IPA activation in Neurites
PHKB,chr16:47548044:+,2.33515722787076,0.185000997893536,0.362420360169629,NC,NS
PHOSPHO2-KLHL23,chr2:170561093:+,-0.412412640679365,0.537795347463179,0.691938699300853,NC,NS
PHOSPHO2-KLHL23,chr2:170567710:+,0.0830266547290135,0.722206706878576,0.832594393635156,NC,NS
PHOSPHO2-KLHL23,chr2:170567798:+,0.0855743032244378,0.718333337918151,0.830263663256466,NC,NS
PHTF1,chr1:114260084:-,0,,1,NC,NS
PHTF1,chr1:114284272:-,0.508583212794513,0.173197379904073,0.349555558114151,NC,NS
PHTF1,chr1:114286157:-,0.296421339069644,0.196279870835371,0.370199594796082,NC,NS
PHTF1,chr1:114286937:-,0.394011100373306,0.163903155704775,0.338232720805527,NC,NS
PHTF1,chr1:114287005:-,0.391117312377087,0.153575015948184,0.323785107280704,NC,NS
PHTF1,chr1:114289390:-,0.570527783946019,0.0454205877413809,0.137619290130485,UP,NS
PHTF1,chr1:114289782:-,0.565680791345198,0.0382005143891853,0.121254861720662,UP,NS
PHTF2,chr7:77538276:+,1.7146565879118,0.00115263862762721,0.00873635445799692,UP,IPA activation in Neurites
PHTF2,chr7:77569690:+,1.8910012099039,0.000330517102965373,0.00363409773250988,UP,IPA activation in Neurites
PI4K2B,chr4:25250205:+,0.125961719349405,0.391002218955771,0.55762508717432,NC,NS
PI4K2B,chr4:25250291:+,0.110893169855378,0.391002218955771,0.55762508717432,NC,NS
PIAS2,chr18:44395674:-,0,,1,NC,NS
PIAS2,chr18:44402289:-,0.0822467851248858,0.921758300945452,0.955330328519823,NC,NS
PIAS2,chr18:44406445:-,-0.504219873257432,0.391002218955771,0.55762508717432,NC,NS
PIAS2,chr18:44407833:-,1.98230291424684,0.000104961550406948,0.00176118242855244,UP,IPA activation in Neurites
PICALM,chr11:85753431:-,3.62707515101935,0.00642438132656432,0.0326656630460418,UP,IPA activation in Neurites
PID1,chr2:230045491:-,0.307593696327698,0.888616051522709,0.936134597685538,NC,NS
PID1,chr2:230045570:-,0.221922907549486,0.923345872075836,0.956170025337665,NC,NS
PID1,chr2:230114145:-,4.23893567114721,0.0676277609942387,0.180217242605677,NC,NS
PIEZO2,chr18:10719773:-,-1.69153842724275,0.502774749347525,0.660681050587377,NC,NS
PIEZO2,chr18:10871241:-,1.41299223412963,0.00176221532799628,0.0119594697155228,UP,IPA activation in Neurites
PIGL,chr17:16154058:+,1.89242695444462,0.391002218955771,0.55762508717432,NC,NS
PIGX,chr3:196455068:+,1.90617164679568,0.000972760278695465,0.00769666913192216,UP,IPA activation in Neurites
PIK3C2B,chr1:204439818:-,1.55348844317995,0.445534379345224,0.608244834688202,NC,NS
PITPNC1,chr17:65410227:+,1.9264613267653,0.391002218955771,0.55762508717432,NC,NS
PITPNC1,chr17:65601739:+,3.03085878766818,0.187196837154774,0.363284907771339,NC,NS
PITPNC1,chr17:65619248:+,0.552319672251486,0.778122483458673,0.870824288065755,NC,NS
PITPNC1,chr17:65649637:+,2.64458467475585,0.299493077943993,0.490354413618934,NC,NS
PITRM1,chr10:3193368:-,1.77540991249782,0.000288733701513078,0.00325226433232092,UP,IPA activation in Neurites
PKIB,chr6:122965920:+,-3.22623527944566,0.181980436321486,0.36107907192559,NC,NS
PKN2,chr1:89260274:+,-0.115337400297752,0.947556093300096,0.968657132352577,NC,NS
PKN2,chr1:89270073:+,0,,1,NC,NS
PKNOX1,chr21:44403715:+,0.939451014365865,0.107622632341888,0.247960098946794,NC,NS
PKP4,chr2:159414191:+,-0.353439209406309,0.911604256598965,0.950271275195065,NC,NS
PLAA,chr9:26907805:-,0.957093214007691,0.0081628708652841,0.0386019607592706,UP,IPA activation in Neurites
PLCB1,chr20:8190957:+,0.500992966172957,0.265113538365701,0.452452331190299,NC,NS
PLCB1,chr20:8515873:+,2.33563296379617,0.364674788145858,0.556795581775257,NC,NS
PLCB1,chr20:8533231:+,2.14888608011389,0.325139593495284,0.516529305239325,NC,NS
PLCB1,chr20:8633942:+,-0.0451887184887501,0.929062550746183,0.95922307912814,NC,NS
PLCL2,chr3:17122498:+,-3.08774012493126,0.060447651032041,0.168106451963947,NC,NS
PLD3,chr19:40865626:+,-0.128809834124592,0.92644339377509,0.95753473961546,NC,NS
PLD5,chr1:242324463:-,3.52598852778781,0.181691331318398,0.36107907192559,NC,NS
PLEC,chr8:145033170:-,-2.07465360943946,0.110961276352903,0.253372862849942,NC,NS
PLEKHA5,chr12:19354937:+,0.903093952205285,0.192182219653333,0.366852935046431,NC,NS
PLEKHA5,chr12:19428017:+,3.38320080043911,0.000104579472583438,0.00176084329962287,UP,IPA activation in Neurites
PLEKHA5,chr12:19461617:+,0.991256398597797,0.0427323340655902,0.131272435330279,UP,NS
PLEKHA5,chr12:19462935:+,1.05780316597589,0.0327611737047433,0.108243069712664,UP,NS
PLEKHA6,chr1:204221372:-,0,,1,NC,NS
PLEKHA6,chr1:204315883:-,4.09394750443898,3.99322284894261e-05,0.000952501097203664,UP,IPA activation in Neurites
PLEKHJ1,chr19:2230742:-,0,,1,NC,NS
PLEKHM3,chr2:208733302:-,0.815783323964374,0.777640893204247,0.87048552710648,NC,NS
PLEKHM3,chr2:208837696:-,2.94725984593611,0.123771839793415,0.275892703818029,NC,NS
PLEKHO1,chr1:150123250:+,-0.00256176567716171,0.990688840944552,0.994725621542579,NC,NS
PLPBP,chr8:37623902:+,3.38635945979673,4.66889906333883e-08,2.06535116747334e-05,UP,IPA activation in Neurites
PLPBP,chr8:37624044:+,4.61478080861276,7.59283591115387e-06,0.000369467395436747,UP,IPA activation in Neurites
PLPP1,chr5:54809097:-,2.43377055054575,0.192247222434936,0.366852935046431,NC,NS
PLXNA4,chr7:131902657:-,-1.59360738140329,0.44990693520355,0.612548166396327,NC,NS
PMS1,chr2:190654573:+,2.17779459515116,0.0191092809741158,0.0728157879561844,UP,NS
PMS1,chr2:190700231:+,2.59918993592483,0.0892836399977321,0.2190893556374,NC,NS
PMS1,chr2:190704988:+,1.92390155831438,0.370865001876047,0.55762508717432,NC,NS
POLR1A,chr2:86305164:-,1.59857144378938,0.0108431702892209,0.0477492005677365,UP,IPA activation in Neurites
POLR1D,chr13:28197586:+,0.912810361198159,0.0013549861820443,0.00991483122079333,UP,IPA activation in Neurites
POLR1D,chr13:28228398:+,-0.964458375484801,0.705187798208414,0.820647092673689,NC,NS
POLR2J2,chr7:102304758:-,-3.24692701850035,0.0836168588087625,0.208523535376103,NC,NS
POLR2J2,chr7:102306493:-,1.2306685521895,0.0258503758962384,0.0914821302626153,UP,NS
POLR2J3,chr7:102207413:-,1.84489877458361,0.00397846875406519,0.0223806115113078,UP,IPA activation in Neurites
POM121,chr7:72364225:+,3.8861114874018,0.000146296735007455,0.00211869021591154,UP,IPA activation in Neurites
POM121,chr7:72384237:+,-4.52266502588538,0.161892358159418,0.335363224692945,NC,NS
POM121,chr7:72390705:+,0.501395728935782,0.0330759450185071,0.109017540560082,UP,NS
POM121,chr7:72390789:+,0.470690165654934,0.0385116404549327,0.121706469536366,UP,NS
POM121,chr7:72390863:+,0.451354025563952,0.0473050769963315,0.142385904956826,UP,NS
POM121,chr7:72391810:+,0.639673751111165,0.0467110139375609,0.141002353486459,UP,NS
POM121,chr7:72392803:+,0.228373508163468,0.696553390944701,0.814766538542527,NC,NS
POM121C,chr7:75074347:-,0,,1,NC,NS
PPARD,chr6:35326211:+,0.521796411879879,0.650570371687894,0.781558278864413,NC,NS
PPARGC1A,chr4:24322438:-,2.35037114455372,0.00707546005983246,0.0349534910163906,UP,IPA activation in Neurites
PPARGC1A,chr4:24464449:-,3.93766004215948,0.0600773259276587,0.167662959453274,NC,NS
PPCS,chr1:42926023:+,-2.22200591238929,0.0103161201090687,0.0459690846618391,DN,IPA suppression in Neurites
PPCS,chr1:42926061:+,-2.21958953240101,0.0103667803849207,0.0460682679023051,DN,IPA suppression in Neurites
PPCS,chr1:42926086:+,-2.21690089753961,0.0103996700713613,0.046115441398729,DN,IPA suppression in Neurites
PPCS,chr1:42926907:+,-2.20354565464851,0.0101786536437384,0.0454397510370928,DN,IPA suppression in Neurites
PPCS,chr1:42927812:+,-2.169848661449,0.00944656380473873,0.0429313410518197,DN,IPA suppression in Neurites
PPFIA2,chr12:81684527:-,-0.741992194226614,0.0772236031657658,0.198400239178784,NC,NS
PPFIA2,chr12:82006309:-,0,,1,NC,NS
PPFIA2,chr12:82031016:-,4.54545274452999,0.185607564915795,0.362420360169629,NC,NS
PPHLN1,chr12:42794994:+,2.15574408867073,0.0132182266850633,0.0553527461699812,UP,NS
PPIB,chr15:64452302:-,0.168876256090229,0.109574999477931,0.251152015369301,NC,NS
PPIG,chr2:170471246:+,0.454514181515711,0.107298868302919,0.247657912256596,NC,NS
PPM1A,chr14:60755273:+,-0.563587596949588,0.246425940758404,0.432168580514711,NC,NS
PPM1E,chr17:56857098:+,1.5801346885635,0.606186041833114,0.747214096593278,NC,NS
PPM1E,chr17:56883321:+,5.96202963917246,0.0580636934435266,0.16513029356879,NC,NS
PPM1E,chr17:56914643:+,5.08683255338615,0.123184735211785,0.275453587959124,NC,NS
PPM1G,chr2:27615490:-,-0.409676116680174,0.899821930848352,0.943242894336079,NC,NS
PPM1H,chr12:63049260:-,-1.47514102778405,0.621461461646072,0.758663189254838,NC,NS
PPM1H,chr12:63278504:-,5.32985647094557,0.0321704069601832,0.107146612093259,UP,NS
PPM1K,chr4:89186714:-,0.491974847810291,0.393759215225237,0.559915938423729,NC,NS
PPM1L,chr3:160767257:+,2.66910139068415,0.240461311203279,0.424366679454368,NC,NS
PPP1CB,chr2:28986150:+,0,,1,NC,NS
PPP1CB,chr2:29016921:+,0.101809708362453,0.454220279220235,0.616007769979282,NC,NS
PPP1CC,chr12:111158273:-,0.93356655295668,0.391002218955771,0.55762508717432,NC,NS
PPP1CC,chr12:111158450:-,1.11470034450334,0.0658616019193392,0.177552662016346,NC,NS
PPP1CC,chr12:111158487:-,0.246060321574367,0.768014871665244,0.863611716037255,NC,NS
PPP1CC,chr12:111168330:-,0.475236975906601,0.0825535134073614,0.20696289597195,NC,NS
PPP1R12B,chr1:202524481:+,2.06719642001425,0.272846897901881,0.461287311030939,NC,NS
PPP1R2,chr3:195250490:-,1.13591632381285,0.00597257723593756,0.0307275161888682,UP,IPA activation in Neurites
PPP1R7,chr2:242109358:+,0.261967558497207,0.230567015364314,0.410665848009792,NC,NS
PPP2R2A,chr8:26182975:+,-0.101626294265307,0.970383802245945,0.98188554413158,NC,NS
PPP2R2A,chr8:26183925:+,2.36472545274976,0.348880407708789,0.541688597291311,NC,NS
PPP2R2B,chr5:146085497:-,7.64350241976421,0.00462609696196396,0.0253474725755242,UP,IPA activation in Neurites
PPP2R2B,chr5:146208305:-,-2.3727158837877,0.228004201208434,0.40755819542345,NC,NS
PPP2R2B,chr5:146321393:-,-0.238859099466337,0.939669150394765,0.964444228184122,NC,NS
PPP2R2D,chr10:133754269:+,1.24479331904617,1.59520835842789e-06,0.000157758385062501,UP,IPA activation in Neurites
PPP2R2D,chr10:133757587:+,1.32571100703879,0.00180415644978427,0.0120923213287194,UP,IPA activation in Neurites
PPP2R2D,chr10:133768112:+,0.441927521041472,0.267107053852985,0.454932770055522,NC,NS
PPP2R2D,chr10:133768953:+,0.203524923232918,0.633992411291169,0.767987820100281,NC,NS
PPP2R2D,chr10:133769028:+,0.0430894508757351,0.9529191854695,0.97148643546922,NC,NS
PPP2R3A,chr3:135779540:+,0.806834694798705,0.126879164655629,0.281786405848604,NC,NS
PPP2R3C,chr14:35568457:-,0.910415273367973,0.0938493699684285,0.226748279178934,NC,NS
PPP2R3C,chr14:35576411:-,0.631938926926741,0.186295802614207,0.362420360169629,NC,NS
PPP2R5C,chr14:102231676:+,4.30464597611385,1.01231108963551e-06,0.000119861178915763,UP,IPA activation in Neurites
PPP2R5C,chr14:102231811:+,4.33912483958417,1.62102738453043e-06,0.000157758385062501,UP,IPA activation in Neurites
PPP2R5C,chr14:102232884:+,3.91846186224575,5.98905867472619e-05,0.00127260958564269,UP,IPA activation in Neurites
PPP2R5C,chr14:102233021:+,3.8765371363783,5.53891916941474e-05,0.00120323128028447,UP,IPA activation in Neurites
PPP2R5C,chr14:102233233:+,3.87491189733389,5.51814872092165e-05,0.00120323128028447,UP,IPA activation in Neurites
PPP2R5C,chr14:102233386:+,3.87621937177797,5.43374076184925e-05,0.00119640645009767,UP,IPA activation in Neurites
PPP2R5C,chr14:102304802:+,1.54907238888141,0.000368760161559694,0.00390933975195963,UP,IPA activation in Neurites
PPP2R5C,chr14:102376047:+,1.1186585595837,0.000639241816069569,0.00570743243485234,UP,IPA activation in Neurites
PPP2R5C,chr14:102378962:+,1.05080271320302,0.0656795522855243,0.177160034047318,NC,NS
PPP2R5C,chr14:102379295:+,0.884084288587118,0.0987016549313464,0.234345595165673,NC,NS
PPP2R5E,chr14:63977448:-,0.561125954900962,0.762322196298481,0.859303231365484,NC,NS
PPP3CA,chr4:102247591:-,-0.331697264789047,0.308355476434071,0.500152582776063,NC,NS
PPP3CA,chr4:102259936:-,-1.01481180759906,0.431131644916901,0.594133838619553,NC,NS
PPP3CB,chr10:75203550:-,0.42277799754546,0.0668736620482073,0.179092251564001,NC,NS
PPP3CB,chr10:75203768:-,0.40564460045026,0.0763199430073265,0.196880380828691,NC,NS
PPP3CC,chr8:22321724:+,-0.31338080574992,0.89963826254801,0.943242894336079,NC,NS
PPP3CC,chr8:22321815:+,-0.49833886694675,0.858388896086093,0.918812223571255,NC,NS
PPP3CC,chr8:22380279:+,0.602523482717934,0.117614988310435,0.265698483341957,NC,NS
PPP4R3B,chr2:55779102:-,-2.2340705678469,0.410275593670005,0.576328244456768,NC,NS
PPP4R3B,chr2:55838587:-,-1.33944811333975,0.00447801530369242,0.0247052408931602,DN,IPA suppression in Neurites
PPP4R3B,chr2:55840516:-,-1.37490468339317,0.00235529801096569,0.0148456996390662,DN,IPA suppression in Neurites
PPP4R3B,chr2:55841065:-,-1.34786160489315,0.00149090891700385,0.0106844812815033,DN,IPA suppression in Neurites
PPP4R3B,chr2:55841133:-,-1.35300698791697,0.00222290465671303,0.014120958302305,DN,IPA suppression in Neurites
PPP4R3B,chr2:55841311:-,-1.34440445535154,0.00207848881722078,0.0134136957355389,DN,IPA suppression in Neurites
PPP4R3B,chr2:55841496:-,-1.31656306567808,0.00195734582981412,0.0128882879673552,DN,IPA suppression in Neurites
PPP4R3B,chr2:55841654:-,-1.39304673972108,0.00867650429509863,0.0401888353738652,DN,IPA suppression in Neurites
PPP4R3B,chr2:55841685:-,-1.40377546723356,0.0151990198373452,0.0615294763132459,DN,NS
PPP5C,chr19:46868053:+,-3.00779362658322,0.383995982788409,0.55762508717432,NC,NS
PPP5C,chr19:46886157:+,0,,1,NC,NS
PPP6R2,chr22:50830052:+,1.04218314932132,0.227287401218979,0.406760019982182,NC,NS
PPP6R2,chr22:50830259:+,1.38225351735056,0.391002218955771,0.55762508717432,NC,NS
PPP6R3,chr11:68349860:+,1.67976625485632,0.102325406662956,0.239912459475978,NC,NS
PPP6R3,chr11:68381238:+,0.942546386662816,0.407473099484555,0.573882518695179,NC,NS
PPP6R3,chr11:68381274:+,1.76177975009501,0.402088741944609,0.569430680530404,NC,NS
PPP6R3,chr11:68381347:+,0.830540023461539,0.760049239016942,0.857699349966707,NC,NS
PRDM10,chr11:129862073:-,-0.451495593475837,0.222099856127688,0.400125101783536,NC,NS
PRDM10,chr11:129864900:-,0.229863116154465,0.611084809693767,0.751273037890316,NC,NS
PRDM2,chr1:14114343:+,0.373004668741552,0.0857676355716738,0.213144294019066,NC,NS
PRDM2,chr1:14114572:+,0.38905581859899,0.14871473601688,0.317388555025499,NC,NS
PRDM2,chr1:14121013:+,0.526619247259692,0.109575776536997,0.251152015369301,NC,NS
PRDX1,chr1:45984609:-,0.350120795170855,0.0825386598721726,0.20696289597195,NC,NS
PRDX5,chr11:64087264:+,0,,1,NC,NS
PRDX5,chr11:64087307:+,-0.197506034535159,0.40920925354705,0.57516239969958,NC,NS
PRDX5,chr11:64088260:+,-0.196244541332003,0.838252697508953,0.908247077728471,NC,NS
PRICKLE1,chr12:42915022:-,2.24875094016143,0.295727545975431,0.485659884818241,NC,NS
PRKACB,chr1:84558373:+,1.05309918157216,0.580956823640342,0.726345299032349,NC,NS
PRKACB,chr1:84593636:+,1.03397211662267,0.65260551807967,0.782933543139959,NC,NS
PRKACB,chr1:84595180:+,0.95696539889918,0.691661837630035,0.810988910960741,NC,NS
PRKAG2,chr7:151443520:-,4.99873906230694,0.0204418716925932,0.0767258571167298,UP,NS
PRKAG2,chr7:151454326:-,1.818736959061,0.262744077394492,0.450925010688972,NC,NS
PRKAR2A,chr3:48786597:-,0,,1,NC,NS
PRKAR2A,chr3:48787927:-,-0.432773475498909,0.311381963303463,0.503216417613634,NC,NS
PRKAR2A,chr3:48788031:-,-0.345114708915667,0.390693218134812,0.55762508717432,NC,NS
PRKAR2A,chr3:48875186:-,-0.649593284744928,0.13525531455015,0.295665930189142,NC,NS
PRKDC,chr8:48744374:-,0.782714671094922,0.0112656105697596,0.0491645390425562,UP,IPA activation in Neurites
PRKG1,chr10:53141060:+,0.634042707636712,0.341979259701125,0.536105372972188,NC,NS
PRKG1,chr10:53607637:+,2.34649060525359,0.425873667707352,0.589302659490103,NC,NS
PRKG1,chr10:53643805:+,-0.718227515795596,0.188367512509979,0.363821378353169,NC,NS
PRKG1,chr10:53888754:+,1.46038674642797,0.207869807236362,0.382273046867776,NC,NS
PRKRA,chr2:179301770:-,-5.72965379002819,0.00353800823606071,0.0203498204215974,DN,IPA suppression in Neurites
PRMT2,chr21:48059555:+,-0.0411041609392271,0.916536161397013,0.95194556272313,NC,NS
PRMT2,chr21:48060146:+,-0.0292317528917709,0.955853395097973,0.972847232910842,NC,NS
PRMT2,chr21:48073278:+,2.03591361646799,0.310080070746942,0.501691010167226,NC,NS
PRMT2,chr21:48077935:+,-1.25436011238223,0.00675413931876033,0.0338472110454045,DN,IPA suppression in Neurites
PRMT2,chr21:48079846:+,0.410258776706366,0.424843238078123,0.588662821875092,NC,NS
PRMT2,chr21:48080025:+,0.639112815987783,0.431119002487335,0.594133838619553,NC,NS
PRMT2,chr21:48080056:+,1.01980002178319,0.336340693190125,0.529657859589967,NC,NS
PRPF4,chr9:116041414:+,-0.0138467658859121,0.962026871469326,0.97708677866202,NC,NS
PRRC1,chr5:126888743:+,2.3624076576944,0.123264974105467,0.275453587959124,NC,NS
PRRC1,chr5:126889034:+,0.105006087987151,0.391002218955771,0.55762508717432,NC,NS
PRRC2B,chr9:134310698:+,0,,1,NC,NS
PRSS12,chr4:119209108:-,2.11075691778713,0.0697772617155969,0.184330160427847,NC,NS
PRSS12,chr4:119209763:-,2.30870817913247,0.0934385160390709,0.226430188767987,NC,NS
PRUNE2,chr9:79251336:-,2.34730882340233,0.00439037737724957,0.0243598361661304,UP,IPA activation in Neurites
PSIP1,chr9:15465718:-,0,,1,NC,NS
PSIP1,chr9:15470634:-,0.178209043507445,0.436767575432284,0.600520672905588,NC,NS
PSIP1,chr9:15470712:-,0.174050413162529,0.431591168657513,0.594430406648021,NC,NS
PSIP1,chr9:15470767:-,0.1730346947511,0.431753373131799,0.594485544329183,NC,NS
PSIP1,chr9:15471189:-,-0.263073410853629,0.241446780027489,0.425065134447816,NC,NS
PSIP1,chr9:15471225:-,-0.954695468613096,0.361715426371633,0.553492850542253,NC,NS
PSIP1,chr9:15494617:-,-1.38605692225995,0.600189995598322,0.741626337882538,NC,NS
PSMA1,chr11:14566039:-,1.00087414044651,0.0428523834184122,0.131475219239592,UP,NS
PSMA1,chr11:14572040:-,0.978952215013429,0.0145221153947385,0.0596007537210685,UP,NS
PSMA1,chr11:14574841:-,0.917623279820337,0.0315523817140107,0.105540194262593,UP,NS
PSMA1,chr11:14607487:-,1.01721976752693,0.00897457057985032,0.0411983589071242,UP,IPA activation in Neurites
PSMA1,chr11:14616311:-,1.19148174701433,0.00506318311905316,0.0270741198432008,UP,IPA activation in Neurites
PSMA1,chr11:14648448:-,0.484012117159308,0.296598819552588,0.486762177383775,NC,NS
PSMA4,chr15:78839044:+,0.0892373901415295,0.149312100887031,0.318244714374198,NC,NS
PSMB5,chr14:23502480:-,0.580535395096363,0.00307583024504247,0.0182524267955813,UP,IPA activation in Neurites
PSMC2,chr7:102992693:+,4.08524402746805,0.0325651934024191,0.10786222010822,UP,NS
PSMD14,chr2:162212217:+,0.931442871041859,0.00954566228853616,0.0431683946989005,UP,IPA activation in Neurites
PSMD14,chr2:162212401:+,0.937187606271399,0.00991882288621059,0.0445249005205726,UP,IPA activation in Neurites
PSMD14,chr2:162258293:+,-0.600276827108361,0.747444069359383,0.848987591387198,NC,NS
PSMD14,chr2:162258546:+,-0.606277727135121,0.742968005469298,0.846075898575615,NC,NS
PSMD6,chr3:63999061:-,0.747667845785565,0.0422361346038047,0.130076601887414,UP,NS
PSMF1,chr20:1123392:+,-1.87810452555133,0.429190192209321,0.592297071835098,NC,NS
PSMF1,chr20:1129139:+,-1.54292313387398,0.470469275216251,0.63083590333488,NC,NS
PSMF1,chr20:1146058:+,1.30723676083294,8.3933604075303e-05,0.00159300054796258,UP,IPA activation in Neurites
PSMF1,chr20:1146087:+,1.31824922158223,0.000166341925882095,0.00229948810040419,UP,IPA activation in Neurites
PSMF1,chr20:1146120:+,1.32589138616449,0.000126879139982669,0.00197250445736635,UP,IPA activation in Neurites
PSMF1,chr20:1146163:+,1.34100824693331,0.000195196507907362,0.00250613775059953,UP,IPA activation in Neurites
PSMF1,chr20:1146486:+,1.1775610290223,5.35643682689788e-06,0.000285823131076369,UP,IPA activation in Neurites
PSMF1,chr20:1146670:+,1.19087175441537,4.97996764506665e-05,0.00112187604448585,UP,IPA activation in Neurites
PSPC1,chr13:20258636:-,-2.51589152280305,0.0887432210102821,0.218093188604057,NC,NS
PTBP3,chr9:114983257:-,-0.69328993893721,0.432136098046281,0.594844201723679,NC,NS
PTBP3,chr9:114983316:-,-0.300965596991046,0.580393292931592,0.726013820926768,NC,NS
PTBP3,chr9:114984376:-,-0.444620747612039,0.391002218955771,0.55762508717432,NC,NS
PTBP3,chr9:114984477:-,-0.138612082267815,0.391002218955771,0.55762508717432,NC,NS
PTBP3,chr9:114984505:-,-0.0852587899391035,0.391002218955771,0.55762508717432,NC,NS
PTBP3,chr9:114984945:-,0.571147674358122,0.643080231483581,0.776098315079143,NC,NS
PTBP3,chr9:114985019:-,1.62622826021978,0.270651070260728,0.458082820135201,NC,NS
PTBP3,chr9:114985542:-,0.109237829865462,0.846987813457802,0.912227246632506,NC,NS
PTBP3,chr9:114985617:-,0.183139133052409,0.741764512289185,0.845285294802007,NC,NS
PTCH1,chr9:98272361:-,0.472726646792982,0.753173173429101,0.853105368227655,NC,NS
PTCHD4,chr6:47962879:-,-0.995749031457847,0.226512485121777,0.405820969294023,NC,NS
PTDSS1,chr8:97341155:+,-0.466257498728245,0.748073828709957,0.849306404690306,NC,NS
PTEN,chr10:89697140:+,-1.96231708813695,0.225302984325973,0.404398495658497,NC,NS
PTGFRN,chr1:117526144:+,1.88158404318347,0.0573201758339118,0.163781547626433,NC,NS
PTK2,chr8:141744482:-,3.4055473080058,0.00273667060016492,0.0166875177198026,UP,IPA activation in Neurites
PTK2,chr8:141817353:-,-3.07757123010819,0.19811495266467,0.372426784991006,NC,NS
PTK2,chr8:141830176:-,4.40461100197266,0.0741127477318913,0.192748599926982,NC,NS
PTK2,chr8:141876730:-,0,,1,NC,NS
PTK2,chr8:141879759:-,0,,1,NC,NS
PTK2,chr8:141884367:-,5.11559165855467,0.200666938445932,0.374715117571497,NC,NS
PTP4A2,chr1:32375639:-,-0.0103100628320341,0.99623518631831,0.996644822496894,NC,NS
PTPN14,chr1:214655550:-,-0.139444007714379,0.902636103856445,0.944296531065284,NC,NS
PTPN21,chr14:88999040:-,0.519898467147616,0.816491409906778,0.894628957578559,NC,NS
PTPN4,chr2:120677900:+,3.45958131005647,2.06705914626819e-07,5.13852185770234e-05,UP,IPA activation in Neurites
PTPN9,chr15:75867352:-,3.66454004195231,0.00210231707554569,0.0134965568090361,UP,IPA activation in Neurites
PTPRA,chr20:2851274:+,-0.254689209467448,0.731945678309019,0.839021830542211,NC,NS
PTPRA,chr20:2873701:+,-0.439904513785053,0.65123007344399,0.781733263291621,NC,NS
PTPRA,chr20:2989564:+,0.750190291384575,0.214040795279173,0.389937293084409,NC,NS
PTPRD,chr9:9384344:-,4.29466931686906,0.0579830226273968,0.165093849095912,NC,NS
PTPRG,chr3:61677558:+,-0.836648336149771,0.196866676077749,0.371069874843957,NC,NS
PTPRJ,chr11:48091432:+,-1.16712874904342,0.391002218955771,0.55762508717432,NC,NS
PTPRK,chr6:128354384:-,-0.631645649634773,0.784399389745339,0.874450437382925,NC,NS
PTPRN2,chr7:157480828:-,0.723923521838255,0.700671425942088,0.817421999193047,NC,NS
PTPRN2,chr7:157853562:-,0.0068918618591951,0.988485609810356,0.993419079772238,NC,NS
PTPRN2,chr7:158275433:-,1.22565424757808,0.711903032539859,0.825489544427991,NC,NS
PTPRN2,chr7:158313056:-,5.5954271747663,0.0907760379144337,0.222079537703185,NC,NS
PTPRS,chr19:5273364:-,0.117456641528391,0.762353483313767,0.859303231365484,NC,NS
PTPRT,chr20:41563788:-,-0.619000379869906,0.140741886312,0.304513125297551,NC,NS
PTS,chr11:112104019:+,0.0847434510909109,0.554352953860925,0.705777465590597,NC,NS
PUM2,chr2:20470424:-,-1.91578777281116,0.493137108350603,0.651358623570585,NC,NS
PUM2,chr2:20490552:-,1.28310113883174,0.391002218955771,0.55762508717432,NC,NS
PUM2,chr2:20490606:-,1.31887469185237,0.391002218955771,0.55762508717432,NC,NS
PUM2,chr2:20502407:-,-1.06446471699172,0.572618012692315,0.719803474492588,NC,NS
PUS7,chr7:105112488:-,1.95710328271882,0.000186755646682176,0.00245608912636613,UP,IPA activation in Neurites
PUS7,chr7:105138276:-,-0.614665258475455,0.128636193548586,0.284671085023429,NC,NS
PUS7,chr7:105138531:-,-2.21966636612843,0.0250382578505786,0.0891266735193237,DN,NS
PUS7,chr7:105138720:-,-1.75856210491301,0.00645118259128335,0.0327335291858027,DN,IPA suppression in Neurites
PUS7,chr7:105138980:-,-1.4711532530626,0.0131488117637509,0.0552045884749023,DN,NS
PUS7,chr7:105146535:-,1.35162102368907,0.00868767196370029,0.0401888353738652,UP,IPA activation in Neurites
PWWP2A,chr5:159516946:-,-0.822050508911697,0.391002218955771,0.55762508717432,NC,NS
PWWP2A,chr5:159517551:-,-0.156191492147162,0.885475291045253,0.935028263878786,NC,NS
PWWP2A,chr5:159518346:-,0.068765712599824,0.794466694443472,0.880125223695019,NC,NS
PWWP2A,chr5:159518535:-,0.0841354615109491,0.737329978469105,0.842613357264129,NC,NS
PWWP2A,chr5:159518723:-,0.184630699558253,0.451267121949635,0.613370339499141,NC,NS
QSER1,chr11:32959278:+,3.33514033940208,0.29206017645314,0.481424396551823,NC,NS
QSER1,chr11:32969416:+,0.67395005419365,0.0431372054286936,0.132099208065464,UP,NS
R3HDM1,chr2:136362794:+,4.92699998695,1.56451210078886e-05,0.000546677633455941,UP,IPA activation in Neurites
R3HDM1,chr2:136387889:+,0.954666920597603,0.62231675549101,0.759310790577922,NC,NS
R3HDM1,chr2:136448647:+,4.69056030442045,0.000242930950768329,0.00288321029593225,UP,IPA activation in Neurites
R3HDM1,chr2:136453566:+,3.51972083136924,1.0579546216374e-05,0.000463784431431313,UP,IPA activation in Neurites
R3HDM1,chr2:136455099:+,3.26879704349892,0.000184896894977294,0.00243823385083878,UP,IPA activation in Neurites
R3HDM1,chr2:136459810:+,2.40864869778807,3.85330136951096e-06,0.000243869368389516,UP,IPA activation in Neurites
RAB10,chr2:26289310:+,2.39534364246214,0.391002218955771,0.55762508717432,NC,NS
RAB10,chr2:26300149:+,1.97937551521527,0.391002218955771,0.55762508717432,NC,NS
RAB10,chr2:26316722:+,5.5535002755842,0.0654908705682931,0.177050674284576,NC,NS
RAB12,chr18:8620176:+,0.687946541895262,0.80759660259744,0.889288315962694,NC,NS
RAB18,chr10:27822783:+,1.66373914550349,0.000184639834660147,0.00243823385083878,UP,IPA activation in Neurites
RAB21,chr12:72164482:+,0.353038695668524,0.018167700817501,0.0703017755527898,UP,NS
RAB2A,chr8:61469221:+,0.234485420345636,0.648007586833189,0.780201511272049,NC,NS
RAB2A,chr8:61516872:+,2.98751116390035,0.00815505650768556,0.0386019607592706,UP,IPA activation in Neurites
RAB3C,chr5:57923346:+,-6.13029907159375,0.204396554808759,0.378658159745888,NC,NS
RAB3C,chr5:57924882:+,-2.64188289551922,0.491760762281385,0.649893500614128,NC,NS
RAB3C,chr5:58017091:+,0,,1,NC,NS
RAB3GAP1,chr2:135820759:+,0.28993077090525,0.699122951713993,0.816398436054785,NC,NS
RAB3GAP1,chr2:135821138:+,0.565865151071362,0.477480836938295,0.636059215678363,NC,NS
RAB3GAP1,chr2:135827204:+,-2.65106799863599,0.00148297261859317,0.0106432813599917,DN,IPA suppression in Neurites
RAB3GAP2,chr1:220326443:-,-0.40205348991736,0.0641266224293125,0.174324103207282,NC,NS
RAB40B,chr17:80624688:-,0.101192727634613,0.820234423328118,0.89742484637398,NC,NS
RAB4A,chr1:229424638:+,1.00296781278846,0.00014739709020634,0.00212640924734226,UP,IPA activation in Neurites
RAB5A,chr3:20019899:+,1.3182768598358,0.000172650392441037,0.00235326837428036,UP,IPA activation in Neurites
RAB6A,chr11:73395603:-,0,,1,NC,NS
RAB6A,chr11:73396634:-,8.09480019854266,0.0580413203956136,0.16513029356879,NC,NS
RAB6A,chr11:73401601:-,0,,1,NC,NS
RAB6A,chr11:73404602:-,2.51117172896338,0.391002218955771,0.55762508717432,NC,NS
RABEP1,chr17:5266315:+,1.63919951135887,9.27263974551369e-05,0.00168991254687901,UP,IPA activation in Neurites
RABGAP1,chr9:125785929:+,-0.345637053654795,0.782280678835218,0.874183234477264,NC,NS
RABGAP1,chr9:125788625:+,-1.42241207251118,0.0623450812776049,0.171547591765096,NC,NS
RABGAP1,chr9:125788818:+,-1.48370580107032,0.0627426319592538,0.172003181472523,NC,NS
RABGAP1,chr9:125849659:+,0,,1,NC,NS
RABGAP1L,chr1:174288654:+,-2.84933527911147,0.380062360186666,0.55762508717432,NC,NS
RABGAP1L,chr1:174291307:+,-0.192911645078528,0.956616139318279,0.973419935993882,NC,NS
RABGAP1L,chr1:174467501:+,2.20837486966209,0.391002218955771,0.55762508717432,NC,NS
RABGAP1L,chr1:174483408:+,0,,1,NC,NS
RABGAP1L,chr1:174781149:+,0.388534663559753,0.0116946968970416,0.0505834623120037,UP,NS
RABGEF1,chr7:66189068:+,-3.53941128802485,0.15957580538301,0.331835841450311,NC,NS
RABGEF1,chr7:66192139:+,-1.96769966128075,0.391002218955771,0.55762508717432,NC,NS
RABGEF1,chr7:66218502:+,-3.38346355121661,0.274423380955737,0.462697218201877,NC,NS
RABL6,chr9:139720279:+,0.055661781853989,0.825555808102989,0.901151724090738,NC,NS
RABL6,chr9:139734665:+,0.157065007239843,0.360156824236216,0.552285282164401,NC,NS
RACK1,chr5:180666486:-,0.595582741175873,0.00122637289625623,0.00918081617412742,UP,IPA activation in Neurites
RAD52,chr12:1081277:-,-0.0497714035901762,0.925334914333863,0.9567955149062,NC,NS
RAD52,chr12:1083299:-,-0.0363921525018052,0.94376362468541,0.965997853958604,NC,NS
RAD52,chr12:1084202:-,-0.339995310205299,0.660905726299662,0.78958194553748,NC,NS
RAD52,chr12:1084465:-,-0.402809341233464,0.598017107771408,0.739692741844349,NC,NS
RAD52,chr12:1084592:-,-0.297300037472191,0.676364418303177,0.799997389271574,NC,NS
RAD52,chr12:1086120:-,2.34043990808141,0.229429802982909,0.409482565829129,NC,NS
RAI14,chr5:34711902:+,1.9326482755155,0.391002218955771,0.55762508717432,NC,NS
RALGAPA1,chr14:36169700:-,-0.716284782530679,0.391002218955771,0.55762508717432,NC,NS
RALGAPA1,chr14:36173238:-,1.2115081127079,0.424863097086996,0.588662821875092,NC,NS
RALGAPA1,chr14:36194196:-,2.76267157480685,0.000233119380251344,0.00278712261499518,UP,IPA activation in Neurites
RALGPS1,chr9:129903919:+,3.0548543149032,0.105586603001812,0.245243155229983,NC,NS
RALGPS1,chr9:129913569:+,1.79537513552173,0.335999132092646,0.529459772267751,NC,NS
RALGPS1,chr9:129972746:+,-0.189101148996746,0.944039519421443,0.96607703501677,NC,NS
RALGPS2,chr1:178829299:+,3.5333528693218,2.0282530721377e-06,0.000173148762263544,UP,IPA activation in Neurites
RALY,chr20:32593864:+,1.4781199078601,0.494398366671209,0.652670225779192,NC,NS
RALY,chr20:32602767:+,5.25809601227566,0.000190413032176009,0.00247079950551589,UP,IPA activation in Neurites
RALY,chr20:32644382:+,1.48729187121204,0.317831306419631,0.51041819704222,NC,NS
RANBP9,chr6:13634615:-,3.01340917853407,5.03353223479407e-06,0.000278331452892136,UP,IPA activation in Neurites
RANGAP1,chr22:41684036:-,2.5589962522767,0.040227500771635,0.125278173933772,UP,NS
RANGAP1,chr22:41694861:-,0.778760291738675,0.0198974895978981,0.0750551816925364,UP,NS
RAP1GDS1,chr4:99289462:+,1.34589205257676,0.693047312190324,0.812031837495333,NC,NS
RAP1GDS1,chr4:99313317:+,0.425608795841611,0.135943661066797,0.296770684051609,NC,NS
RAPGEF4,chr2:173643731:+,0.432953739432683,0.829698846070469,0.903808406465233,NC,NS
RAPGEF4,chr2:173722666:+,4.59626330067839,0.102409826051018,0.239912459475978,NC,NS
RAPGEF5,chr7:22279402:-,-0.796261453508318,0.391002218955771,0.55762508717432,NC,NS
RAPGEF6,chr5:130851740:-,0.913039386719035,0.331413200891789,0.52444118228925,NC,NS
RAPH1,chr2:204354243:-,0.661820354845496,0.000182897525677906,0.00243163759548823,UP,IPA activation in Neurites
RARB,chr3:25377573:+,1.59391986849195,0.667032720205792,0.7930019852123,NC,NS
RARS2,chr6:88227923:-,2.10483767978113,0.000143584398292358,0.00209687445459241,UP,IPA activation in Neurites
RARS2,chr6:88229258:-,2.53477626328396,9.37913653293053e-06,0.000430555456313585,UP,IPA activation in Neurites
RASA1,chr5:86605764:+,-0.956599509336432,0.391002218955771,0.55762508717432,NC,NS
RASAL2,chr1:178104485:+,-2.56584728702126,0.195673391341077,0.370040595370204,NC,NS
RASAL2,chr1:178380878:+,2.45765185368086,0.196283385650204,0.370199594796082,NC,NS
RASAL2,chr1:178381027:+,1.05752809748023,0.524863207191625,0.680385894768181,NC,NS
RASSF5,chr1:206703108:+,2.75711370292383,0.0010092193682411,0.00788260264183176,UP,IPA activation in Neurites
RASSF5,chr1:206708962:+,3.45103553710971,0.205990121883477,0.379677247380681,NC,NS
RB1,chr13:48954420:+,2.1774224830346,0.00384103806488936,0.0217837893050718,UP,IPA activation in Neurites
RB1,chr13:48989333:+,0,,1,NC,NS
RB1CC1,chr8:53561597:-,1.01595871089887,0.648945548228108,0.780852877764088,NC,NS
RB1CC1,chr8:53611231:-,0,,1,NC,NS
RBFOX2,chr22:36234312:-,4.19644767188675,3.1387315715578e-06,0.000224603938635298,UP,IPA activation in Neurites
RBFOX3,chr17:77184467:-,-0.723428741936467,0.152811064608868,0.322733784890083,NC,NS
RBL2,chr16:53524244:+,3.18909440906982,0.128365669363213,0.284438682660015,NC,NS
RBM14-RBM4,chr11:66394814:+,-1.7670193222498,0.0354115546857429,0.114645791816916,DN,NS
RBM14-RBM4,chr11:66397394:+,-1.56018564403251,0.0118316900827675,0.0509946890546912,DN,NS
RBM14-RBM4,chr11:66405326:+,-3.1507989152537,0.0537150964761159,0.156469942803844,NC,NS
RBM14-RBM4,chr11:66407684:+,0.465764266366628,0.0181464093099702,0.0703017755527898,UP,NS
RBM14-RBM4,chr11:66408277:+,0.048459556309266,0.909348023518858,0.948935767197676,NC,NS
RBM14-RBM4,chr11:66408330:+,0.19495648455776,0.62720699847756,0.762997313647952,NC,NS
RBM14-RBM4,chr11:66408660:+,0.90548369181732,0.189701137319334,0.36523581628339,NC,NS
RBM19,chr12:114327534:-,1.35985927349724,0.318109626235061,0.510556530006214,NC,NS
RBM23,chr14:23375336:-,4.32730289485265,1.82493879674264e-08,9.86683576105519e-06,UP,IPA activation in Neurites
RBM23,chr14:23386613:-,6.45332778328597,4.92291839317621e-05,0.00111418236749746,UP,IPA activation in Neurites
RBM27,chr5:145647332:+,2.30269684785922,6.59599186465079e-05,0.00134293290432597,UP,IPA activation in Neurites
RBM3,chrX:48435517:+,0.406655042325717,0.1323381612987,0.290594536497957,NC,NS
RBM34,chr1:235299289:-,0.62866590417938,0.0345925384284974,0.112293056699846,UP,NS
RBM4,chr11:66407684:+,0.30487441922937,0.0922299603264987,0.223947598277816,NC,NS
RBM4,chr11:66408277:+,-0.140491509559044,0.7549152358759,0.854481865031898,NC,NS
RBM4,chr11:66408330:+,0.00600541868945026,0.988519355581007,0.993419079772238,NC,NS
RBM4,chr11:66408660:+,0.71653262594901,0.291091421449602,0.480490818563343,NC,NS
RBM4,chr11:66413939:+,-0.419776767105941,0.120236585281519,0.27011598521693,NC,NS
RBM4,chr11:66414031:+,-0.435013676569606,0.108647292790421,0.249376286187824,NC,NS
RBM4,chr11:66426564:+,0,,1,NC,NS
RBM41,chrX:106321844:-,1.21875046908287,0.00329294584558038,0.0192821594279111,UP,IPA activation in Neurites
RBM41,chrX:106321996:-,1.2815846592757,0.00552666328619446,0.029041839687497,UP,IPA activation in Neurites
RBM41,chrX:106329064:-,2.01484401104825,0.253797828672157,0.440701805826494,NC,NS
RBM41,chrX:106329138:-,0.575788554780734,0.153738787753877,0.323990013516832,NC,NS
RBM41,chrX:106330355:-,3.77181124539463,0.01333161119272,0.0557316323571956,UP,NS
RBM41,chrX:106342271:-,0.570599942653101,0.441737134696683,0.604728403344997,NC,NS
RBM5,chr3:50138038:+,1.25373682044649,0.00531974944954811,0.028167465529381,UP,IPA activation in Neurites
RBMS3,chr3:29466720:+,-0.155644880202367,0.917589809295832,0.952633243446451,NC,NS
RBMS3,chr3:29489944:+,-0.43354707705109,0.264620016924212,0.452341852834923,NC,NS
RBMS3,chr3:29568058:+,3.58014311853404,0.16702507363346,0.342208003494912,NC,NS
RBMS3,chr3:29861733:+,1.11293677938896,0.0217656643492242,0.0803742048001372,UP,NS
RBMX,chrX:135955613:-,0.572518776447806,0.0427645504762443,0.131288519001517,UP,NS
RBMX,chrX:135955757:-,0.585863082855984,0.0333310679454935,0.109587146366737,UP,NS
RBMX,chrX:135956019:-,0.597415007132002,0.0159955579353351,0.0639559448753827,UP,NS
RBMX,chrX:135956070:-,0.599759871975071,0.0175902334346791,0.0686399967066148,UP,NS
RBMX,chrX:135956117:-,0.561915745491099,0.0174231331578634,0.0683717467307769,UP,NS
RBSN,chr3:15137457:-,0.712021722488548,0.0356640218377693,0.115191587306974,UP,NS
RCC1,chr1:28834090:+,-1.67021013088015,0.0489157703209501,0.145830610307611,DN,NS
RCC1,chr1:28835804:+,2.30217394799041,0.000493481658990934,0.00477578098962052,UP,IPA activation in Neurites
RCC1,chr1:28836146:+,2.0712826862209,0.000183774346650958,0.0024366375226255,UP,IPA activation in Neurites
RCN1,chr11:32120075:+,-0.272489205365473,0.0401795484723078,0.125278173933772,DN,NS
REEP1,chr2:86469219:-,0.873137234710689,0.00117456155356399,0.00884739399325443,UP,IPA activation in Neurites
REEP1,chr2:86475063:-,3.24359128714209,0.00676954157074736,0.0338535542911564,UP,IPA activation in Neurites
REEP1,chr2:86478474:-,2.63199194943047,0.000101575385138245,0.00174652234658198,UP,IPA activation in Neurites
REEP3,chr10:65365359:+,2.06838488954954,0.00548915174729493,0.0289384749754465,UP,IPA activation in Neurites
REEP3,chr10:65368015:+,2.25482508430941,0.0175445010039189,0.0685715195864011,UP,NS
REEP5,chr5:112223598:-,2.75337283071337,0.220746531338389,0.398572401295955,NC,NS
REEP5,chr5:112228274:-,1.27489374161212,0.0246827842242083,0.0881838678671054,UP,NS
REEP5,chr5:112237996:-,-0.0864531487487752,0.725699708596784,0.83540449066287,NC,NS
RERE,chr1:8446083:-,-0.308025886850862,0.456188965332038,0.617473019556522,NC,NS
RERE,chr1:8515541:-,2.53029448652912,0.31986023873142,0.511734163508926,NC,NS
RERE,chr1:8792862:-,0.74571012753067,0.13265546752252,0.291044679117661,NC,NS
RET,chr10:43622916:+,0,,1,NC,NS
RET,chr10:43622952:+,0,,1,NC,NS
REV1,chr2:100055030:-,2.45905094692598,0.00179521578920584,0.012050477257808,UP,IPA activation in Neurites
REV3L,chr6:111659516:-,3.28981281955456,0.0488286254525188,0.145830610307611,UP,NS
REV3L,chr6:111726617:-,3.36041677293133,0.000365379555512241,0.00388855244343901,UP,IPA activation in Neurites
REXO4,chr9:136273879:-,1.15098042849938,0.00295912543523536,0.0178427563418281,UP,IPA activation in Neurites
RFFL,chr17:33400848:-,-0.482294171311386,0.427271500720439,0.590516653291471,NC,NS
RFX3,chr9:3250786:-,0.67739337448926,0.619662035616706,0.757606900831882,NC,NS
RFX3,chr9:3460010:-,0.0445645947550455,0.951421834163036,0.970569946548708,NC,NS
RFX7,chr15:56407545:-,1.28849660022345,0.000811497812782807,0.00669447813722415,UP,IPA activation in Neurites
RFX7,chr15:56424938:-,1.58616354844969,3.68591819389272e-05,0.000905842319771817,UP,IPA activation in Neurites
RGL1,chr1:183691072:+,4.66350620600566,0.0188908404887599,0.0721529276438819,UP,NS
RGL1,chr1:183815686:+,2.04634193017371,0.343709486498818,0.53708746348852,NC,NS
RGMB,chr5:98121860:+,0.107545232077042,0.964799696850731,0.978578340937618,NC,NS
RGMB,chr5:98123988:+,0.683231380123928,0.741420503424178,0.845285294802007,NC,NS
RGP1,chr9:35752201:+,0.175284658561243,0.631720792747771,0.765998848121269,NC,NS
RGS10,chr10:121286817:-,0.706834933305714,0.00209839439939848,0.0134965568090361,UP,IPA activation in Neurites
RGS7,chr1:241011031:-,2.67691397886291,0.219212811503407,0.396261826669588,NC,NS
RHBDD1,chr2:227765488:+,3.72745708807289,0.0702007979257933,0.185129368781055,NC,NS
RHBDD1,chr2:227765960:+,4.21502115563947,0.0678529601367531,0.180377458049964,NC,NS
RHOA,chr3:49405861:-,-0.346646619834189,0.0110797116186379,0.0486148572915166,DN,IPA suppression in Neurites
RHOBTB3,chr5:95088108:+,2.1286135173802,0.000242933872037037,0.00288321029593225,UP,IPA activation in Neurites
RHOBTB3,chr5:95093041:+,3.8095980230646,0.0582377748278984,0.16531827072163,NC,NS
RHOBTB3,chr5:95095385:+,-1.25048498460557,0.277017093499428,0.46545758873212,NC,NS
RHOT1,chr17:30507736:+,-1.24469866559202,0.0128824876935731,0.0543678968923909,DN,NS
RHOT1,chr17:30521288:+,2.94293678047329,1.47027221958642e-05,0.000543467962194291,UP,IPA activation in Neurites
RHOU,chr1:228785348:+,1.93255537194671,0.0217700784888165,0.0803742048001372,UP,NS
RHOU,chr1:228785754:+,2.07848635723871,0.0188428836403008,0.0720829180768111,UP,NS
RHOU,chr1:228788511:+,2.77932432510095,0.00876203360455329,0.0404900812153431,UP,IPA activation in Neurites
RHOU,chr1:228788649:+,2.81551970365098,0.008346179101883,0.0391013489876864,UP,IPA activation in Neurites
RHOU,chr1:228789609:+,3.07685484488907,0.00670091555517328,0.0336497988560095,UP,IPA activation in Neurites
RIC1,chr9:5711343:+,-1.41805362818473,0.477501914277242,0.636059215678363,NC,NS
RIC3,chr11:8129469:-,0.322978759400648,0.564313238321734,0.713789502904486,NC,NS
RICTOR,chr5:38982567:-,-1.3472185403996,0.391002218955771,0.55762508717432,NC,NS
RICTOR,chr5:39060365:-,0.769107857823972,0.750130088833969,0.850450375644477,NC,NS
RILPL1,chr12:123981414:-,3.70246607249747,0.000515724177783152,0.00493028261118431,UP,IPA activation in Neurites
RIMS1,chr6:72836486:+,0.965548197986156,0.0619951915903892,0.170820273091072,NC,NS
RIMS2,chr8:105033590:+,-2.32213897199346,0.0783858222144665,0.200536499352936,NC,NS
RIMS3,chr1:41123702:-,-0.927173070622435,0.20428672858473,0.378658159745888,NC,NS
RIN2,chr20:19875904:+,0.844372594477046,0.5785394877896,0.724626292814464,NC,NS
RIOK1,chr6:7414624:+,0.917933236147248,5.72488760510349e-05,0.00123262403037317,UP,IPA activation in Neurites
RLF,chr1:40678139:+,-2.43798473083404,0.490768265011605,0.648758048776547,NC,NS
RMDN1,chr8:87485371:-,1.16376031967009,0.391002218955771,0.55762508717432,NC,NS
RMND1,chr6:151729067:-,-0.824215517982356,0.480547860841634,0.639066928356214,NC,NS
RNF10,chr12:121013496:+,0,,1,NC,NS
RNF103-CHMP3,chr2:86756547:-,0,,1,NC,NS
RNF103-CHMP3,chr2:86766742:-,3.19480982874526,0.0544416259696441,0.157780197717861,NC,NS
RNF103-CHMP3,chr2:86774858:-,3.66155912889882,0.0334179303611541,0.109667354623508,UP,NS
RNF103-CHMP3,chr2:86826066:-,-2.62669421475411,0.240860098429393,0.424493023888962,NC,NS
RNF103-CHMP3,chr2:86828068:-,-1.79361714188524,0.280992143502679,0.469594638654396,NC,NS
RNF103-CHMP3,chr2:86830521:-,-2.75708126466551,0.00513279569995346,0.0273561707294343,DN,IPA suppression in Neurites
RNF103-CHMP3,chr2:86830748:-,-2.98526024623529,0.00272637810688469,0.0166456158947314,DN,IPA suppression in Neurites
RNF103-CHMP3,chr2:86830821:-,-3.12802060708683,0.00450525213670392,0.0247992725081463,DN,IPA suppression in Neurites
RNF103-CHMP3,chr2:86830999:-,-3.69967457233186,0.0129573737757414,0.054589247439617,DN,NS
RNF103-CHMP3,chr2:86832293:-,4.73664036703841,0.00210800647654792,0.0135145711658527,UP,IPA activation in Neurites
RNF103-CHMP3,chr2:86853017:-,-2.00718930554488,0.391002218955771,0.55762508717432,NC,NS
RNF103-CHMP3,chr2:86853875:-,-1.31054829661594,0.665238070318701,0.792506602958321,NC,NS
RNF103-CHMP3,chr2:86855401:-,-3.04658869213891,0.189823546933969,0.36523581628339,NC,NS
RNF103-CHMP3,chr2:86870462:-,0.514234832375278,0.327709691031093,0.519594446581068,NC,NS
RNF146,chr6:127591208:+,-0.0105417942721231,0.968535159888589,0.980626734918409,NC,NS
RNF146,chr6:127591311:+,0.0573682907703712,0.82244128166989,0.899123629882203,NC,NS
RNF146,chr6:127591683:+,0.212045477977574,0.557086051063513,0.708050797743512,NC,NS
RNF146,chr6:127592942:+,2.74057787667751,0.0741609145619871,0.19277083881337,NC,NS
RNF146,chr6:127595182:+,-3.48213603174393,0.168013321369673,0.343404410807828,NC,NS
RNF150,chr4:141949063:-,6.6158458643308,0.000196674344549744,0.00251185658944633,UP,IPA activation in Neurites
RNF157,chr17:74221742:-,-0.983396405718179,0.0337594943374235,0.11025080499725,DN,NS
RNF165,chr18:43917614:+,0.68039003029847,0.032412652017351,0.107438668062963,UP,NS
RNF169,chr11:74534303:+,0.869099414075935,0.323905151476779,0.51574688059097,NC,NS
RNF214,chr11:117117702:+,1.72493439269355,9.03416795229781e-05,0.00166441605234408,UP,IPA activation in Neurites
RNF214,chr11:117117728:+,1.72548336419247,9.09853411269062e-05,0.00166441605234408,UP,IPA activation in Neurites
RNF214,chr11:117121154:+,-0.462078001843367,0.87034515234656,0.926920444587078,NC,NS
RNF214,chr11:117130660:+,8.55083360006766,0.00887800469577866,0.0408707387413992,UP,IPA activation in Neurites
RNF214,chr11:117131975:+,8.72802811562175,0.004708138602153,0.0255689759353532,UP,IPA activation in Neurites
RNF214,chr11:117144070:+,1.58938018903056,0.391002218955771,0.55762508717432,NC,NS
RNF219,chr13:79197854:-,-0.561881624277923,0.755123702935564,0.8545190554615,NC,NS
RNF220,chr1:44882080:+,1.3446536336131,0.000247926035589709,0.00291402920091673,UP,IPA activation in Neurites
RNF220,chr1:44920680:+,1.16050178037672,0.619141897318627,0.757541984498979,NC,NS
RNF24,chr20:3978613:-,0,,1,NC,NS
RNFT2,chr12:117248322:+,3.6403510131052,0.209895144803008,0.384834127585319,NC,NS
RNGTT,chr6:89500860:-,-1.29347697824695,0.540477369099284,0.694104744797338,NC,NS
ROBO1,chr3:78899510:-,5.90670060152756,0.00237408409989552,0.0149061848130214,UP,IPA activation in Neurites
ROBO1,chr3:79013952:-,0.439895014986592,0.883566679148014,0.934253685513741,NC,NS
ROBO1,chr3:79586188:-,-3.23932319375015,0.18724178970212,0.363284907771339,NC,NS
ROBO1,chr3:79610121:-,1.19173696385327,0.711719660407623,0.825489544427991,NC,NS
ROBO2,chr3:77389655:+,-0.23946874373465,0.69948501817556,0.816450486488723,NC,NS
ROCK2,chr2:11324779:-,1.443153642779,0.22397100339563,0.402750518301233,NC,NS
ROCK2,chr2:11354482:-,1.80405749972526,0.00114266750812442,0.00870142553462562,UP,IPA activation in Neurites
ROCK2,chr2:11359091:-,1.20273238311948,0.0489398657279755,0.145830610307611,UP,NS
ROCK2,chr2:11364361:-,1.90183108690303,0.0168422458386328,0.0665754413085191,UP,NS
ROCK2,chr2:11437748:-,2.93388916203092,0.059021247640658,0.166491241170691,NC,NS
RORA,chr15:60809310:-,-0.715410492502788,0.344452731950838,0.537730828897266,NC,NS
RORA,chr15:61055265:-,0.340471961660175,0.543368525181815,0.696450497340663,NC,NS
RORA,chr15:61271468:-,-0.0346360153213867,0.938007594975161,0.962941974082095,NC,NS
RORA,chr15:61459682:-,2.65133319056713,0.00598423823686541,0.0307490002751712,UP,IPA activation in Neurites
RORA,chr15:61510683:-,2.07060934535781,0.391002218955771,0.55762508717432,NC,NS
RPAP2,chr1:92823423:+,-2.81788019826129,0.184571540766868,0.362420360169629,NC,NS
RPAP2,chr1:92823455:+,-2.78136777767667,0.183731819131258,0.361870581595234,NC,NS
RPAP2,chr1:92827908:+,0.71488023996433,0.31248207899922,0.504238609153383,NC,NS
RPAP2,chr1:92833457:+,0.418215056796445,0.163467718227281,0.337781914052433,NC,NS
RPAP2,chr1:92834196:+,0.476182284383097,0.104257961744702,0.242736479353933,NC,NS
RPAP2,chr1:92834397:+,0.470359577724633,0.101538745110826,0.239036058882091,NC,NS
RPAP2,chr1:92839327:+,0.290056072606639,0.0849069136033023,0.211333525111851,NC,NS
RPAP2,chr1:92839683:+,0.37749221554463,0.0821603925429496,0.206397764643259,NC,NS
RPAP3,chr12:48089958:-,1.14248970122436,0.0016000575380366,0.0111545558453955,UP,IPA activation in Neurites
RPH3A,chr12:113066414:+,-1.90959413169373,0.000189876670121593,0.00247079950551589,DN,IPA suppression in Neurites
RPL10,chrX:153627905:+,-0.187633666312885,0.150736558431691,0.319879674369215,NC,NS
RPL10,chrX:153628870:+,0,,1,NC,NS
RPL10,chrX:153628961:+,-0.258383117356235,0.123337413110223,0.275453587959124,NC,NS
RPL11,chr1:24021780:+,0,,1,NC,NS
RPL12,chr9:130210615:-,0.393401677975245,0.00406559274579845,0.0227916754620452,UP,IPA activation in Neurites
RPL12,chr9:130210774:-,0,,1,NC,NS
RPL13,chr16:89627760:+,0.540790076359975,0.573653270937245,0.720918599271858,NC,NS
RPL13,chr16:89628119:+,0.322144141682712,0.184899450721264,0.362420360169629,NC,NS
RPL15,chr3:23960757:+,5.94214499405406,0.000121175498385986,0.00190568043150709,UP,IPA activation in Neurites
RPL15,chr3:23960961:+,3.05252654843535,1.91137381626222e-05,0.000570597852143066,UP,IPA activation in Neurites
RPL15,chr3:23961014:+,3.06129328877088,1.85675895835019e-05,0.000561701533450207,UP,IPA activation in Neurites
RPL15,chr3:23961043:+,3.06542468660287,1.88545402501735e-05,0.000566334523810767,UP,IPA activation in Neurites
RPL15,chr3:23961076:+,3.04696026554813,1.85848637249246e-05,0.000561701533450207,UP,IPA activation in Neurites
RPL15,chr3:23961206:+,2.97247094971349,2.83212864259836e-05,0.00076138883839136,UP,IPA activation in Neurites
RPL15,chr3:23961248:+,2.95399244847556,3.13377090044478e-05,0.000815450759441941,UP,IPA activation in Neurites
RPL15,chr3:23961277:+,2.94730836424554,3.18500957433238e-05,0.000824375350462838,UP,IPA activation in Neurites
RPL15,chr3:23961341:+,2.92648640938165,3.40261953579729e-05,0.000853461168102557,UP,IPA activation in Neurites
RPL15,chr3:23961452:+,2.91162263745854,3.91855688116361e-05,0.000939295457327198,UP,IPA activation in Neurites
RPL15,chr3:23961933:+,2.57714219271739,0.000154257787798142,0.00219479062989988,UP,IPA activation in Neurites
RPL15,chr3:23961987:+,2.56777859046355,0.000161382859704715,0.0022606118386487,UP,IPA activation in Neurites
RPL15,chr3:23962104:+,2.49031530455479,0.000213004202236275,0.0026355641759595,UP,IPA activation in Neurites
RPL15,chr3:23962338:+,2.43056458587232,0.00024621695425654,0.00290094842472718,UP,IPA activation in Neurites
RPL15,chr3:23962464:+,2.43262018709519,0.000244074045705548,0.00288812327210949,UP,IPA activation in Neurites
RPL17-C18orf32,chr18:47014718:-,1.02042409741237,0.0002782345259116,0.003155918888312,UP,IPA activation in Neurites
RPL17-C18orf32,chr18:47014851:-,0.626434946413179,0.00346219818265585,0.0200083804712629,UP,IPA activation in Neurites
RPL17-C18orf32,chr18:47018026:-,0,,1,NC,NS
RPL21,chr13:27829668:+,-2.10927075352731,0.00302094592243029,0.0180867298853698,DN,IPA suppression in Neurites
RPL23,chr17:37006612:-,-0.0253129729237234,0.651283733946616,0.781733263291621,NC,NS
RPL23,chr17:37009114:-,-0.941197434702178,0.0413354383625466,0.12795053630544,DN,NS
RPL23A,chr17:27050509:+,0,,1,NC,NS
RPL24,chr3:101404661:-,0.288732402289237,0.0219965305876798,0.0810258272820966,UP,NS
RPL27,chr17:41152075:+,-0.236594353257962,0.0490056468114849,0.145847998400419,DN,NS
RPL27,chr17:41152263:+,0.114660519908759,0.701258059792215,0.817910287379894,NC,NS
RPL27,chr17:41152398:+,-0.0472159426749164,0.901821890874388,0.944255649731368,NC,NS
RPL27A,chr11:8707119:+,0,,1,NC,NS
RPL27A,chr11:8707224:+,0.0680744021842801,0.618376185348551,0.757541984498979,NC,NS
RPL28,chr19:55899677:+,1.50393149051199,0.00652491960813962,0.0330044270407561,UP,IPA activation in Neurites
RPL28,chr19:55899717:+,1.44054009067873,0.00838646586440637,0.0392012900059572,UP,IPA activation in Neurites
RPL28,chr19:55899745:+,1.44889708189268,0.00821772455328133,0.0387377103795323,UP,IPA activation in Neurites
RPL28,chr19:55899782:+,1.46095071079028,0.00795435871332855,0.0379469700971144,UP,IPA activation in Neurites
RPL28,chr19:55899836:+,1.46824437476544,0.00758879122173954,0.0367433413780941,UP,IPA activation in Neurites
RPL28,chr19:55899954:+,1.4997613173531,0.00676873969220807,0.0338535542911564,UP,IPA activation in Neurites
RPL29,chr3:52028875:-,0.0908855578627392,0.941343734132838,0.964801736015111,NC,NS
RPL30,chr8:99057052:-,0.0390131312272686,0.879026959012415,0.932198238110525,NC,NS
RPL30,chr8:99057170:-,0.160875604910541,0.257529605907616,0.445164853409045,NC,NS
RPL31,chr2:101619743:+,2.93695681669192,0.000204407605729446,0.00255693421460021,UP,IPA activation in Neurites
RPL31,chr2:101620876:+,3.92819135031018,1.55117163388344e-05,0.000546677633455941,UP,IPA activation in Neurites
RPL31,chr2:101622577:+,3.79038695147946,1.706165466378e-05,0.000546677633455941,UP,IPA activation in Neurites
RPL31,chr2:101622746:+,2.68688041828243,0.0385178715754222,0.121706469536366,UP,NS
RPL31,chr2:101622789:+,2.16995903618874,0.106392463441801,0.246372469778052,NC,NS
RPL31,chr2:101622880:+,3.8454274524607,1.48878197872796e-05,0.000544692714924081,UP,IPA activation in Neurites
RPL31,chr2:101622931:+,3.81645334233346,1.73328713717514e-05,0.000546677633455941,UP,IPA activation in Neurites
RPL31,chr2:101622968:+,3.82072307087129,1.74815278031428e-05,0.000546677633455941,UP,IPA activation in Neurites
RPL31,chr2:101623029:+,3.82027788247866,1.72196534799805e-05,0.000546677633455941,UP,IPA activation in Neurites
RPL31,chr2:101623087:+,3.82971744121711,1.74771284429115e-05,0.000546677633455941,UP,IPA activation in Neurites
RPL31,chr2:101623135:+,3.83771719752291,1.70659805833449e-05,0.000546677633455941,UP,IPA activation in Neurites
RPL31,chr2:101623197:+,3.842322195332,1.67091759697991e-05,0.000546677633455941,UP,IPA activation in Neurites
RPL31,chr2:101623256:+,3.84061081019046,1.68361959358915e-05,0.000546677633455941,UP,IPA activation in Neurites
RPL31,chr2:101623283:+,3.84423396861248,1.68340874819874e-05,0.000546677633455941,UP,IPA activation in Neurites
RPL31,chr2:101623337:+,3.84811268892277,1.66591144303399e-05,0.000546677633455941,UP,IPA activation in Neurites
RPL31,chr2:101623431:+,3.85656358109867,1.63747739616184e-05,0.000546677633455941,UP,IPA activation in Neurites
RPL31,chr2:101623456:+,3.85747491816961,1.63964298538939e-05,0.000546677633455941,UP,IPA activation in Neurites
RPL31,chr2:101623729:+,3.84650347203518,1.64696734584994e-05,0.000546677633455941,UP,IPA activation in Neurites
RPL31,chr2:101623794:+,3.84419604769905,1.61572570242056e-05,0.000546677633455941,UP,IPA activation in Neurites
RPL31,chr2:101624769:+,3.48701609245204,2.98141225015534e-05,0.000792762404877371,UP,IPA activation in Neurites
RPL31,chr2:101628376:+,3.4637361880442,3.4910919356286e-05,0.000862317429379125,UP,IPA activation in Neurites
RPL31,chr2:101629951:+,3.35974458290783,3.2162166427365e-05,0.000828048157860096,UP,IPA activation in Neurites
RPL31,chr2:101631923:+,3.41641188384501,4.11581826948452e-05,0.000972212218413187,UP,IPA activation in Neurites
RPL31,chr2:101634689:+,1.99236510319213,0.0986232796372903,0.234326600935085,NC,NS
RPL31,chr2:101635292:+,0.114637599267503,0.391002218955771,0.55762508717432,NC,NS
RPL34,chr4:109546412:+,2.79122265492628,4.56263127391411e-05,0.00105221629283725,UP,IPA activation in Neurites
RPL34,chr4:109549258:+,-1.87526410678514,0.102228512638223,0.239912459475978,NC,NS
RPL34,chr4:109550746:+,0.10778660857692,0.937439652953181,0.962765164894508,NC,NS
RPL34,chr4:109550791:+,1.28123975166368,0.118864037503401,0.267402869390452,NC,NS
RPL36A-HNRNPH2,chrX:100650788:+,4.56224951901632,3.9163374689359e-06,0.000243869368389516,UP,IPA activation in Neurites
RPL36A-HNRNPH2,chrX:100650857:+,4.55764937163772,3.9324060412279e-06,0.000243869368389516,UP,IPA activation in Neurites
RPL36A-HNRNPH2,chrX:100650913:+,4.55505836277717,3.95924375313846e-06,0.000243869368389516,UP,IPA activation in Neurites
RPL36A-HNRNPH2,chrX:100651143:+,4.56191375164985,4.05082538287696e-06,0.000246391453913491,UP,IPA activation in Neurites
RPL36A-HNRNPH2,chrX:100663774:+,4.22273946416127,3.72539582845723e-06,0.000243869368389516,UP,IPA activation in Neurites
RPL4,chr15:66793712:-,0.104524061010839,0.260106682920484,0.448504294504279,NC,NS
RPL4,chr15:66794353:-,0,,1,NC,NS
RPL4,chr15:66795576:-,0,,1,NC,NS
RPL5,chr1:93303494:+,-0.50152085634173,0.106763185354972,0.24679793821249,NC,NS
RPL5,chr1:93306411:+,-0.878948067359683,0.00559191562081585,0.0293484477533148,DN,IPA suppression in Neurites
RPL6,chr12:112843656:-,0.0859644132522939,0.0808962746331389,0.204756521625115,NC,NS
RPL7,chr8:74204424:-,1.58206602330219,3.84437890734683e-05,0.000926076621938103,UP,IPA activation in Neurites
RPL7A,chr9:136217450:+,0,,1,NC,NS
RPL7A,chr9:136217771:+,0,,1,NC,NS
RPL8,chr8:146017376:-,0.177229190194456,0.823562215607358,0.900146842126102,NC,NS
RPRD1A,chr18:33571809:-,0.354854790928713,0.494727545761695,0.6529276478645,NC,NS
RPRD1A,chr18:33571914:-,0.185350465039061,0.797304475666613,0.882619834740711,NC,NS
RPRD1A,chr18:33587138:-,4.79504646155092,0.0768387647642089,0.197620205783637,NC,NS
RPRD1A,chr18:33590748:-,2.1584118178115,0.39172517254501,0.558187888108731,NC,NS
RPRD1A,chr18:33592779:-,-0.109945563197877,0.892038588582181,0.938039838027725,NC,NS
RPRD1A,chr18:33597561:-,0.723258869803649,0.678893432976945,0.801936737043062,NC,NS
RPRD1A,chr18:33606855:-,2.20509805356209,5.30795385986451e-06,0.000285823131076369,UP,IPA activation in Neurites
RPS10-NUDT3,chr6:34358646:-,2.12924461245713,0.000133271818078742,0.00201397722599739,UP,IPA activation in Neurites
RPS10-NUDT3,chr6:34385231:-,2.33153215485436,0.000127353691960236,0.00197274951054952,UP,IPA activation in Neurites
RPS11,chr19:50001063:+,0,,1,NC,NS
RPS11,chr19:50001484:+,-0.271260234765354,0.317721684836409,0.510410603636172,NC,NS
RPS11,chr19:50001618:+,-0.271043858158327,0.383418971720206,0.55762508717432,NC,NS
RPS11,chr19:50002165:+,-0.394274141227284,0.309807674689561,0.501691010167226,NC,NS
RPS12,chr6:133138489:+,0.738080461714885,0.442697073821477,0.605442372460738,NC,NS
RPS14,chr5:149826364:-,0.908243839227309,0.000431420472545167,0.00436382879793494,UP,IPA activation in Neurites
RPS2,chr16:2012968:-,0,,1,NC,NS
RPS20,chr8:56982440:-,5.02053453428818,0.00503577627391586,0.0269571918029423,UP,IPA activation in Neurites
RPS20,chr8:56983607:-,3.79648637365329,5.1031015725328e-05,0.00114431761529699,UP,IPA activation in Neurites
RPS20,chr8:56984196:-,4.51846410997755,2.34129268356401e-05,0.000651013154184143,UP,IPA activation in Neurites
RPS20,chr8:56985368:-,3.13063528858511,0.000491335851873658,0.00477213623795852,UP,IPA activation in Neurites
RPS20,chr8:56985453:-,3.34314173684319,0.000262989813118153,0.00302531543884854,UP,IPA activation in Neurites
RPS20,chr8:56985521:-,3.37915843635395,0.000258834430790236,0.00299878176244116,UP,IPA activation in Neurites
RPS20,chr8:56985551:-,3.49006834037153,0.000170455331299003,0.00233643842845338,UP,IPA activation in Neurites
RPS20,chr8:56985613:-,3.69076354671142,0.000125868056922614,0.00196305758008154,UP,IPA activation in Neurites
RPS23,chr5:81572216:-,1.23696852342749,8.98501194059809e-09,7.3083429890118e-06,UP,IPA activation in Neurites
RPS27L,chr15:63447720:-,1.72611694276537,0.00236991967368753,0.0148992624446557,UP,IPA activation in Neurites
RPS29,chr14:50049929:-,3.11797643201137,0.000127894570954516,0.00197274951054952,UP,IPA activation in Neurites
RPS29,chr14:50050262:-,3.10670339818412,8.52514211806141e-05,0.00160788145529019,UP,IPA activation in Neurites
RPS29,chr14:50050297:-,3.23316067917277,0.000103146386109513,0.00174881642790554,UP,IPA activation in Neurites
RPS29,chr14:50050323:-,3.22230986520428,0.000111139648960966,0.00180871415332462,UP,IPA activation in Neurites
RPS3,chr11:75111843:+,2.38079483839664,0.000108862685339088,0.00180092372665062,UP,IPA activation in Neurites
RPS3,chr11:75115617:+,0,,1,NC,NS
RPS3,chr11:75115715:+,-1.51657908758545,0.182149345247294,0.36107907192559,NC,NS
RPS3,chr11:75116706:+,2.29959223837649,0.000330847779593481,0.00363409773250988,UP,IPA activation in Neurites
RPS3,chr11:75116733:+,2.24847572961484,0.00039314208838642,0.00408766966258188,UP,IPA activation in Neurites
RPS3,chr11:75116774:+,2.22617241040295,0.000432257599795446,0.00436382879793494,UP,IPA activation in Neurites
RPS3,chr11:75116813:+,2.19947977937643,0.000466110802485001,0.00460059871174851,UP,IPA activation in Neurites
RPS3,chr11:75117049:+,2.18323236619367,0.000560123590610132,0.00521063470196122,UP,IPA activation in Neurites
RPS3,chr11:75117114:+,2.16489500502429,0.00056931589004967,0.00526671315775988,UP,IPA activation in Neurites
RPS3,chr11:75117191:+,2.160365398455,0.000599241403115556,0.00546050312277209,UP,IPA activation in Neurites
RPS3,chr11:75117298:+,2.12212650154181,0.000650837885515087,0.00580032445222786,UP,IPA activation in Neurites
RPS3,chr11:75117704:+,2.09192438258246,0.000612871546378131,0.00553289971182928,UP,IPA activation in Neurites
RPS3,chr11:75117822:+,2.04977305948632,0.000683760567766251,0.00599491697792897,UP,IPA activation in Neurites
RPS3,chr11:75117852:+,2.04669620250742,0.000675698074173383,0.00596723562418817,UP,IPA activation in Neurites
RPS3,chr11:75117943:+,2.03875378299811,0.000706225003117252,0.00612243608661474,UP,IPA activation in Neurites
RPS3,chr11:75119187:+,1.8528939425275,0.00115095831558391,0.00873635445799692,UP,IPA activation in Neurites
RPS3,chr11:75123805:+,1.88362338362545,0.00103720721495731,0.00806238068367776,UP,IPA activation in Neurites
RPS3,chr11:75126360:+,1.78711182048811,0.00168301191894847,0.0115508265128396,UP,IPA activation in Neurites
RPS3A,chr4:152024259:+,0.266265061571064,0.0185604354191104,0.0713389247625522,UP,NS
RPS3A,chr4:152024413:+,-0.276886662539248,0.343510940233559,0.536949641881303,NC,NS
RPS3A,chr4:152025043:+,-0.688460501245936,0.358093799496289,0.550722006431397,NC,NS
RPS4Y1,chrY:2733358:+,0.0119833279856409,0.857571879283243,0.918543861895721,NC,NS
RPS6,chr9:19378701:-,0.56631365523709,0.000479357606336324,0.00468772184582233,UP,IPA activation in Neurites
RPS6KA2,chr6:166875121:-,-0.0109034013688976,0.978852338827907,0.987374685061483,NC,NS
RPS6KA2,chr6:166875150:-,-0.0750847200408162,0.850533728935478,0.914629198895035,NC,NS
RPS6KA2,chr6:166998987:-,-0.833478664593909,0.0877784705195912,0.216487601392971,NC,NS
RPS6KB1,chr17:58024312:+,0.634351436790791,0.119671820455657,0.269095692392435,NC,NS
RPS6KB1,chr17:58024690:+,0.361439021642388,0.625800120786323,0.7616666802767,NC,NS
RPS6KB1,chr17:58024822:+,1.18017760098057,0.157117677946207,0.328408342305086,NC,NS
RPS6KB1,chr17:58024936:+,0.195409023653109,0.841175311406995,0.909388816997653,NC,NS
RPS8,chr1:45242263:+,0,,1,NC,NS
RPS8,chr1:45243585:+,0,,1,NC,NS
RPS9,chr19:54710213:+,0,,1,NC,NS
RPS9,chr19:54710281:+,0.992832091577629,0.0157951045158855,0.0634648059031023,UP,NS
RPS9,chr19:54710327:+,0.808220014455537,0.00685076289325175,0.0341205857098905,UP,IPA activation in Neurites
RPSA,chr3:39450031:+,0,,1,NC,NS
RPSA,chr3:39452701:+,-1.61755869431905,0.0106142012369053,0.0469533665625284,DN,IPA suppression in Neurites
RRP15,chr1:218503530:+,0.00876188252024779,0.996133614681728,0.996644822496894,NC,NS
RSF1,chr11:77444000:-,1.424937301989,0.48820690533303,0.646321124997358,NC,NS
RSL1D1,chr16:11944132:-,-0.141430859796037,0.502720569317631,0.660681050587377,NC,NS
RSU1,chr10:16757996:-,4.68428416760302,0.0989188368471924,0.234685060993875,NC,NS
RSU1,chr10:16759413:-,4.19836739982747,0.112832726423887,0.256682583814229,NC,NS
RSU1,chr10:16760058:-,3.50454280730241,0.162050858422233,0.335548713652164,NC,NS
RSU1,chr10:16788665:-,-1.44079172517657,0.0386171893087849,0.121941105241108,DN,NS
RTF1,chr15:41762591:+,0.973738382184511,0.000615603172272072,0.00554726858569612,UP,IPA activation in Neurites
RTF1,chr15:41769776:+,0.886750679141778,0.0097509233190242,0.0439168980479627,UP,IPA activation in Neurites
RTN4RL1,chr17:1905379:-,0.576998978482802,0.678992880521458,0.801936737043062,NC,NS
RUNDC3A,chr17:42395224:+,0.0656453207475219,0.745377225052994,0.84810944852021,NC,NS
RUNDC3A,chr17:42395252:+,0.0985715687910266,0.648083540600415,0.780201511272049,NC,NS
RUVBL1,chr3:127787960:-,1.39196320798302,0.169447077967876,0.345280352341577,NC,NS
RUVBL1,chr3:127799653:-,0.533678134801541,0.0985218342341538,0.23421508983351,NC,NS
RUVBL1,chr3:127799692:-,0.543493365382809,0.0871212730231829,0.215412659822565,NC,NS
RUVBL1,chr3:127799803:-,0.525717844572455,0.0739595290520416,0.192614378914587,NC,NS
RUVBL1,chr3:127799856:-,0.510706025202692,0.103474008225212,0.241373213817776,NC,NS
RYBP,chr3:72487639:-,-1.21091307548729,0.00407280766860796,0.0228058482341155,DN,IPA suppression in Neurites
SACS,chr13:23927878:-,0.828423738270694,0.00583311989398164,0.0302600867847705,UP,IPA activation in Neurites
SACS,chr13:23983967:-,1.73927252017015,0.00477659882609236,0.0258887377021972,UP,IPA activation in Neurites
SACS,chr13:23984402:-,1.43949060567972,0.0107241238087439,0.047353526727176,UP,IPA activation in Neurites
SACS,chr13:23984606:-,1.43091345091721,0.0120540056957904,0.0516327391863697,UP,NS
SAE1,chr19:47693438:+,2.1109016967726,0.367379558166804,0.55762508717432,NC,NS
SAMD4A,chr14:55049643:+,-1.39191395850805,0.352866608162046,0.545961499305728,NC,NS
SAMD4A,chr14:55050954:+,-0.760411208777255,0.48407253950345,0.642172090167092,NC,NS
SAMD4A,chr14:55051304:+,-1.61848682898884,0.42185565445647,0.586499889881481,NC,NS
SAMD4A,chr14:55076893:+,0.115824119162355,0.882460268070561,0.933692468891357,NC,NS
SAMD4B,chr19:39838586:+,0,,1,NC,NS
SARNP,chr12:56149977:-,0,,1,NC,NS
SARNP,chr12:56150208:-,0,,1,NC,NS
SARNP,chr12:56154266:-,0.557877106449283,0.0595437060639504,0.166900733702294,NC,NS
SARS,chr1:109757547:+,-0.817097995822801,0.00651836023010667,0.0330044270407561,DN,IPA suppression in Neurites
SARS,chr1:109757775:+,-0.647163310074317,0.0166054716032064,0.0657998573462559,DN,NS
SARS,chr1:109757852:+,-0.655466609553467,0.01951310560562,0.0739491992811111,DN,NS
SARS,chr1:109757930:+,-0.631087563867057,0.0364294032740406,0.11717991816821,DN,NS
SARS,chr1:109758302:+,-0.722147406330966,0.0299745336198426,0.101835535135889,DN,NS
SARS,chr1:109760003:+,-0.738289445954875,0.00868858504178097,0.0401888353738652,DN,IPA suppression in Neurites
SARS,chr1:109760044:+,-0.741700248657071,0.00865391127374391,0.0401812330706468,DN,IPA suppression in Neurites
SARS,chr1:109760113:+,-0.742287077447609,0.00724000155038997,0.0355245997784827,DN,IPA suppression in Neurites
SARS,chr1:109762754:+,-0.775152373635123,0.0564291809822666,0.161710479776036,NC,NS
SASH1,chr6:148691122:+,4.23139651126523,0.020906948956042,0.077956485532644,UP,NS
SASH1,chr6:148789722:+,2.80977311207446,0.118784657371977,0.267402869390452,NC,NS
SAV1,chr14:51117898:-,-2.20258937960819,0.367599515050788,0.55762508717432,NC,NS
SAV1,chr14:51121889:-,1.08157025640187,0.442454105307411,0.60528020141295,NC,NS
SBF2,chr11:10155594:-,0.20780893091447,0.47732913150979,0.636059215678363,NC,NS
SBF2,chr11:9971307:-,0.126462593624285,0.808868491535891,0.889782126668255,NC,NS
SBK1,chr16:28317737:+,4.20222931285587,0.181785859435022,0.36107907192559,NC,NS
SCAI,chr9:127716502:-,-1.65021230372766,0.0594174836587902,0.166802269020358,NC,NS
SCAI,chr9:127716856:-,-1.62763882115065,0.0594663180893463,0.166802269020358,NC,NS
SCAI,chr9:127742590:-,2.62138422597321,0.0765791666324091,0.197265338715353,NC,NS
SCAI,chr9:127857231:-,0,,1,NC,NS
SCAMP1,chr5:77712477:+,1.62466337222994,4.83211539908281e-06,0.000276624394493376,UP,IPA activation in Neurites
SCARB2,chr4:77100670:-,0.0485009973616175,0.763257065339059,0.859954994648957,NC,NS
SCCPDH,chr1:246907488:+,1.07157577759416,0.00146814549156477,0.0105524312584257,UP,IPA activation in Neurites
SCD,chr10:102116620:+,0.0520255847055476,0.677566949951757,0.800773915822771,NC,NS
SCD5,chr4:83575380:-,2.75944221807383,0.152989437327034,0.322970326261756,NC,NS
SCG5,chr15:32954075:+,2.60902013092483,0.569149446202874,0.717875476647506,NC,NS
SCG5,chr15:32959321:+,2.82670715130004,0.521984505991819,0.678775148625385,NC,NS
SCG5,chr15:32983736:+,0,,1,NC,NS
SCHIP1,chr3:159422233:+,-0.255108430778723,0.768682466982604,0.863835770054816,NC,NS
SCMH1,chr1:41544935:-,2.52553112800508,0.192553541652635,0.367149503793778,NC,NS
SCMH1,chr1:41575966:-,0.88266450222451,0.320715263727148,0.512680838796419,NC,NS
SCN2A,chr2:166201493:+,0.163663329991735,0.57596981147225,0.722919085901641,NC,NS
SCN3A,chr2:165990513:-,0.772064013373162,0.662752921563417,0.791011949062445,NC,NS
SCN3A,chr2:165990716:-,-0.61095568945364,0.720067998268349,0.83128134746709,NC,NS
SCN9A,chr2:167121412:-,-0.0193327779855226,0.915080330477509,0.951494577029436,NC,NS
SCN9A,chr2:167130091:-,0,,1,NC,NS
SCRN3,chr2:175289378:+,0.498491387807359,0.00337944443283547,0.0196938642038053,UP,IPA activation in Neurites
SCUBE3,chr6:35195111:+,2.19117557036318,0.0781543692591628,0.200282569797225,NC,NS
SDCCAG8,chr1:243507634:+,4.47203017421611,4.02426885960618e-08,1.95820922708437e-05,UP,IPA activation in Neurites
SDCCAG8,chr1:243510796:+,2.6110366609667,0.00245762027650568,0.0152925578842412,UP,IPA activation in Neurites
SDCCAG8,chr1:243531195:+,7.20500687122561,0.00160629165875637,0.0111660217307264,UP,IPA activation in Neurites
SDCCAG8,chr1:243596127:+,2.28551997467775,0.000529589846546598,0.0050233610005765,UP,IPA activation in Neurites
SDHA,chr5:228499:+,0.590939078132158,0.0432323933481389,0.132307437756002,UP,NS
SDHA,chr5:249838:+,0.410652345108543,0.745450906559996,0.84810944852021,NC,NS
SDK1,chr7:3520362:+,-0.565930293035367,0.408339261158132,0.574448916867549,NC,NS
SDK1,chr7:4305946:+,-0.166057289905815,0.904203874144139,0.945236641276597,NC,NS
SDK1,chr7:4306041:+,1.09220101997308,0.0278473341555689,0.0961711341383946,UP,NS
SEC11C,chr18:56820013:+,0.123066148832194,0.273018383840753,0.461287311030939,NC,NS
SEC14L1,chr17:75091068:+,0.280378994414606,0.427293287348802,0.590516653291471,NC,NS
SEC14L1,chr17:75095024:+,-0.0969973382079155,0.789750278605156,0.878101907025134,NC,NS
SEC14L1,chr17:75095076:+,-0.0974533733671556,0.78982643985805,0.878101907025134,NC,NS
SEC14L1,chr17:75122629:+,-3.42128697252766,0.182278989202339,0.36107907192559,NC,NS
SEC14L1,chr17:75210414:+,0.409948356849651,0.0725233884437618,0.189813392774649,NC,NS
SEC14L1,chr17:75210442:+,0.466384053824251,0.0739819716792774,0.192614378914587,NC,NS
SEC22C,chr3:42591302:-,-0.914048378691009,0.391002218955771,0.55762508717432,NC,NS
SEC22C,chr3:42593202:-,2.70982091357571,0.092100308846658,0.223744434771761,NC,NS
SEC22C,chr3:42593277:-,2.81379403889096,0.0990728091637979,0.234772335529342,NC,NS
SEC23IP,chr10:121658251:+,1.23679368644053,0.00858405746004214,0.0399331009565632,UP,IPA activation in Neurites
SEC23IP,chr10:121693350:+,1.95026184991022,0.00165998708883215,0.0114250313638716,UP,IPA activation in Neurites
SEC24A,chr5:134029386:+,3.11684848123518,0.00807717803036132,0.0383823713825568,UP,IPA activation in Neurites
SEC24B,chr4:110367665:+,1.92278573920976,0.434236862371533,0.597566903930961,NC,NS
SEC31A,chr4:83814163:-,-1.287450316582,0.00216826695278719,0.0138099306181446,DN,IPA suppression in Neurites
SEC31A,chr4:83814380:-,-1.23202095029545,0.00143055277569282,0.0103741725879602,DN,IPA suppression in Neurites
SEC31A,chr4:83814608:-,-1.17736378966583,0.00104331256460428,0.00809690420951267,DN,IPA suppression in Neurites
SEC31A,chr4:83814698:-,-1.15707265215036,0.000967506475574964,0.00767453072473809,DN,IPA suppression in Neurites
SEC61A2,chr10:12191783:+,0.0731161448777731,0.791210556133473,0.878579494847349,NC,NS
SEC61A2,chr10:12206689:+,0.621184784140245,0.236953713052762,0.419585217894377,NC,NS
SEC61A2,chr10:12206827:+,0.510442740628077,0.205564545626734,0.379040557295522,NC,NS
SEC61A2,chr10:12207362:+,0.00358371035388516,0.992506712414052,0.994999957965624,NC,NS
SEC61A2,chr10:12207406:+,-0.0345759297661037,0.929491250028544,0.959462117657806,NC,NS
SECISBP2,chr9:91954876:+,0.847030457740317,0.0757129979677748,0.196072085210853,NC,NS
SEH1L,chr18:12985494:+,-0.492272874353981,0.0596252068595414,0.167032962912221,NC,NS
SEH1L,chr18:12985572:+,-0.646842605292565,0.0520539434716518,0.152495176961504,NC,NS
SEH1L,chr18:12985718:+,-1.90255356969845,0.0234909098397164,0.084609006128838,DN,NS
SEL1L,chr14:81992992:-,0.352668330698621,0.378088723416064,0.55762508717432,NC,NS
SEMA3A,chr7:83646325:-,0,,1,NC,NS
SEMA3A,chr7:83772790:-,0,,1,NC,NS
SEMA6A,chr5:115900642:-,0,,1,NC,NS
SEMA6A,chr5:115903224:-,0,,1,NC,NS
SENP1,chr12:48448593:-,1.84449245294493,0.168091850488291,0.343404410807828,NC,NS
SENP1,chr12:48448701:-,2.25827102882127,0.194842873836343,0.369254074029836,NC,NS
SENP5,chr3:196625058:+,6.35578707795122,8.14379323643627e-06,0.0003847349309563,UP,IPA activation in Neurites
SENP6,chr6:76388692:+,2.4356693305326,5.40397206309616e-06,0.000285823131076369,UP,IPA activation in Neurites
SENP6,chr6:76389505:+,2.75587393698804,0.00019869445604158,0.00251539911375732,UP,IPA activation in Neurites
SENP6,chr6:76389581:+,2.7827306311201,0.000128545256510063,0.00197274951054952,UP,IPA activation in Neurites
SENP7,chr3:101175821:-,1.21613502289088,0.47367256229342,0.633645895329856,NC,NS
SEPT11,chr4:77883341:+,-2.77677899289904,0.0302818271614872,0.102363184425585,DN,NS
SEPT11,chr4:77952575:+,-1.40105228709021,0.00251297439153731,0.0156170285941514,DN,IPA suppression in Neurites
SEPT11,chr4:77953038:+,-1.01822195966623,0.0258799689080649,0.0915202970251773,DN,NS
SEPT11,chr4:77953311:+,-1.19158440941945,0.00355976206023505,0.0204266535201695,DN,IPA suppression in Neurites
SEPT11,chr4:77953955:+,-2.06347668343964,5.44011429369773e-07,8.02169580397974e-05,DN,IPA suppression in Neurites
SEPT2,chr2:242285665:+,0.458047804398249,0.0680886012571688,0.180653835178508,NC,NS
SEPT3,chr22:42391080:+,0.173824465845107,0.288756537116724,0.478409707051406,NC,NS
SEPT3,chr22:42392264:+,1.76802223784486,0.283430996000106,0.471704767637536,NC,NS
SEPT8,chr5:132091696:-,1.11798238257423,0.0175128401556883,0.0685027975864787,UP,NS
SERF2,chr15:44086163:+,0.761249082348288,3.34394439497765e-07,6.40482010851583e-05,UP,IPA activation in Neurites
SERF2,chr15:44086241:+,0.0137917897655067,0.982894532333056,0.990425511354866,NC,NS
SERF2,chr15:44086451:+,-2.05293101858026,0.154809384299522,0.325408492885666,NC,NS
SERF2,chr15:44086535:+,-0.727237152499415,0.0356748298544204,0.115191587306974,DN,NS
SERGEF,chr11:17888304:-,-2.51604940936748,0.0261086121195954,0.0920612366477906,DN,NS
SERGEF,chr11:17892360:-,-2.07086168988802,0.0507549618181907,0.149409343138122,NC,NS
SERGEF,chr11:17908215:-,3.60576022403454,0.0584688887172179,0.165507112721722,NC,NS
SERGEF,chr11:17962465:-,-3.41676322371383,0.0259720809503924,0.091712732877075,DN,NS
SERINC3,chr20:43126082:-,0.322713990737226,0.0974103065874014,0.23274890892339,NC,NS
SERINC3,chr20:43126107:-,0.320321966469416,0.107389682462272,0.247657912256596,NC,NS
SERINC3,chr20:43126577:-,0.267800222396685,0.171359816893079,0.347866862328628,NC,NS
SERINC3,chr20:43127846:-,0.307818930494581,0.211281796674692,0.386793537478951,NC,NS
SERINC3,chr20:43127990:-,0.34037299863909,0.233792602314975,0.415346769939639,NC,NS
SERINC3,chr20:43128119:-,-0.362116322418988,0.575987935889984,0.722919085901641,NC,NS
SERINC3,chr20:43128169:-,-0.258011446153777,0.681345668524521,0.803350623465064,NC,NS
SERINC3,chr20:43128234:-,-0.142856500937165,0.771422180546418,0.8659147244611,NC,NS
SERINC3,chr20:43128526:-,0.0243957829824968,0.924224292850297,0.956258483802573,NC,NS
SERINC3,chr20:43128610:-,0.0836564263855428,0.731456194851411,0.83894384284656,NC,NS
SERINC3,chr20:43128638:-,-0.041656324423287,0.876415828743416,0.930940716582724,NC,NS
SERINC3,chr20:43128690:-,0.078014061212107,0.784902431184301,0.874450437382925,NC,NS
SERINC3,chr20:43128764:-,0.119129899863403,0.650475254940334,0.781558278864413,NC,NS
SERINC3,chr20:43128828:-,0.74991133672832,0.0999989089372706,0.236555513314905,NC,NS
SERPINB9,chr6:2902687:-,0.730250336395149,0.0294161529952263,0.100307638734948,UP,NS
SERPINB9,chr6:2902759:-,0.821331996572572,0.0355758629066712,0.115101162835015,UP,NS
SET,chr9:131451934:+,0,,1,NC,NS
SETD3,chr14:99866435:-,-0.161097707766594,0.271390612868258,0.459015197155697,NC,NS
SETD3,chr14:99890297:-,4.14633753266933,0.0573800072722062,0.163856288372392,NC,NS
SETD5,chr3:9464953:+,2.7512279490282,0.0773230487812144,0.198550899931076,NC,NS
SETD5,chr3:9506444:+,1.65814688243957,0.0009572051155659,0.00762317527388489,UP,IPA activation in Neurites
SETD9,chr5:56215432:+,-1.25463199513423,0.221495263717811,0.399331586976981,NC,NS
SETD9,chr5:56216359:+,-0.6664535787189,0.292186590001647,0.481469673873354,NC,NS
SETX,chr9:135201707:-,1.10818712099667,0.00877151398950984,0.0404954336555549,UP,IPA activation in Neurites
SF1,chr11:64533253:-,-0.742377762047924,0.049599679017211,0.147255666929682,DN,NS
SF3B1,chr2:198264975:-,0.138258174110742,0.557836629736816,0.70835935289649,NC,NS
SF3B2,chr11:65826810:+,0.630989469729456,0.10166631122663,0.239105012290372,NC,NS
SF3B2,chr11:65827481:+,0.741854612859039,0.0506062330852981,0.149242381935188,NC,NS
SF3B6,chr2:24296870:-,-0.552319045727926,0.0591962502701357,0.166715821447466,NC,NS
SFPQ,chr1:35646867:-,0.128573306155386,0.816225044854139,0.894538528887441,NC,NS
SFPQ,chr1:35646940:-,-0.00576203902175876,0.99127994965065,0.994755255722842,NC,NS
SFPQ,chr1:35647718:-,-0.330297715181662,0.510858880240259,0.667424180511081,NC,NS
SFPQ,chr1:35648446:-,0.00682050969722958,0.988103483293386,0.993419079772238,NC,NS
SFPQ,chr1:35648537:-,-0.0482110716675515,0.912562060121479,0.950658742143249,NC,NS
SFPQ,chr1:35648704:-,-0.139025130850268,0.742766490363373,0.846044415287494,NC,NS
SFPQ,chr1:35648827:-,-0.18928599459726,0.621631737567395,0.758680721094293,NC,NS
SFPQ,chr1:35649201:-,-0.233702802389413,0.56419581639229,0.713789502904486,NC,NS
SFPQ,chr1:35649353:-,-0.155224278472193,0.666924767657759,0.7930019852123,NC,NS
SFPQ,chr1:35649721:-,-0.370043445587605,0.237808332111435,0.420638074901579,NC,NS
SFPQ,chr1:35649760:-,-0.358162030221949,0.239301431399737,0.422817997527639,NC,NS
SFPQ,chr1:35649875:-,-0.404009747084587,0.190236955565887,0.36536304146579,NC,NS
SFPQ,chr1:35650076:-,-0.209289166302887,0.412149797575146,0.577626991647656,NC,NS
SGIP1,chr1:67091687:+,0.79994243946234,0.0114249156256483,0.0496937250331295,UP,IPA activation in Neurites
SH3GL2,chr9:17648095:+,3.13513883849884,0.330403234147492,0.523353560339093,NC,NS
SH3GL2,chr9:17654357:+,3.48202153602926,0.295567516107771,0.485560949824582,NC,NS
SH3PXD2A,chr10:105440389:-,-1.45218701216981,0.122406518415119,0.27435749360109,NC,NS
SH3PXD2A,chr10:105440635:-,1.54802524633406,0.34560746667196,0.539187538578313,NC,NS
SHANK2,chr11:70433711:-,-0.160021615226539,0.932903136294358,0.96091935309285,NC,NS
SHANK2,chr11:70448859:-,4.83971363521471,0.0500650399921479,0.14797025239745,NC,NS
SHC2,chr19:450365:-,1.48503531612305,0.185927643387805,0.362420360169629,NC,NS
SHC3,chr9:91703521:-,2.09454062113151,0.00572942106570357,0.0297580714096881,UP,IPA activation in Neurites
SHC3,chr9:91724867:-,1.89533230445327,0.000287839109914768,0.00324971022933936,UP,IPA activation in Neurites
SHC3,chr9:91725604:-,1.26651468229965,0.00805376430418268,0.0383460049942788,UP,IPA activation in Neurites
SHF,chr15:45490057:-,0.986098934532983,0.0597999346446916,0.167137554268277,NC,NS
SHF,chr15:45492381:-,0.977097305936352,0.0419128776858566,0.129490833536113,UP,NS
SHISA6,chr17:11242369:+,-0.56882196741938,0.775317383700432,0.868683948672877,NC,NS
SHISA6,chr17:11407308:+,-1.46852821859248,0.0260362148417989,0.0918725318493063,DN,NS
SHISA9,chr16:13266822:+,2.71275393070312,0.111980471266485,0.255101579205391,NC,NS
SHOC2,chr10:112750514:+,1.53492530781265,0.378210737675343,0.55762508717432,NC,NS
SHPRH,chr6:146254182:-,2.16731362836781,0.00816305335414908,0.0386019607592706,UP,IPA activation in Neurites
SHTN1,chr10:118652248:-,0,,1,NC,NS
SHTN1,chr10:118661222:-,0.818353346529026,0.003392915477908,0.0197487161668664,UP,IPA activation in Neurites
SHTN1,chr10:118781744:-,0,,1,NC,NS
SIK2,chr11:111524824:+,0.646912101127982,0.677280348001513,0.800691490130069,NC,NS
SIK2,chr11:111544031:+,-0.339652806562402,0.408160809093761,0.574448916867549,NC,NS
SIK3,chr11:116792538:-,-2.07639475559879,0.356207751102355,0.549137225695438,NC,NS
SIK3,chr11:116793417:-,-1.99411025199742,0.298445881195985,0.488968908383725,NC,NS
SIKE1,chr1:115321728:-,0.519732127303696,0.081577956974743,0.205784519771436,NC,NS
SKIV2L2,chr5:54696316:+,1.2084787528822,0.00176138016749376,0.0119594697155228,UP,IPA activation in Neurites
SLAIN1,chr13:78281475:+,0,,1,NC,NS
SLBP,chr4:1701288:-,1.54401731960031,3.83399848761452e-05,0.000926076621938103,UP,IPA activation in Neurites
SLC11A2,chr12:51379775:-,-0.865030253074223,0.0982135287483265,0.233695369628047,NC,NS
SLC11A2,chr12:51379955:-,-0.853516839438767,0.0851282590703065,0.211667914479362,NC,NS
SLC16A14,chr2:230910384:-,1.77732735785158,0.00185188942198418,0.0123182118679119,UP,IPA activation in Neurites
SLC16A7,chr12:60142288:+,0,,1,NC,NS
SLC1A4,chr2:65222043:+,4.10782174268362,0.0583871421557435,0.165469908986516,NC,NS
SLC22A15,chr1:116534916:+,0.12296407475534,0.620783068917018,0.758025197829412,NC,NS
SLC22A23,chr6:3356164:-,2.11961359126303,0.525813223611543,0.681023994169222,NC,NS
SLC24A2,chr9:19683535:-,0.481491926553716,0.592467360575521,0.735445453204205,NC,NS
SLC25A13,chr7:95822287:-,0.783562537137633,0.0367148234821292,0.117845864817969,UP,NS
SLC25A16,chr10:70246831:-,3.66583089682024,0.000479754516896737,0.00468772184582233,UP,IPA activation in Neurites
SLC25A24,chr1:108697529:-,3.64974836354876,4.92438363091268e-06,0.000278331452892136,UP,IPA activation in Neurites
SLC25A24,chr1:108738074:-,-0.690467636992599,0.574263908765245,0.721499659192276,NC,NS
SLC25A25,chr9:130847052:+,-0.828933247463839,0.391002218955771,0.55762508717432,NC,NS
SLC25A26,chr3:66330024:+,1.85715787130083,0.0209943309664573,0.0781914341203683,UP,NS
SLC25A26,chr3:66351491:+,-0.796096849733353,0.651941367501104,0.782329641001325,NC,NS
SLC25A33,chr1:9640340:+,0.72635987999026,0.0321927853995505,0.107147806945426,UP,NS
SLC25A36,chr3:140684601:+,-0.381782795015076,0.778777134543539,0.8713565271761,NC,NS
SLC25A36,chr3:140685049:+,-0.93943211314897,0.391002218955771,0.55762508717432,NC,NS
SLC25A51,chr9:37881890:-,0.550588199398063,0.150226754640025,0.319258731197655,NC,NS
SLC25A51,chr9:37882473:-,-0.151589673214055,0.898782201174559,0.942762274394352,NC,NS
SLC25A51,chr9:37884023:-,0.0992982985772943,0.70252663658423,0.818605031996854,NC,NS
SLC25A51,chr9:37887601:-,0.587233525340725,0.301783095816489,0.492462831627999,NC,NS
SLC25A51,chr9:37887649:-,1.30450848710463,0.373209039490092,0.55762508717432,NC,NS
SLC25A51,chr9:37899797:-,0.606490310817656,0.0735363224835637,0.1920707166962,NC,NS
SLC2A11,chr22:24222980:+,0,,1,NC,NS
SLC2A13,chr12:40484377:-,3.91161924512449,0.0468528343205829,0.141255199382873,UP,NS
SLC2A13,chr12:40486005:-,3.88569928902963,0.0273591420922922,0.0948892269573014,UP,NS
SLC30A7,chr1:101421015:+,1.07156100126941,0.27366357057819,0.462056535195515,NC,NS
SLC30A9,chr4:42018611:+,4.50102790201811,0.0114979975777721,0.0498212432889037,UP,IPA activation in Neurites
SLC35E3,chr12:69156554:+,-0.10014651438526,0.771926004394353,0.866080686507475,NC,NS
SLC35F1,chr6:118320745:+,3.51107002131992,1.23837130996643e-05,0.000502667335220595,UP,IPA activation in Neurites
SLC36A4,chr11:92895791:-,1.44946540537177,0.00567227194947877,0.0296173026185649,UP,IPA activation in Neurites
SLC38A1,chr12:46583692:-,2.67489690107816,0.00107341405957594,0.00830402673115501,UP,IPA activation in Neurites
SLC38A1,chr12:46591424:-,0.611312538020131,0.0148503018987714,0.0605205770849429,UP,NS
SLC39A10,chr2:196525634:+,-0.917355011263338,0.00734888092815876,0.0359032676670889,DN,IPA suppression in Neurites
SLC39A10,chr2:196530731:+,-0.42359828059666,0.230928725457837,0.411009209245733,NC,NS
SLC39A6,chr18:33690957:-,0.739522518089035,0.0044159727525215,0.0244739446626078,UP,IPA activation in Neurites
SLC39A9,chr14:69925679:+,0.115848444814557,0.757657580138825,0.856238320216477,NC,NS
SLC39A9,chr14:69926209:+,-0.16313353058909,0.689705110144691,0.810261966674087,NC,NS
SLC39A9,chr14:69926252:+,-0.21341642860067,0.644659728362193,0.777426081340875,NC,NS
SLC39A9,chr14:69926440:+,-0.382887286861937,0.465816821715955,0.626323474570279,NC,NS
SLC39A9,chr14:69926627:+,-1.65938651840192,0.33662080892416,0.52975318765361,NC,NS
SLC39A9,chr14:69927268:+,-0.940996815069225,0.192133230373915,0.366852935046431,NC,NS
SLC4A7,chr3:27419460:-,2.62571319214722,6.02448068329585e-05,0.0012745705654312,UP,IPA activation in Neurites
SLC6A15,chr12:85273775:-,-0.130793631093364,0.880132648204615,0.932243244702581,NC,NS
SLC6A15,chr12:85273937:-,-0.0617603538306115,0.932902504672357,0.96091935309285,NC,NS
SLC6A15,chr12:85274627:-,-0.0528371876163152,0.928297345615631,0.958839924382437,NC,NS
SLC6A15,chr12:85298653:-,-1.43895815980368,0.558391508152828,0.708694073727611,NC,NS
SLC7A1,chr13:30116153:-,3.43437315892678,0.183389880513619,0.361724831203596,NC,NS
SLC7A11,chr4:139115992:-,1.31371829931629,0.535773534861522,0.690295900075502,NC,NS
SLC7A11,chr4:139118716:-,1.65818509587984,0.341836379770773,0.536054084423004,NC,NS
SLC8A1,chr2:40345748:-,1.92656478471391,0.193578033458864,0.367528786486502,NC,NS
SLC8A1,chr2:40384234:-,3.90826935484551,0.000196220781278532,0.00251185658944633,UP,IPA activation in Neurites
SLC8A3,chr14:70611026:-,-0.672096778800578,0.712980726254102,0.825889445657468,NC,NS
SLC9B2,chr4:103969071:-,0.314767187148929,0.691920898604783,0.810988910960741,NC,NS
SLC9B2,chr4:103969323:-,1.11968743169216,0.271105625265735,0.458692619103987,NC,NS
SLC9B2,chr4:103969733:-,0.331718949162995,0.411495486663348,0.577313496354612,NC,NS
SLCO5A1,chr8:70602312:-,1.77529530966384,0.00351783233293211,0.0202577184994647,UP,IPA activation in Neurites
SLCO5A1,chr8:70602344:-,1.78817612871689,0.00374058152053282,0.0213134305373685,UP,IPA activation in Neurites
SLCO5A1,chr8:70602372:-,1.82712214851063,0.00306255966649705,0.0182181116591377,UP,IPA activation in Neurites
SLCO5A1,chr8:70602413:-,0,,1,NC,NS
SLCO5A1,chr8:70602457:-,0,,1,NC,NS
SLCO5A1,chr8:70602550:-,0,,1,NC,NS
SLCO5A1,chr8:70602576:-,0,,1,NC,NS
SLF2,chr10:102719345:+,0.330234459046787,0.146198090596533,0.313254032955847,NC,NS
SLIT2,chr4:20270575:+,1.86843304595292,0.000537345718299904,0.00505749374322502,UP,IPA activation in Neurites
SLIT2,chr4:20273416:+,1.60197978357693,0.0108995559952727,0.0479107854317951,UP,IPA activation in Neurites
SLIT2,chr4:20279982:+,0.973556782536293,0.021180942924873,0.0786166806044485,UP,NS
SLIT2,chr4:20281430:+,0.696001427252722,0.0362742291880485,0.116816941912008,UP,NS
SLIT2,chr4:20284335:+,0.76260513469691,0.0114276338303565,0.0496937250331295,UP,IPA activation in Neurites
SLIT2,chr4:20418806:+,-0.93213050289397,0.0665985813215102,0.178845859111738,NC,NS
SLIT3,chr5:168192901:-,-0.038423586472164,0.969961488612229,0.981738904584911,NC,NS
SLIT3,chr5:168702544:-,0.112600923154377,0.952475178424291,0.971237262827452,NC,NS
SLMAP,chr3:57848525:+,4.47462292543493,0.00059004410351537,0.00539690715734171,UP,IPA activation in Neurites
SLTM,chr15:59205619:-,4.94444503410152,0.00010308213906796,0.00174881642790554,UP,IPA activation in Neurites
SLTM,chr15:59224507:-,0.841915684558074,0.0766249097412495,0.197278735873503,NC,NS
SMAD2,chr18:45371684:-,0.807143606045597,0.00235010979051777,0.0148322104288709,UP,IPA activation in Neurites
SMAD2,chr18:45384944:-,0,,1,NC,NS
SMAP1,chr6:71414189:+,6.47128842512634,0.050193863986072,0.148116035267572,NC,NS
SMAP1,chr6:71416952:+,-1.34658891386698,0.0911743546829271,0.222494689010593,NC,NS
SMAP1,chr6:71501472:+,2.44502676899987,0.000874337793613495,0.00707908103780909,UP,IPA activation in Neurites
SMARCA2,chr9:2046021:+,-0.618080321750283,0.309874003878629,0.501691010167226,NC,NS
SMARCA2,chr9:2181677:+,-0.414968809879521,0.308096247221581,0.500152582776063,NC,NS
SMARCAD1,chr4:95150552:+,0.425787398972988,0.711997455397509,0.825489544427991,NC,NS
SMARCC2,chr12:56572520:-,-1.73747254759945,0.000807325724008847,0.00668705453724747,DN,IPA suppression in Neurites
SMC1A,chrX:53431943:-,0.330293419819327,0.336342537224208,0.529657859589967,NC,NS
SMC3,chr10:112337673:+,0.600771253170195,0.0361353217818,0.116446672708767,UP,NS
SMC3,chr10:112356419:+,4.34436487319096,0.00229351620390468,0.0145126786062421,UP,IPA activation in Neurites
SMC3,chr10:112359571:+,0.655204193296575,0.0402450097505435,0.125278173933772,UP,NS
SMG1,chr16:18859074:-,1.83466587334474,0.00133181011018785,0.00977464252816603,UP,IPA activation in Neurites
SMIM14,chr4:39590556:-,0.911017359082587,0.515813743889819,0.673450409918932,NC,NS
SMIM7,chr19:16770769:-,0.906070925117734,0.0451492603039662,0.137138764443882,UP,NS
SMIM8,chr6:88046896:+,1.0824903655703,0.00348658814956419,0.0201015852319661,UP,IPA activation in Neurites
SMIM8,chr6:88050049:+,0.116678043383795,0.702988020136858,0.818946542012437,NC,NS
SMIM8,chr6:88050246:+,0.279947397205153,0.131904043195961,0.290033924171508,NC,NS
SMIM8,chr6:88050300:+,0.313377068419846,0.10671739456718,0.24679793821249,NC,NS
SMIM8,chr6:88050492:+,0.316255889921484,0.0217900094603946,0.0803867975999092,UP,NS
SMS,chrX:22010899:+,0.494407401772226,0.000638581805984641,0.00570743243485234,UP,IPA activation in Neurites
SMYD2,chr1:214474748:+,4.54237744201373,0.000328426812181899,0.00363409773250988,UP,IPA activation in Neurites
SMYD3,chr1:246433041:-,0,,1,NC,NS
SNAP23,chr15:42822023:+,3.34053047089108,7.39254485556196e-05,0.00145048884141792,UP,IPA activation in Neurites
SNAPC5,chr15:66783441:-,0,,1,NC,NS
SNAPC5,chr15:66783884:-,0,,1,NC,NS
SNAPC5,chr15:66784909:-,-0.313167816529145,0.221384148717734,0.399279194833392,NC,NS
SNAPC5,chr15:66785460:-,0.513861803003791,0.161507062321224,0.334707566122263,NC,NS
SNAPC5,chr15:66785653:-,0.92034857733992,0.0518147087216568,0.152068982291666,NC,NS
SNAPC5,chr15:66785806:-,1.30771106072904,0.0119986659092484,0.0514409764884605,UP,NS
SNAPC5,chr15:66786155:-,5.07278846243261,0.086487361436526,0.214171756106939,NC,NS
SNAPC5,chr15:66786222:-,3.66389955303734,0.00550587584937492,0.0289638831168198,UP,IPA activation in Neurites
SNAPC5,chr15:66786573:-,3.2212146913755,0.00923358086643708,0.0422677370612256,UP,IPA activation in Neurites
SNCA,chr4:90712157:-,-0.969128981359537,0.0388635649513686,0.122560017532962,DN,NS
SND1,chr7:127317412:+,0.299327403139589,0.863504741008945,0.92249111299753,NC,NS
SND1,chr7:127317779:+,0.143005609893981,0.943115039408456,0.965537088525468,NC,NS
SNF8,chr17:47009004:-,1.58081479746555,0.00529067051342232,0.0280440116757222,UP,IPA activation in Neurites
SNF8,chr17:47013479:-,2.28062603323616,0.00201819848306626,0.0131524491243617,UP,IPA activation in Neurites
SNRPN,chr15:25140138:+,-3.04500224663242,0.406020867588407,0.57299812693886,NC,NS
SNRPN,chr15:25213276:+,0.490176580083793,0.213716450317141,0.38962243267508,NC,NS
SNRPN,chr15:25213664:+,0.034589179571602,0.861258235279462,0.920870703772767,NC,NS
SNRPN,chr15:25213756:+,-0.00666750403357064,0.976983257313327,0.985898077579147,NC,NS
SNRPN,chr15:25213968:+,-0.357201098645716,0.0916539810461183,0.223200222137021,NC,NS
SNRPN,chr15:25215996:+,-0.29100527947031,0.693420116080271,0.812273058460905,NC,NS
SNTB2,chr16:69226764:+,1.84285774441431,0.00373366923409185,0.0212989853377385,UP,IPA activation in Neurites
SNU13,chr22:42072536:-,-1.18633032858485,0.487009655023112,0.64519166385583,NC,NS
SNU13,chr22:42072631:-,-1.05008286074543,0.539626896146505,0.693561668422846,NC,NS
SNURF,chr15:25213276:+,0.516095592971248,0.199495065969795,0.373937978046619,NC,NS
SNURF,chr15:25213664:+,-1.27417335617566,0.402326770014668,0.569436318467532,NC,NS
SNURF,chr15:25213756:+,0.552988400819111,0.67767919962149,0.800773915822771,NC,NS
SNURF,chr15:25213968:+,-0.396319748604725,0.0706306069611053,0.185959669189547,NC,NS
SNURF,chr15:25215996:+,-1.12329467840082,0.602761865985988,0.743889615710671,NC,NS
SNX10,chr7:26363896:+,-0.726397029722818,0.0862907952043333,0.213982046925392,NC,NS
SNX18,chr5:53835639:+,-0.571861005443189,0.849734450716032,0.913971670465122,NC,NS
SNX24,chr5:122337789:+,0.64843467623773,0.0268317740716343,0.0939115474421903,UP,NS
SNX27,chr1:151600931:+,4.34699807343491,0.074932221972531,0.194567871994843,NC,NS
SNX29,chr16:12349706:+,-1.75695564013729,0.280545487275373,0.469594638654396,NC,NS
SNX29,chr16:12449733:+,-0.0626763681277751,0.937942490254186,0.962941974082095,NC,NS
SNX29,chr16:12566420:+,-0.503012927893789,0.886401964963397,0.935028263878786,NC,NS
SNX30,chr9:115613298:+,0.843487539183809,0.00570025652725799,0.0297076268008027,UP,IPA activation in Neurites
SOBP,chr6:107829934:+,-0.881992119440884,0.391002218955771,0.55762508717432,NC,NS
SOBP,chr6:107918855:+,0.452133852001049,0.321505090192749,0.51343740363568,NC,NS
SOBP,chr6:107971873:+,2.48134974110372,0.225219153563609,0.404397196029712,NC,NS
SOD2,chr6:160100571:-,0,,1,NC,NS
SOD2,chr6:160103120:-,-0.00888092914250294,0.99688890321848,0.997093813578854,NC,NS
SOD2,chr6:160103310:-,0.838699435458293,0.114884811439701,0.260619810007265,NC,NS
SOD2,chr6:160103341:-,0.662146994239234,0.252956729880345,0.440114256689705,NC,NS
SOD2,chr6:160103378:-,0.457649509421258,0.375947275781405,0.55762508717432,NC,NS
SOD2,chr6:160103429:-,0.316710802928316,0.00934880349538558,0.0426347495862664,UP,IPA activation in Neurites
SOD2,chr6:160103503:-,0.270561155665445,0.00706539679581277,0.0349492403067813,UP,IPA activation in Neurites
SOD2,chr6:160115602:-,3.58207425174783,0.17294562011577,0.349482303772149,NC,NS
SOD2,chr6:160124413:-,-1.38404881282648,0.00500682192647662,0.0268612960245151,DN,IPA suppression in Neurites
SOD2,chr6:160130839:-,-1.36360546837031,0.0419705967034182,0.129586880430732,DN,NS
SOD2,chr6:160138121:-,0.532929075820467,0.877996715460786,0.931849731159334,NC,NS
SOD2,chr6:160138442:-,0.844130975636013,0.790021757622895,0.878101907025134,NC,NS
SOD2,chr6:160139450:-,-1.02862683091384,0.733720454036007,0.840749454336012,NC,NS
SOGA1,chr20:35408821:-,0,,1,NC,NS
SOGA1,chr20:35409175:-,0,,1,NC,NS
SOGA1,chr20:35412152:-,-2.81199167139503,0.126610988903666,0.281447725904631,NC,NS
SOGA1,chr20:35412178:-,-2.01551856677267,0.113196976874668,0.257390882930904,NC,NS
SOGA1,chr20:35413788:-,-0.839876147809131,0.391002218955771,0.55762508717432,NC,NS
SOGA3,chr6:127825869:-,-0.339332332023702,0.436118628415377,0.599817197814931,NC,NS
SON,chr21:34921859:+,0,,1,NC,NS
SORBS2,chr4:186561116:-,-0.603816592925851,0.482919166558336,0.641169076254533,NC,NS
SORBS2,chr4:186562350:-,-0.477483646507374,0.502339995285203,0.660466473130991,NC,NS
SORBS2,chr4:186648858:-,3.69100887994224,0.117835176014026,0.266072374238631,NC,NS
SORCS1,chr10:108590322:-,1.54316462936446,0.229803079241549,0.409715315665041,NC,NS
SORCS1,chr10:108646629:-,0.867729423475372,0.726743965916847,0.836210957236078,NC,NS
SORCS1,chr10:108659350:-,3.69694919482775,0.058536321618184,0.165507112721722,NC,NS
SORCS2,chr4:7216208:+,-0.160273546754941,0.873210616644802,0.928955588236469,NC,NS
SORCS2,chr4:7575209:+,-0.726366426006826,0.728765526454075,0.837151334212825,NC,NS
SORCS2,chr4:7584375:+,0.934113567031178,0.389343071145617,0.55762508717432,NC,NS
SORCS2,chr4:7671737:+,0,,1,NC,NS
SORCS2,chr4:7672004:+,-0.909918032193037,0.391002218955771,0.55762508717432,NC,NS
SORCS2,chr4:7674329:+,0.246709795585691,0.584606172855531,0.729408624901285,NC,NS
SORCS2,chr4:7674847:+,-0.0498666959902774,0.915455290659682,0.951494577029436,NC,NS
SOS1,chr2:39217826:-,0.336538053480099,0.867062714193061,0.925044325205752,NC,NS
SOS1,chr2:39278521:-,0.574510408205922,0.628133935149135,0.763632455492935,NC,NS
SOS2,chr14:50641790:-,-0.478990060104945,0.69462157773807,0.813288882885815,NC,NS
SPATA6,chr1:48844753:-,0,,1,NC,NS
SPATA7,chr14:88903942:+,0.79989324303635,0.391002218955771,0.55762508717432,NC,NS
SPDL1,chr5:169030107:+,0.28870601513978,0.222894673725852,0.401111494951922,NC,NS
SPDL1,chr5:169030470:+,0.0178788040298519,0.94946281885746,0.969384405488963,NC,NS
SPECC1L,chr22:24792698:+,1.2545510219997,0.0213534357930156,0.0790759654252769,UP,NS
SPG11,chr15:44925673:-,1.45646531290156,3.29371916080868e-05,0.000843538812447108,UP,IPA activation in Neurites
SPG21,chr15:65261505:-,0.0236174051669322,0.934260061545884,0.96091935309285,NC,NS
SPIRE1,chr18:12626188:-,1.61685673950111,0.351478058790337,0.544332346936276,NC,NS
SPIRE1,chr18:12627065:-,1.52978889629483,0.343993261912649,0.537358334660337,NC,NS
SPOCK1,chr5:136753018:-,1.07306283968123,0.0431301883776387,0.132099208065464,UP,NS
SPRED1,chr15:38620505:+,0.719729544824686,0.121926417372029,0.273533401075286,NC,NS
SPRTN,chr1:231487330:+,0.687346403017456,0.0401470313417795,0.125278173933772,UP,NS
SPTAN1,chr9:131386770:+,-0.236179616519407,0.12908502055315,0.285123790291252,NC,NS
SPTBN1,chr2:54693744:+,-1.02905089756989,0.67501511040089,0.799178473773901,NC,NS
SPTBN1,chr2:54757021:+,-1.09238107201196,0.130416702837471,0.287554919396756,NC,NS
SQLE,chr8:126021381:+,1.97310426666099,0.000323301506584429,0.00359174687452016,UP,IPA activation in Neurites
SQSTM1,chr5:179260247:+,0.813847802504428,0.0269767928507657,0.0941671979998752,UP,NS
SRCIN1,chr17:36694879:-,-0.297079819314471,0.593324914247464,0.736278511173082,NC,NS
SRCIN1,chr17:36740867:-,1.64528583654703,0.377771648892357,0.55762508717432,NC,NS
SRD5A1,chr5:6660846:+,1.3562935616085,0.354397204065816,0.547285558547846,NC,NS
SREK1IP1,chr5:64036883:-,0.64471557250467,0.203891550333516,0.378100717958418,NC,NS
SRGAP2,chr1:206583152:+,0.253393410475651,0.166014474611103,0.340855035214188,NC,NS
SRP19,chr5:112203456:+,-1.91039203128745,0.00030169040967351,0.00336703104007178,DN,IPA suppression in Neurites
SRP19,chr5:112203578:+,-1.98199523146422,0.000415537652586563,0.00426290143748882,DN,IPA suppression in Neurites
SRP19,chr5:112203604:+,-1.98815475542319,0.00042234404050986,0.00429942698979284,DN,IPA suppression in Neurites
SRP19,chr5:112203797:+,-2.03922800807398,0.000392071928500039,0.0040852719573473,DN,IPA suppression in Neurites
SRP19,chr5:112203964:+,-2.11380361626618,0.00049581073468389,0.0047824094301396,DN,IPA suppression in Neurites
SRP19,chr5:112204092:+,-2.21791857075638,0.000906928164155375,0.0072836677806252,DN,IPA suppression in Neurites
SRP19,chr5:112204813:+,-2.86893777148838,0.00485124196374383,0.0261708906824584,DN,IPA suppression in Neurites
SRP19,chr5:112205747:+,-0.133407219349421,0.792958568237581,0.879195823142895,NC,NS
SRP19,chr5:112212369:+,0,,1,NC,NS
SRP19,chr5:112212851:+,0,,1,NC,NS
SRP19,chr5:112212890:+,0,,1,NC,NS
SRP19,chr5:112222419:+,-1.97124730429934,0.000412874306653039,0.00424745534074776,DN,IPA suppression in Neurites
SRP72,chr4:57357811:+,0.367788099034915,0.0373927518615999,0.119235341126176,UP,NS
SRP72,chr4:57361561:+,0.510337947596945,0.00172171257307149,0.0117666480064127,UP,IPA activation in Neurites
SRPK2,chr7:104866695:-,0.981466231052703,0.571017196916679,0.718719524106715,NC,NS
SRPK2,chr7:104960614:-,-1.57698811890376,0.617245281308937,0.7567436479842,NC,NS
SRPK2,chr7:104973743:-,-2.30333429683905,0.464128117231998,0.62491627516627,NC,NS
SRR,chr17:2212998:+,0.108128223381128,0.883838549224673,0.934338123077832,NC,NS
SRRM1,chr1:24987953:+,0.620150910128946,0.0250903494363122,0.0891816218824656,UP,NS
SRRM4,chr12:119441836:+,-0.209461162375688,0.664770081671451,0.792253543329238,NC,NS
SRSF1,chr17:56081556:-,-0.699752364452548,0.391002218955771,0.55762508717432,NC,NS
SRSF1,chr17:56081817:-,1.59260271063976,0.255360700332482,0.442043816370636,NC,NS
SRSF1,chr17:56081921:-,0.557098773159981,0.64988823755932,0.781558278864413,NC,NS
SRSF1,chr17:56082186:-,0.307168193746892,0.359220283859706,0.551509318642108,NC,NS
SRSF5,chr14:70236069:+,0.154321347036421,0.568208753199866,0.717039365422859,NC,NS
SRSF9,chr12:120903360:-,0.683019001611704,0.0661239768611193,0.177767553263098,NC,NS
SS18L1,chr20:60754952:+,-1.48116982002468,0.0828351490663604,0.207450249797689,NC,NS
SSBP2,chr5:80846265:-,1.01653988307669,0.444649795194534,0.607434928619354,NC,NS
SSBP3,chr1:54696173:-,0.451174018337802,0.783212906606897,0.874247393347095,NC,NS
SSBP3,chr1:54804660:-,1.55623491659124,0.366034849204711,0.55762508717432,NC,NS
SSH2,chr17:28065579:-,0,,1,NC,NS
SSH2,chr17:28069500:-,0,,1,NC,NS
SSH2,chr17:28070926:-,0,,1,NC,NS
SSH2,chr17:28089786:-,0.125695873546317,0.874793896639227,0.930233195158758,NC,NS
SSH2,chr17:28131862:-,3.21235595829454,0.157586315285811,0.328822903164989,NC,NS
SSH2,chr17:28150178:-,0.0783378730737883,0.972866543146305,0.983171048587731,NC,NS
SSH2,chr17:28152237:-,4.25224854750858,0.0542354932883872,0.157370250650741,NC,NS
SSR1,chr6:7310040:-,2.55830928430698,8.61179697879329e-05,0.00161187119505519,UP,IPA activation in Neurites
SSU72,chr1:1493933:-,-1.37626344384548,0.0023613730514996,0.0148647364406171,DN,IPA suppression in Neurites
SSU72,chr1:1494815:-,-1.34881687280125,0.00408767515061035,0.0228627899803103,DN,IPA suppression in Neurites
SSU72,chr1:1496237:-,-1.33540560605895,0.00445024273662635,0.0246078194959362,DN,IPA suppression in Neurites
SSU72,chr1:1496298:-,-1.33654667677974,0.00444074576129831,0.0245832410403613,DN,IPA suppression in Neurites
SSU72,chr1:1497730:-,-1.32567160589861,0.00560428847277413,0.0293484477533148,DN,IPA suppression in Neurites
SSU72,chr1:1499369:-,-1.19310228969457,0.0212214844463584,0.0787071214298628,DN,NS
SSU72,chr1:1499459:-,-1.21787591791917,0.0193545187160699,0.0735199750760313,DN,NS
SSU72,chr1:1499824:-,-1.12100133775915,0.042207089109395,0.130069471568281,DN,NS
SSU72,chr1:1500052:-,-0.0783873160265267,0.553417534947693,0.7052502528513,NC,NS
SSU72,chr1:1500126:-,-0.0612089045972524,0.628189973452142,0.763632455492935,NC,NS
ST13,chr22:41238382:-,-2.25590667736182,0.000908684882755659,0.00728444915896052,DN,IPA suppression in Neurites
ST18,chr8:53084293:-,1.67588490293979,0.00776279779788573,0.0373627834663818,UP,IPA activation in Neurites
ST18,chr8:53245091:-,-4.22128383110374,0.000155943892911009,0.00221231190351303,DN,IPA suppression in Neurites
ST20-MTHFS,chr15:80186282:-,-1.11537759910543,0.223349030025845,0.401780547174034,NC,NS
ST20-MTHFS,chr15:80191184:-,0.364609201140357,0.825841653549856,0.901221234844943,NC,NS
ST20-MTHFS,chr15:80191246:-,0.314071560535521,0.845724935465088,0.911837865342443,NC,NS
ST20-MTHFS,chr15:80208291:-,-0.483374921926925,0.193145777067296,0.367414914468124,NC,NS
ST20-MTHFS,chr15:80212538:-,-0.200770111944345,0.367188096448548,0.55762508717432,NC,NS
ST20-MTHFS,chr15:80212617:-,-0.225849120955045,0.300026265994118,0.490897044494747,NC,NS
ST6GAL1,chr3:186737191:+,-0.0795345919889001,0.964303653461918,0.978408134294602,NC,NS
ST6GALNAC5,chr1:77339465:+,-0.403806593402276,0.343091472872213,0.536933151883998,NC,NS
ST6GALNAC5,chr1:77355687:+,0.67382058645636,0.735332129115146,0.841318161362404,NC,NS
ST7L,chr1:113134104:-,3.84928540859961,1.80912305082753e-05,0.000557164099071315,UP,IPA activation in Neurites
ST8SIA1,chr12:22456878:-,0.079234196171547,0.798661628467951,0.88344793910549,NC,NS
ST8SIA1,chr12:22460883:-,3.51037250256027,0.125364267208272,0.279058794252264,NC,NS
ST8SIA2,chr15:92961054:+,-0.147377674256732,0.953915936341042,0.97189173916154,NC,NS
STAC,chr3:36582365:+,-0.0324537664315963,0.973653731118851,0.983525482450961,NC,NS
STAG1,chr3:136130276:-,0.648726396437759,0.311501481676112,0.503242433544475,NC,NS
STARD9,chr15:42898109:+,0.669775651843919,0.558916991958399,0.709176032039001,NC,NS
STAU1,chr20:47746507:-,1.14042387029046,0.0192017994481006,0.0731110767718758,UP,NS
STAU1,chr20:47751208:-,1.52242381466179,0.00256646394143266,0.0158081184038118,UP,IPA activation in Neurites
STAU1,chr20:47760307:-,1.54310281832212,0.00305400130900257,0.0182117283941256,UP,IPA activation in Neurites
STAU2,chr8:74406015:-,0.483550556511347,0.59060120289209,0.734343775707347,NC,NS
STAU2,chr8:74406173:-,0.432553059034786,0.623010199924789,0.759410729667841,NC,NS
STAU2,chr8:74408895:-,0.282849936586554,0.761805572240301,0.859083641835761,NC,NS
STAU2,chr8:74447963:-,-0.319066959322746,0.26841125863714,0.456036726441454,NC,NS
STAU2,chr8:74455213:-,-0.249912229957949,0.308293424147659,0.500152582776063,NC,NS
STAU2,chr8:74459950:-,-0.206366038054218,0.415136001137662,0.580658621888419,NC,NS
STAU2,chr8:74460935:-,-0.187283214516354,0.414039189978736,0.57977401393857,NC,NS
STAU2,chr8:74461105:-,-0.234925622840806,0.26727677064377,0.454961512724,NC,NS
STAU2,chr8:74461154:-,-0.235633688127879,0.265214072142897,0.452452331190299,NC,NS
STAU2,chr8:74461280:-,-0.235975024895734,0.261824498615538,0.450617362988775,NC,NS
STAU2,chr8:74461646:-,-0.233576947040704,0.268640207935974,0.456222153211178,NC,NS
STAU2,chr8:74461836:-,-0.258085533144276,0.268707910214393,0.456222153211178,NC,NS
STAU2,chr8:74462010:-,-0.240311327071769,0.291083771173947,0.480490818563343,NC,NS
STAU2,chr8:74462388:-,-0.227269293590498,0.287423826657368,0.476688595949132,NC,NS
STAU2,chr8:74462443:-,-0.215860694677026,0.324138506052324,0.515780892887707,NC,NS
STAU2,chr8:74462782:-,-0.209732728131135,0.374226301818341,0.55762508717432,NC,NS
STAU2,chr8:74462847:-,-0.197876750791387,0.398199587956433,0.565471203777241,NC,NS
STAU2,chr8:74462881:-,-0.202529471713708,0.345944693108841,0.539320299315313,NC,NS
STAU2,chr8:74564497:-,2.29805981441816,0.284042932382382,0.472420581042863,NC,NS
STAU2,chr8:74624144:-,1.36256466670374,0.103251537094788,0.24096977434208,NC,NS
STIM2,chr4:26949439:+,1.59129905355681,0.0146862642178428,0.0600532451126245,UP,NS
STIP1,chr11:63962093:+,0.332633467549071,0.148217600119876,0.316605286296451,NC,NS
STK35,chr20:2112306:+,-0.494916476548123,0.509032045400614,0.665488966394247,NC,NS
STK35,chr20:2115186:+,1.3351252037501,0.322745492156371,0.514887378367362,NC,NS
STK35,chr20:2117837:+,2.02406743019054,0.193269030635414,0.367505706554093,NC,NS
STK35,chr20:2122244:+,3.11112006935376,0.0188803058104134,0.0721529276438819,UP,NS
STK39,chr2:169013141:-,5.07909493079168,0.0741106001400395,0.192748599926982,NC,NS
STK39,chr2:169081187:-,3.77180463438011,0.0320499783814066,0.106891840167186,UP,NS
STON2,chr14:81732460:-,1.8954843079339,0.00621593293697521,0.0318386628119173,UP,IPA activation in Neurites
STON2,chr14:81807791:-,2.76453975594937,0.406342112124917,0.573265437056902,NC,NS
STS,chrX:7177908:+,0.646451920103386,0.0309315331074047,0.104017166621031,UP,NS
STT3A,chr11:125478185:+,-0.228591546466316,0.273907625969765,0.462147887645242,NC,NS
STT3B,chr3:31674736:+,-0.143424133675087,0.371630225756165,0.55762508717432,NC,NS
STX2,chr12:131286235:-,-1.78336764895587,0.0601735919636566,0.167796388822437,NC,NS
STX6,chr1:180951866:-,5.75192384291255,0.00159703671676731,0.0111545558453955,UP,IPA activation in Neurites
STX6,chr1:180952649:-,4.13398048168295,0.00746351709302996,0.0362684468955273,UP,IPA activation in Neurites
STX8,chr17:9211319:-,-2.16383535806674,0.289127159412264,0.478697773970765,NC,NS
STX8,chr17:9299174:-,-1.00244810096067,0.728274421342106,0.836784730637707,NC,NS
STXBP4,chr17:53121020:+,4.74476669012356,6.27849107985993e-05,0.00130570498788202,UP,IPA activation in Neurites
STXBP4,chr17:53122135:+,5.16781678852673,0.00106438896520714,0.00824731959346808,UP,IPA activation in Neurites
STXBP4,chr17:53135388:+,1.45477378223397,0.235555345848603,0.41830603945958,NC,NS
STXBP4,chr17:53167031:+,3.26763452581,0.0200912243012453,0.0756686512769812,UP,NS
STXBP4,chr17:53177622:+,1.42270072183316,0.299690083273932,0.490511922371663,NC,NS
STXBP5,chr6:147577948:+,0.66717284576826,0.262569714553632,0.450925010688972,NC,NS
SUCLG1,chr2:84652538:-,-0.203788015936869,0.279518203030845,0.468366245161189,NC,NS
SUCO,chr1:172520793:+,2.95295995117711,0.000109920745338108,0.00180092372665062,UP,IPA activation in Neurites
SUCO,chr1:172520866:+,3.03743682313245,0.000114858986481028,0.0018506749278698,UP,IPA activation in Neurites
SUCO,chr1:172558155:+,1.62816986390299,0.000477858625874487,0.00468772184582233,UP,IPA activation in Neurites
SULF2,chr20:46399343:-,4.2587986198089,0.0594595368021506,0.166802269020358,NC,NS
SUMO1,chr2:203071846:-,-0.458668882014282,0.794572566315705,0.880125223695019,NC,NS
SUPT16H,chr14:21826396:-,0.841384815841291,0.185761845213372,0.362420360169629,NC,NS
SUSD1,chr9:114809353:-,0.561108906579384,0.669291044051926,0.794915845827843,NC,NS
SUSD1,chr9:114921279:-,0,,1,NC,NS
SUV39H2,chr10:14939325:+,3.93979859968758,2.37322479847985e-06,0.000191511603739232,UP,IPA activation in Neurites
SUZ12,chr17:30292408:+,0,,1,NC,NS
SVIP,chr11:22841907:-,-0.0178158577893968,0.848379724660977,0.91322474487436,NC,NS
SVIP,chr11:22841951:-,-0.016126014822561,0.863721642173602,0.92249111299753,NC,NS
SVIP,chr11:22842152:-,-0.0581545085437214,0.850929650007004,0.914852778818843,NC,NS
SVIP,chr11:22842182:-,-0.225118695595233,0.553049842119185,0.705040747118667,NC,NS
SVIP,chr11:22842220:-,-0.16311231767726,0.642553121451234,0.775654549486903,NC,NS
SVIP,chr11:22842303:-,-0.188101031028773,0.570791954478893,0.718621901809649,NC,NS
SVIP,chr11:22842333:-,-0.940416076971311,0.421193209378207,0.586248900696326,NC,NS
SVIP,chr11:22843166:-,1.31554672850433,0.295948461727822,0.485858709435757,NC,NS
SVIP,chr11:22843270:-,0.244371584298538,0.353138851422076,0.5460562052336,NC,NS
SVIP,chr11:22843295:-,0.244717568830041,0.282886507980497,0.471412927340102,NC,NS
SVIP,chr11:22843349:-,0.431926811457319,0.336468110574306,0.529684188306235,NC,NS
SVIP,chr11:22843602:-,-0.0337172519673028,0.981214333943773,0.989552113776249,NC,NS
SVIP,chr11:22843865:-,0.383813276443596,0.386642519852357,0.55762508717432,NC,NS
SVIP,chr11:22843897:-,1.17833533538917,0.240701199197299,0.424366679454368,NC,NS
SVIP,chr11:22843946:-,1.10882824942722,0.173055971154968,0.349555558114151,NC,NS
SVIP,chr11:22843992:-,1.20925116282023,0.171661557541577,0.34813072908081,NC,NS
SVIP,chr11:22844209:-,0.85716460249195,0.083537579725889,0.208523535376103,NC,NS
SVIP,chr11:22844284:-,0.673821448985983,0.226037920058085,0.405528820643281,NC,NS
SVIP,chr11:22844310:-,0.677901821288884,0.237526628419952,0.420445461582935,NC,NS
SVIP,chr11:22844340:-,0.748842851921341,0.146700754369932,0.314192724808137,NC,NS
SVIP,chr11:22844460:-,0.939215072067246,0.0379832708483194,0.120643992133109,UP,NS
SVIP,chr11:22844501:-,0.935014877973914,0.0356587910796341,0.115191587306974,UP,NS
SYN1,chrX:47449356:-,2.75529224934253,0.182450277041823,0.36107907192559,NC,NS
SYN3,chr22:33007260:-,-3.69685302338336,0.158807621953476,0.330379601721084,NC,NS
SYN3,chr22:33157714:-,-0.275440750296151,0.760028402376469,0.857699349966707,NC,NS
SYN3,chr22:33239069:-,-0.468109834006558,0.102899247724615,0.240493630849173,NC,NS
SYN3,chr22:33419483:-,4.18528634438742,0.303421927439868,0.494457836209777,NC,NS
SYN3,chr22:33420724:-,3.19534288768188,0.183083662004986,0.361413833394021,NC,NS
SYNC,chr1:33150201:-,-0.902080621944143,0.391002218955771,0.55762508717432,NC,NS
SYNCRIP,chr6:86323102:-,-0.949037827117882,0.313792564935181,0.505433505784374,NC,NS
SYNCRIP,chr6:86323694:-,-0.420845714706879,0.28741365214467,0.476688595949132,NC,NS
SYNCRIP,chr6:86323824:-,-0.383364232443922,0.369154031694509,0.55762508717432,NC,NS
SYNCRIP,chr6:86323936:-,-0.343816660058181,0.404836906326262,0.571990820610799,NC,NS
SYNCRIP,chr6:86324247:-,-0.209467339574871,0.586955138792577,0.730840252140399,NC,NS
SYNCRIP,chr6:86324311:-,-0.107791897456275,0.766468721311983,0.862543200255345,NC,NS
SYNJ2BP-COX16,chr14:70833155:-,-1.7423501427975,0.000443416733824798,0.00443049973828189,DN,IPA suppression in Neurites
SYNJ2BP-COX16,chr14:70833222:-,-1.73916590466491,0.000440005387595455,0.00441456951760718,DN,IPA suppression in Neurites
SYNJ2BP-COX16,chr14:70834997:-,-1.65383688385269,0.000555359917046016,0.00518691239221864,DN,IPA suppression in Neurites
SYNJ2BP-COX16,chr14:70836495:-,-1.66049966799131,0.000773047745846233,0.00650804555586119,DN,IPA suppression in Neurites
SYNJ2BP-COX16,chr14:70837728:-,-1.65196967253945,0.00253937103099725,0.0157408655246275,DN,IPA suppression in Neurites
SYNJ2BP-COX16,chr14:70838065:-,-1.62827373329757,0.00415592477914414,0.0231912041001323,DN,IPA suppression in Neurites
SYNJ2BP-COX16,chr14:70839133:-,-1.81567242118246,0.000968385093503738,0.00767453072473809,DN,IPA suppression in Neurites
SYNJ2BP-COX16,chr14:70839514:-,-2.13639688854642,0.000473409908111743,0.00465376285428634,DN,IPA suppression in Neurites
SYNRG,chr17:35910602:-,-0.123971408593033,0.66594067356806,0.792737945754034,NC,NS
SYS1,chr20:43996042:+,0.754518893836334,0.0935461385101901,0.226578153305418,NC,NS
SYS1,chr20:43996105:+,0.736119609969423,0.0534630718414684,0.15604855707447,NC,NS
SYS1,chr20:43996535:+,0.610921514475865,0.0607678767344654,0.168779668576521,NC,NS
SYS1,chr20:43996754:+,0.187629000020799,0.536507300010044,0.690823007133544,NC,NS
SYS1,chr20:43997774:+,0.164246463755046,0.541429231356601,0.694777067452854,NC,NS
SYS1,chr20:43997849:+,0.142425581135224,0.615035261219065,0.754626416630652,NC,NS
SYS1,chr20:43999793:+,0.0568243968757463,0.849168714649907,0.913565104020882,NC,NS
SYT1,chr12:79323226:+,5.70825180765431,0.00825348391508772,0.0387475929691403,UP,IPA activation in Neurites
SYT1,chr12:79431265:+,0,,1,NC,NS
SYT1,chr12:79526481:+,-1.07035846753453,0.215731107098688,0.39242899706251,NC,NS
SYT14,chr1:210136924:+,2.60468630358164,0.197356962365228,0.371648211636688,NC,NS
SYT14,chr1:210181610:+,4.03871518212691,0.0108141470258359,0.0477077420015571,UP,IPA activation in Neurites
SYT14,chr1:210273891:+,0.757358759998349,0.0086140695257378,0.0400344434691883,UP,IPA activation in Neurites
SYT16,chr14:62531081:+,0.755066579395716,0.748911145233242,0.849464250047775,NC,NS
SYT2,chr1:202582197:-,-0.971876729847175,0.391002218955771,0.55762508717432,NC,NS
TACC1,chr8:38656414:+,-1.32319215568826,0.55133711582614,0.703594651353265,NC,NS
TADA2A,chr17:35813459:+,1.01935571557486,0.625014887652768,0.760901286794688,NC,NS
TAF12,chr1:28955263:-,-0.658831024016072,0.09491796864043,0.228544971623358,NC,NS
TAF1D,chr11:93465526:-,0.971947962686992,0.391002218955771,0.55762508717432,NC,NS
TAF1D,chr11:93466625:-,0,,1,NC,NS
TAF1D,chr11:93468321:-,1.99574784051936,0.391002218955771,0.55762508717432,NC,NS
TAF1D,chr11:93469250:-,-1.39490297806442,0.048517213281091,0.145282077226108,DN,NS
TAF1D,chr11:93470163:-,-0.651453960807127,0.0263268401860867,0.0927635078533657,DN,NS
TAGLN3,chr3:111725668:+,-1.73122379091841,0.0144867296378698,0.0595878498883132,DN,NS
TANC2,chr17:61315533:+,1.12562531377708,8.41350474365767e-05,0.00159300054796258,UP,IPA activation in Neurites
TAOK1,chr17:27857733:+,1.45625151281052,9.70746970454959e-05,0.00172349512670277,UP,IPA activation in Neurites
TAOK3,chr12:118588472:-,0.431329747587596,0.169200343295407,0.344922023659594,NC,NS
TAOK3,chr12:118593265:-,-0.810895578511738,0.188475586762542,0.363821378353169,NC,NS
TAOK3,chr12:118615005:-,1.44797721945054,0.00176747430101259,0.0119784539675867,UP,IPA activation in Neurites
TARSL2,chr15:102241195:-,1.18757666304241,0.0186885774589618,0.0716817531023111,UP,NS
TAX1BP1,chr7:27856678:+,0.544827333148162,0.0678556460674051,0.180377458049964,NC,NS
TAX1BP1,chr7:27862909:+,1.64029231385539,0.0402661455060459,0.125278173933772,UP,NS
TBC1D24,chr16:2532174:+,1.80823032730916,7.13957161056301e-05,0.00141224209174795,UP,IPA activation in Neurites
TBC1D5,chr3:17783940:-,1.88323023823275,0.00814610560637361,0.0386019607592706,UP,IPA activation in Neurites
TBC1D8,chr2:101627501:-,-2.31187934212216,0.198034047246259,0.372426784991006,NC,NS
TBC1D8,chr2:101634240:-,-6.23709034965268,0.0577361386280348,0.164583509410672,NC,NS
TBC1D8,chr2:101635003:-,-2.49013559268464,0.391002218955771,0.55762508717432,NC,NS
TBC1D8,chr2:101734337:-,3.84962346781985,0.293938643680111,0.483701535389726,NC,NS
TBCA,chr5:76989090:-,0.102938517389621,0.0119627679330929,0.0514196743009535,UP,NS
TBCA,chr5:77044986:-,5.32989215335812,0.000171019962788944,0.00233759308688483,UP,IPA activation in Neurites
TBCA,chr5:77050555:-,5.01459696332492,0.0001295872725547,0.00197671369357733,UP,IPA activation in Neurites
TBCA,chr5:77062985:-,-2.83683743689949,0.00029738650404382,0.00334199244498205,DN,IPA suppression in Neurites
TBCA,chr5:77065470:-,-2.23619170419465,0.00080805344593126,0.00668705453724747,DN,IPA suppression in Neurites
TBCA,chr5:77068618:-,-1.59006761391813,0.00121309354332734,0.00910943392257845,DN,IPA suppression in Neurites
TBCD,chr17:80815249:+,0.265220230609226,0.707635409951532,0.822391665828554,NC,NS
TBCE,chr1:235606319:+,2.77690821724957,0.000201738399292148,0.00254315816309739,UP,IPA activation in Neurites
TBCK,chr4:106995465:-,0,,1,NC,NS
TBCK,chr4:106996674:-,0,,1,NC,NS
TBCK,chr4:107114731:-,3.91524610133988,0.000346004279533206,0.00376657007652927,UP,IPA activation in Neurites
TCAIM,chr3:44401292:+,1.83566891144042,0.0700098391324884,0.184743968122933,NC,NS
TCAIM,chr3:44409243:+,3.48279563723231,1.03624128668801e-05,0.00045839546372944,UP,IPA activation in Neurites
TCEAL3,chrX:102863602:+,0.335195815113982,0.415744847891356,0.581158985877431,NC,NS
TCEAL4,chrX:102841220:+,-0.0760992873903392,0.72144605566047,0.832082604134592,NC,NS
TDP2,chr6:24663108:-,-0.932298130223909,0.179384951887598,0.35948068375079,NC,NS
TDRP,chr8:475799:-,4.44362830784446,3.02083941416952e-06,0.000222718251353771,UP,IPA activation in Neurites
TENM2,chr5:166985900:+,0,,1,NC,NS
TENM2,chr5:167234161:+,-1.48311637589377,0.166250243440609,0.341051300413999,NC,NS
TENM2,chr5:167358576:+,-1.36823486540815,0.0171842558989911,0.0675978894134928,DN,NS
TENM3,chr4:183184162:+,-0.631096046115316,0.617004417601011,0.7567436479842,NC,NS
TENM3,chr4:183309541:+,5.20418772386224,0.0104462317405271,0.0462523782069199,UP,IPA activation in Neurites
TENM4,chr11:79008979:-,-0.852718823149951,0.46449078871629,0.62523158447952,NC,NS
TENM4,chr11:79112510:-,-1.96267685494067,0.00763804910549579,0.0369295962175656,DN,IPA suppression in Neurites
TERF2,chr16:69402545:-,0.202398348563401,0.391002218955771,0.55762508717432,NC,NS
TERF2,chr16:69404289:-,2.85844389482955,0.00075775985759747,0.0064228693049467,UP,IPA activation in Neurites
TET1,chr10:70392557:+,4.55871872402943,0.00022084793694588,0.00268309929573385,UP,IPA activation in Neurites
TEX10,chr9:103078363:-,1.19500982996186,0.574674662469867,0.721643072923451,NC,NS
TFCP2,chr12:51549960:-,-2.22974277612068,0.345996497353359,0.539320299315313,NC,NS
TFRC,chr3:195780208:-,-0.149712754531893,0.493394562852669,0.651521829807622,NC,NS
THEM4,chr1:151861589:-,0.058575959567595,0.805195533897696,0.888051103342291,NC,NS
THRA,chr17:38248825:+,0.178875146490169,0.767785168570784,0.863611716037255,NC,NS
THRA,chr17:38248901:+,-0.814167922955411,0.657654641569629,0.786857016444016,NC,NS
THRA,chr17:38249255:+,0,,1,NC,NS
THRAP3,chr1:36762372:+,0.490155121579058,0.0205021086237269,0.076800046622829,UP,NS
THTPA,chr14:24006593:+,-0.986946025757867,0.593592396081381,0.736278511173082,NC,NS
THTPA,chr14:24013599:+,1.48427909694306,0.56313537094997,0.713041039563506,NC,NS
THUMPD3,chr3:9408670:+,1.17388601866061,0.00570830889000216,0.0297076268008027,UP,IPA activation in Neurites
TIA1,chr2:70443264:-,0.940113134259442,0.0547919891463751,0.158512377637492,NC,NS
TIA1,chr2:70451614:-,2.86840434004388,0.00054153416357228,0.00507727406540022,UP,IPA activation in Neurites
TIMP2,chr17:76866979:-,0.151625372667161,0.262782118294426,0.450925010688972,NC,NS
TJP1,chr15:30036894:-,0.00583955322463714,0.996074058906219,0.996644822496894,NC,NS
TLK1,chr2:171874158:-,-0.494177639010375,0.810213803131168,0.890558022596852,NC,NS
TLK1,chr2:171887980:-,2.42398161272346,0.186100616289341,0.362420360169629,NC,NS
TLK2,chr17:60636387:+,1.70741179686762,0.330537409810367,0.523395716282865,NC,NS
TLK2,chr17:60645467:+,3.25824513033972,0.0836922450862165,0.208523535376103,NC,NS
TLK2,chr17:60647919:+,0.0532150750528816,0.9231259368488,0.956170025337665,NC,NS
TMA7,chr3:48481869:+,-0.0154771055115552,0.904249191356876,0.945236641276597,NC,NS
TMCO3,chr13:114171872:+,-0.620258114692647,0.537664597965348,0.691938699300853,NC,NS
TMCO3,chr13:114172044:+,0.315365627948219,0.827761151969658,0.902548020562517,NC,NS
TMCO3,chr13:114174421:+,0.71924784651526,0.245587739686612,0.431107482436888,NC,NS
TMCO3,chr13:114188256:+,0,,1,NC,NS
TMCO3,chr13:114188613:+,3.40319066979687,5.69516431369497e-07,8.15078516189404e-05,UP,IPA activation in Neurites
TMED3,chr15:79615060:+,0.895737040767935,0.0259074018227217,0.0915507750685284,UP,NS
TMED3,chr15:79615182:+,0.918054457905465,0.023630880528203,0.0849359402500998,UP,NS
TMED3,chr15:79616072:+,0.911574596293301,0.0287061644584697,0.0985078958074145,UP,NS
TMED3,chr15:79616275:+,0.917779552099496,0.0281868863783849,0.0969310170439723,UP,NS
TMED4,chr7:44619496:-,1.39166321543009,0.264656238187634,0.452341852834923,NC,NS
TMED4,chr7:44619562:-,-0.305483482469311,0.566053788296814,0.714999947475946,NC,NS
TMED4,chr7:44619625:-,1.75716428172115,0.371835713056783,0.55762508717432,NC,NS
TMED4,chr7:44620200:-,2.31428307735107,0.1549125719005,0.325408492885666,NC,NS
TMED5,chr1:93621815:-,0.540936260949688,0.251971057235312,0.438830051720483,NC,NS
TMED5,chr1:93630881:-,-0.1993109812445,0.936792801023047,0.962507130443021,NC,NS
TMED8,chr14:77826750:-,2.87376389097963,0.217282948904176,0.394367336578784,NC,NS
TMEFF2,chr2:193036933:-,-0.559591190563344,0.0769331093037683,0.197758325341858,NC,NS
TMEM116,chr12:112432381:-,1.39590177360372,0.170609837195081,0.34679941150059,NC,NS
TMEM131,chr2:98597073:-,-1.37460608836645,0.532884611526836,0.68760047935352,NC,NS
TMEM163,chr2:135271955:-,-4.05324378574104,0.165506295622418,0.340242346640762,NC,NS
TMEM163,chr2:135405661:-,1.66548070532573,0.0316290951262562,0.105632928541086,UP,NS
TMEM169,chr2:216951314:+,-0.0463583351203485,0.90807876005364,0.948017860206181,NC,NS
TMEM169,chr2:216953617:+,0.204329672818683,0.618357287406057,0.757541984498979,NC,NS
TMEM169,chr2:216954710:+,-0.0540634725667197,0.860189313831646,0.920132161157351,NC,NS
TMEM169,chr2:216956461:+,-0.0495779426564953,0.898563188831414,0.942762274394352,NC,NS
TMEM175,chr4:938453:+,1.01354389148431,0.506874958247945,0.663929107865062,NC,NS
TMEM178B,chr7:140945010:+,0.199497241671137,0.852545898017097,0.915463919399156,NC,NS
TMEM178B,chr7:141167984:+,-1.73108915786779,0.484170712878922,0.642172090167092,NC,NS
TMEM181,chr6:159034332:+,-1.08459162424763,0.656132948434554,0.786196239123993,NC,NS
TMEM181,chr6:159041134:+,4.63515770963296,0.0832351587736516,0.207916982850405,NC,NS
TMEM189-UBE2V1,chr20:48704881:-,5.92957543224694,0.11651691441714,0.263830295743975,NC,NS
TMEM189-UBE2V1,chr20:48705597:-,4.57661097913027,0.179518713833625,0.35948068375079,NC,NS
TMEM189-UBE2V1,chr20:48713121:-,0.119096025758577,0.478088692760915,0.636666551443517,NC,NS
TMEM189-UBE2V1,chr20:48713169:-,0.120899893975946,0.473196982636215,0.633620395571773,NC,NS
TMEM189-UBE2V1,chr20:48730661:-,-0.895380455572549,0.695577216043231,0.813820325382632,NC,NS
TMEM189-UBE2V1,chr20:48732232:-,-0.455985192936341,0.813658119692033,0.892529398201405,NC,NS
TMEM189-UBE2V1,chr20:48732348:-,-0.471524713469915,0.807097464398543,0.889027637130962,NC,NS
TMEM189-UBE2V1,chr20:48732375:-,-0.466631111213983,0.808568165693392,0.889754114487572,NC,NS
TMEM189-UBE2V1,chr20:48734791:-,-2.150899564071,0.013519566023576,0.0561811774604417,DN,NS
TMEM189-UBE2V1,chr20:48740307:-,-2.70107312018866,0.0367811325408396,0.117980877352489,DN,NS
TMEM189-UBE2V1,chr20:48740469:-,-0.335835695080228,0.857968416258525,0.918564205393616,NC,NS
TMEM189-UBE2V1,chr20:48740705:-,-0.367743218828818,0.846251500182177,0.911837865342443,NC,NS
TMEM189-UBE2V1,chr20:48740780:-,-0.382014842263196,0.842526502412563,0.910067836786928,NC,NS
TMEM189-UBE2V1,chr20:48740810:-,-0.353922482619453,0.852786535553265,0.915463919399156,NC,NS
TMEM189-UBE2V1,chr20:48741425:-,-0.94687958525323,0.705291027858892,0.820647092673689,NC,NS
TMEM232,chr5:109884111:-,-2.1878375530762,0.00144281065746386,0.0104010617173617,DN,IPA suppression in Neurites
TMEM232,chr5:109887282:-,-2.51799669673201,0.000790705439660971,0.00658830936539432,DN,IPA suppression in Neurites
TMEM232,chr5:109887617:-,-2.52841071706312,0.000980901317206051,0.0077109302254033,DN,IPA suppression in Neurites
TMEM41B,chr11:9302710:-,0.140057391288684,0.737926659762483,0.842930667308113,NC,NS
TMEM41B,chr11:9302797:-,0.195293319195594,0.422402357267384,0.586924577516587,NC,NS
TMEM41B,chr11:9302925:-,0,,1,NC,NS
TMEM41B,chr11:9302951:-,0,,1,NC,NS
TMEM41B,chr11:9303025:-,0,,1,NC,NS
TMEM41B,chr11:9303203:-,-0.707568648301042,0.391002218955771,0.55762508717432,NC,NS
TMEM56-RWDD3,chr1:95657533:+,-3.51453741651133,0.00788214281332111,0.0377504989464769,DN,IPA suppression in Neurites
TMEM56-RWDD3,chr1:95657994:+,-3.57094781180297,0.0103449103603971,0.0460552001955098,DN,IPA suppression in Neurites
TMEM56-RWDD3,chr1:95658874:+,0.335792419202329,0.875629967985048,0.9304072506917,NC,NS
TMEM56-RWDD3,chr1:95658940:+,3.312810123807,0.262289685924234,0.450925010688972,NC,NS
TMEM56-RWDD3,chr1:95659493:+,2.61492740816131,0.00719201655745776,0.0353498510793833,UP,IPA activation in Neurites
TMEM56-RWDD3,chr1:95660505:+,2.28816148619184,0.0177590776628302,0.0691878878361344,UP,NS
TMEM56-RWDD3,chr1:95660928:+,2.34572464664421,0.0151707817109269,0.0614662979228726,UP,NS
TMEM56-RWDD3,chr1:95660956:+,2.34337284732372,0.0159184829776657,0.0638050561526533,UP,NS
TMEM56-RWDD3,chr1:95661015:+,2.37691961105071,0.0163142705951208,0.0648572228070732,UP,NS
TMEM56-RWDD3,chr1:95662888:+,1.94608916060902,0.0193171323378166,0.0734927020764781,UP,NS
TMEM56-RWDD3,chr1:95663163:+,2.04248035259354,0.0169676201925319,0.0670165907929061,UP,NS
TMEM56-RWDD3,chr1:95674204:+,0.839652066865892,0.307192433674099,0.499431467510246,NC,NS
TMOD2,chr15:52075076:+,0.616535116544716,0.00710646763844986,0.0350710664591248,UP,IPA activation in Neurites
TMPO,chr12:98925617:+,0.351505067611164,0.409491197929592,0.575392483143343,NC,NS
TMTC1,chr12:29677249:-,-0.207060268096486,0.915971073202913,0.951764946018658,NC,NS
TMTC1,chr12:29680047:-,1.40357154506035,0.280064681284767,0.468958960472015,NC,NS
TMTC1,chr12:29681209:-,1.72381537600094,0.33714548736618,0.530235921630198,NC,NS
TMTC2,chr12:83211338:+,0.232090680339103,0.815270254290799,0.893894785349037,NC,NS
TMTC2,chr12:83251351:+,4.28444794763926,0.000135375138671089,0.00203313402707876,UP,IPA activation in Neurites
TMTC4,chr13:101271953:-,2.9112976430503,0.195955717946332,0.37007286568766,NC,NS
TMTC4,chr13:101277707:-,0.657339721916532,0.20678672820027,0.380568918087184,NC,NS
TMX4,chr20:7980323:-,0.403625517628508,0.199856833768988,0.374183667995343,NC,NS
TNFAIP8L2-SCNM1,chr1:151138679:+,0,,1,NC,NS
TNIK,chr3:171158979:-,-0.548017335312836,0.560333167844965,0.709995653712975,NC,NS
TNKS,chr8:9457312:+,1.58354008960152,0.462037607290337,0.622618387448014,NC,NS
TNRC6A,chr16:24677990:+,0.631388322808803,0.881606856043419,0.933195336416636,NC,NS
TNRC6A,chr16:24775134:+,0.0350292578804943,0.940555773594352,0.964563388181049,NC,NS
TNRC6B,chr22:40466224:+,6.51438474729755,0.0584990137478008,0.165507112721722,NC,NS
TNRC6C,chr17:76021628:+,0,,1,NC,NS
TOMM70,chr3:100096495:-,0.551542160249619,0.149919619403895,0.318950273377926,NC,NS
TOP1,chr20:39726062:+,3.8522658610468,2.95615451849227e-07,6.25419473347103e-05,UP,IPA activation in Neurites
TOP2B,chr3:25646250:-,0.592241342359769,0.246458654115973,0.432168580514711,NC,NS
TOR1AIP2,chr1:179826957:-,-0.284048877746125,0.204703629123252,0.378740630917773,NC,NS
TOR1AIP2,chr1:179827323:-,-0.289234139850588,0.186423789869417,0.362420360169629,NC,NS
TOR1AIP2,chr1:179828153:-,-0.376147675519048,0.0698357548141996,0.184384581077534,NC,NS
TOR1AIP2,chr1:179828183:-,-0.382048847409423,0.0753134034405917,0.195349158391215,NC,NS
TOR1AIP2,chr1:179828325:-,-0.405881380594212,0.0808948223960449,0.204756521625115,NC,NS
TOR1AIP2,chr1:179831576:-,-0.353378570390207,0.20454333736295,0.378658159745888,NC,NS
TOR1AIP2,chr1:179834160:-,-0.449070258267717,0.151291970692943,0.320359760396806,NC,NS
TOR1AIP2,chr1:179834192:-,-0.376324755779914,0.212098055523062,0.387551826126026,NC,NS
TOX3,chr16:52560001:-,0.219066689326643,0.902643933250256,0.944296531065284,NC,NS
TPD52,chr8:80998328:-,-3.28847604736298,0.146128270081815,0.313242362210622,NC,NS
TPGS2,chr18:34373567:-,2.84234527513934,0.000163419472697225,0.00227850760499913,UP,IPA activation in Neurites
TPGS2,chr18:34374075:-,2.8320118454243,0.000164678206513656,0.00228949757970129,UP,IPA activation in Neurites
TPGS2,chr18:34374935:-,2.85738468296228,0.000158151710860435,0.00223711111932231,UP,IPA activation in Neurites
TPGS2,chr18:34376008:-,2.84382310507198,0.000142890331338536,0.00209687445459241,UP,IPA activation in Neurites
TPGS2,chr18:34376034:-,2.84514784169429,0.000142157885201812,0.00209687445459241,UP,IPA activation in Neurites
TPGS2,chr18:34376074:-,2.84382166007875,0.000143565538454374,0.00209687445459241,UP,IPA activation in Neurites
TPGS2,chr18:34376123:-,2.84334076197681,0.000143928497294259,0.00209687445459241,UP,IPA activation in Neurites
TPGS2,chr18:34376344:-,2.85698261847008,0.000128869095763309,0.00197274951054952,UP,IPA activation in Neurites
TPM1,chr15:63362745:+,-0.835369879999354,0.182740591694238,0.36107907192559,NC,NS
TPM1,chr15:63362836:+,-1.65139260649501,0.0615975157048391,0.170303131488493,NC,NS
TPM3,chr1:154131088:-,-0.087223200126099,0.706615177762694,0.821598436079634,NC,NS
TPRKB,chr2:73959233:-,1.06323684599417,0.00159324013156021,0.0111545558453955,UP,IPA activation in Neurites
TPRKB,chr2:73959272:-,1.06953818359972,0.00178751753815178,0.0120471749870451,UP,IPA activation in Neurites
TPT1,chr13:45912752:-,0.545505186243648,0.000109688489131921,0.00180092372665062,UP,IPA activation in Neurites
TRAK1,chr3:42148426:+,1.7911677527184,0.311190662529716,0.503074340156012,NC,NS
TRAK1,chr3:42148489:+,1.80232774574191,0.311058289767079,0.503027463611368,NC,NS
TRAM1,chr8:71506740:-,0.890680327784587,0.247970900152585,0.434194458489556,NC,NS
TRAPPC8,chr18:29490530:-,-2.13896627661395,0.280963839016376,0.469594638654396,NC,NS
TRAPPC9,chr8:140832867:-,-0.97675101431133,0.589229088388452,0.732921458102813,NC,NS
TRAPPC9,chr8:140852191:-,1.56909704201173,0.360245270363709,0.552285282164401,NC,NS
TRAPPC9,chr8:141093369:-,-1.25278091633489,0.0236515000079912,0.0849359402500998,DN,NS
TRAPPC9,chr8:141102979:-,-1.73216086796504,0.0149044511669561,0.0605890220370999,DN,NS
TRAPPC9,chr8:141104993:-,-1.67943497059772,0.0108246150091936,0.0477106672416086,DN,IPA suppression in Neurites
TRAPPC9,chr8:141105065:-,-1.70615373209681,0.00918122188401515,0.0420676324742163,DN,IPA suppression in Neurites
TRAPPC9,chr8:141186232:-,-0.191695834024852,0.843161277997734,0.910120403446533,NC,NS
TRERF1,chr6:42279703:-,1.18371479965285,0.212173872749637,0.387551826126026,NC,NS
TRIM33,chr1:114947957:-,1.24206632443008,0.0135277393496728,0.0561811774604417,UP,NS
TRIM37,chr17:57062130:-,0,,1,NC,NS
TRIM37,chr17:57075563:-,0.0653067178032356,0.766121669998598,0.862352081011607,NC,NS
TRIM37,chr17:57075700:-,0.0781276566787732,0.722232004836415,0.832594393635156,NC,NS
TRIM37,chr17:57076053:-,0.0545651604740329,0.783859677294773,0.874429433680964,NC,NS
TRIM44,chr11:35772496:+,1.72196201105202,0.439241578388919,0.602239932499431,NC,NS
TRIM9,chr14:51451489:-,0.895885249037484,0.486800381036787,0.645090047419663,NC,NS
TRIM9,chr14:51462782:-,-0.445861397530269,0.560386512472706,0.709995653712975,NC,NS
TRIM9,chr14:51500466:-,1.07971534073521,0.719644652200035,0.830989766873605,NC,NS
TRIO,chr5:14401176:+,0.391294779042221,0.12831413548118,0.284438682660015,NC,NS
TRIO,chr5:14489254:+,0.162185050019959,0.510179679685895,0.666810185697439,NC,NS
TRIOBP,chr22:38126031:+,2.08046915687096,0.230814927289751,0.410956983604804,NC,NS
TRIOBP,chr22:38128869:+,-0.173419613780685,0.809155075858146,0.889796293587738,NC,NS
TRIOBP,chr22:38128928:+,0.422844661650122,0.0257255710474793,0.091173072627119,UP,NS
TRMT11,chr6:126370556:+,-0.152993000063082,0.391002218955771,0.55762508717432,NC,NS
TRNT1,chr3:3182408:+,3.25044059539414,1.53065824291468e-05,0.000546677633455941,UP,IPA activation in Neurites
TRPC1,chr3:142505084:+,0.928430935766069,0.488089933145272,0.646321124997358,NC,NS
TRPC1,chr3:142511835:+,3.77182647974528,0.00123536981165098,0.00920568070979125,UP,IPA activation in Neurites
TRPS1,chr8:116545664:-,0.396264606895503,0.69895513975843,0.816398436054785,NC,NS
TRRAP,chr7:98479507:+,0.870447537007905,0.0479209485730061,0.143762845719018,UP,NS
TSC1,chr9:135786386:-,1.56144899707097,0.000211682218840878,0.0026276675430605,UP,IPA activation in Neurites
TSC22D1,chr13:45008540:-,0.0406458723880875,0.907272995177571,0.947963739639822,NC,NS
TSC22D1,chr13:45008592:-,0.0631416772780791,0.820518524767332,0.89742484637398,NC,NS
TSPAN18,chr11:44828786:+,1.07353949437182,0.714022312109564,0.826458746604457,NC,NS
TSPAN3,chr15:77356378:-,-0.122128579944331,0.791902571991327,0.878579494847349,NC,NS
TSPAN3,chr15:77357316:-,-0.0981980609359385,0.790337952079982,0.878101907025134,NC,NS
TSPAN3,chr15:77359864:-,-0.142506115377894,0.557653610949857,0.70831179088541,NC,NS
TSPAN3,chr15:77359996:-,-0.105820338401412,0.650106192332371,0.781558278864413,NC,NS
TSPAN9,chr12:3269067:+,-1.17451918655533,0.391002218955771,0.55762508717432,NC,NS
TSPAN9,chr12:3278142:+,-2.2544233045717,0.189774273503536,0.36523581628339,NC,NS
TTBK1,chr6:43240369:+,-0.00513657902814158,0.99342150892664,0.995467269859356,NC,NS
TTBK1,chr6:43240396:+,-0.0223945337096546,0.971567197475769,0.982436108537001,NC,NS
TTBK1,chr6:43240931:+,0.0337700841413934,0.950886717639094,0.970430949671106,NC,NS
TTBK1,chr6:43244401:+,-0.115160080980781,0.788479097807809,0.87757074335151,NC,NS
TTBK2,chr15:43069182:-,1.61673214506907,0.000976448648090689,0.00770080894912365,UP,IPA activation in Neurites
TTBK2,chr15:43092923:-,-1.81692323248397,0.361150642370352,0.553324630281528,NC,NS
TTC1,chr5:159438407:+,0.916486423529213,0.00974765544922954,0.0439168980479627,UP,IPA activation in Neurites
TTC17,chr11:43423172:+,1.22218814050395,0.0487183459888675,0.145616383035522,UP,NS
TTC17,chr11:43455515:+,3.67187995539665,0.0298440683866331,0.101482345750773,UP,NS
TTC19,chr17:15918672:+,-1.03048270671146,0.0486457204055413,0.145488675779572,DN,NS
TTC23L,chr5:34894699:+,-0.315991787451428,0.703642161794656,0.819316286023641,NC,NS
TTC28,chr22:28896007:-,0,,1,NC,NS
TTC3,chr21:38473464:+,0,,1,NC,NS
TTC3,chr21:38525625:+,0.378978011384045,0.00841772527458904,0.0393096460519676,UP,IPA activation in Neurites
TTC39C,chr18:21600252:+,2.89071824762912,0.000150235031546605,0.00215012842207582,UP,IPA activation in Neurites
TTC39C,chr18:21605535:+,2.75785365162623,0.00111427465854229,0.00852525234035661,UP,IPA activation in Neurites
TTC39C,chr18:21663093:+,3.64400338831765,0.00010001472536405,0.00172578600574989,UP,IPA activation in Neurites
TTC7B,chr14:91026140:-,0.701514725569567,0.667345320103402,0.7930019852123,NC,NS
TTC7B,chr14:91179308:-,-0.920610382764741,0.0574428803215695,0.163939622079036,NC,NS
TTL,chr2:113241807:+,-0.0297706859231457,0.913352220514846,0.950790883783304,NC,NS
TTL,chr2:113242520:+,0.223586732644079,0.594381159817877,0.73650591384614,NC,NS
TTL,chr2:113242870:+,-0.0504649037214375,0.965104286510405,0.978578340937618,NC,NS
TTLL11,chr9:124646900:-,-0.527089343751239,0.521047747330369,0.677738128444152,NC,NS
TTLL11,chr9:124749312:-,1.1991895187681,0.0491391434029505,0.146155911857431,UP,NS
TUBA1A,chr12:49580048:-,0.2840600380933,0.0223033323743321,0.0817229031125753,UP,NS
TULP4,chr6:158844637:+,-1.26959464517735,0.023421782595621,0.0845787494467938,DN,NS
TULP4,chr6:158900633:+,-1.7763610106901,0.186233866773797,0.362420360169629,NC,NS
TUSC3,chr8:15556814:+,1.21600100347794,0.666784411211791,0.7930019852123,NC,NS
TUSC3,chr8:15604881:+,3.24062252606489,0.18495492681205,0.362420360169629,NC,NS
TUSC3,chr8:15606058:+,1.15195183309001,0.000419427371248793,0.00428767560608535,UP,IPA activation in Neurites
TUSC3,chr8:15610789:+,-0.826567967161408,0.598863611073458,0.740551545484992,NC,NS
TUSC3,chr8:15618176:+,0.193035298761924,0.624077326567577,0.760140243073299,NC,NS
TVP23A,chr16:10860533:-,-0.190479121466225,0.78333716296616,0.874247393347095,NC,NS
TVP23C-CDRT4,chr17:15373623:-,-0.316309410500975,0.834177154629242,0.905871911476658,NC,NS
TVP23C-CDRT4,chr17:15385944:-,0.87543805347957,0.481134665986298,0.639323125256507,NC,NS
TVP23C-CDRT4,chr17:15386164:-,0.833137562291195,0.508061327294701,0.664576994251617,NC,NS
TVP23C-CDRT4,chr17:15408430:-,-0.399136166047947,0.363290056391799,0.555144518097211,NC,NS
TVP23C-CDRT4,chr17:15425602:-,0.164010271599833,0.683212677463714,0.805161755519117,NC,NS
TVP23C-CDRT4,chr17:15442040:-,1.71713966263734,0.254042039733521,0.440701805826494,NC,NS
TXLNG,chrX:16837001:+,2.22057424846374,0.000118164857225043,0.00187293223210769,UP,IPA activation in Neurites
TXNDC16,chr14:52958064:-,0,,1,NC,NS
TXNL4A,chr18:77769612:-,2.13806318482813,0.258254902909122,0.445943349026184,NC,NS
TXNRD1,chr12:104659415:+,5.0940304567083,3.64652201133039e-07,6.40482010851583e-05,UP,IPA activation in Neurites
TXNRD1,chr12:104659458:+,5.10178545424746,2.93785299789985e-07,6.25419473347103e-05,UP,IPA activation in Neurites
TXNRD1,chr12:104659690:+,5.10946158441582,1.54151568625474e-07,4.30312079419578e-05,UP,IPA activation in Neurites
TXNRD1,chr12:104698983:+,1.97553588509584,0.115780891336983,0.262530203749188,NC,NS
TYW1,chr7:66692916:+,1.2750041489518,0.582563488297511,0.72779305110544,NC,NS
U2AF1,chr21:44524424:-,0.636073612463212,0.253904804790351,0.440701805826494,NC,NS
U2AF1L5,chr21:44524424:-,0.636073612463212,0.253904804790351,0.440701805826494,NC,NS
U2SURP,chr3:142741505:+,0.368015881084302,0.107356394727457,0.247657912256596,NC,NS
UBA52,chr19:18684537:+,0.805756404085291,0.000359944992275134,0.00386642898986932,UP,IPA activation in Neurites
UBAP2,chr9:33956732:-,4.98542419456008,0.000493674031602778,0.00477578098962052,UP,IPA activation in Neurites
UBE2D3,chr4:103736104:-,2.59679739414337,0.194871447206868,0.369254074029836,NC,NS
UBE2E2,chr3:23269600:+,0,,1,NC,NS
UBE2E2,chr3:23315453:+,0.492170149093821,0.21169932047861,0.387120967098428,NC,NS
UBE2E2,chr3:23388195:+,7.93657675689714,0.00668385179270796,0.0336256807478705,UP,IPA activation in Neurites
UBE2E2,chr3:23388275:+,7.93035792979399,0.00658030198085045,0.0332155077166165,UP,IPA activation in Neurites
UBE2E2,chr3:23461260:+,1.09444282327996,0.0541683804917251,0.157370250650741,NC,NS
UBE2E3,chr2:181864773:+,0,,1,NC,NS
UBE2G2,chr21:46213534:-,0.798873362101493,0.0164708163653816,0.0653727507617836,UP,NS
UBE2G2,chr21:46216453:-,1.17741641655366,0.00452548849456271,0.0248825164006126,UP,IPA activation in Neurites
UBE2G2,chr21:46219902:-,1.62278558424839,0.0281700113390715,0.0969310170439723,UP,NS
UBE2J1,chr6:90044985:-,0.19934854387553,0.270221222705192,0.457514429256599,NC,NS
UBE2K,chr4:39769399:+,6.20631671738192,0.000175837758133576,0.00237015659578388,UP,IPA activation in Neurites
UBE2O,chr17:74413491:-,0.121846131267063,0.901534545159395,0.944255649731368,NC,NS
UBE2O,chr17:74430857:-,3.49627720724833,0.0617571998866878,0.170441057446398,NC,NS
UBE2QL1,chr5:6453705:+,-1.59831290023493,0.000847312212019115,0.00688317399613525,DN,IPA suppression in Neurites
UBE2QL1,chr5:6488585:+,3.42861429138843,0.227794682302853,0.407368219068608,NC,NS
UBE2R2,chr9:33900618:+,3.66993797880491,0.00717693266114452,0.0353471197663252,UP,IPA activation in Neurites
UBE2V1,chr20:48704881:-,3.98101583107864,0.297803246143686,0.48824480988382,NC,NS
UBE2V1,chr20:48705597:-,4.84650649764739,0.142748667911616,0.307762521724257,NC,NS
UBE3A,chr15:25593058:-,0,,1,NC,NS
UBE3A,chr15:25594392:-,0,,1,NC,NS
UBE3C,chr7:157000729:+,2.57284170959894,5.00478301391342e-06,0.000278331452892136,UP,IPA activation in Neurites
UBE3C,chr7:157009677:+,2.71498684097162,9.82294256601735e-05,0.00172349512670277,UP,IPA activation in Neurites
UBE3C,chr7:157009730:+,2.72005043099509,0.000107055954770966,0.00179015215091245,UP,IPA activation in Neurites
UBE3C,chr7:157024061:+,1.85372126962246,0.000358804096728314,0.00386270074044242,UP,IPA activation in Neurites
UBE4B,chr1:10110590:+,1.00053119122086,0.408465526584817,0.574448916867549,NC,NS
UBE4B,chr1:10125958:+,0.119378928741313,0.964929765042733,0.978578340937618,NC,NS
UBL5,chr19:9939637:+,0.488459709348966,0.00391870844565161,0.0221468470343098,UP,IPA activation in Neurites
UBP1,chr3:33450081:-,2.64059172804847,2.84807938038792e-05,0.000761470014558659,UP,IPA activation in Neurites
UBQLN1,chr9:86292568:-,1.27385400238899,0.000831177897073625,0.00679749856665589,UP,IPA activation in Neurites
UBR1,chr15:43307861:-,3.42697297744553,1.03656700474904e-06,0.000119861178915763,UP,IPA activation in Neurites
UBR5,chr8:103282186:-,0.87986335870218,0.0392416998147535,0.123352785076609,UP,NS
UBXN2A,chr2:24211515:+,-1.12262824457607,0.00211985552623049,0.0135726539350495,DN,IPA suppression in Neurites
UCK2,chr1:165850443:+,1.88531444705639,0.253253090860489,0.440432287393545,NC,NS
UFD1,chr22:19455359:-,-0.0716850975837939,0.864490154068095,0.923109302105629,NC,NS
UGP2,chr2:64102435:+,1.03530541513811,0.495265039150633,0.653105604473436,NC,NS
UHRF1BP1L,chr12:100451348:-,1.00623155398643,0.00164985659217831,0.0113736676159861,UP,IPA activation in Neurites
ULK2,chr17:19677465:-,0.0147111874707381,0.932158842488653,0.96091935309285,NC,NS
ULK2,chr17:19677620:-,0.0013992411481486,0.99395775286512,0.99559457090195,NC,NS
ULK2,chr17:19678059:-,-0.0938428239384302,0.789071522430378,0.878029276960032,NC,NS
ULK2,chr17:19678121:-,-0.086735781891563,0.790570675896461,0.878101907025134,NC,NS
ULK2,chr17:19678179:-,-0.137338969761504,0.720622539314301,0.831423353590417,NC,NS
ULK2,chr17:19678419:-,-0.0149702880153593,0.964087774086052,0.978408134294602,NC,NS
UMPS,chr3:124461196:+,2.09804756149547,1.98191129392179e-05,0.000587899230631873,UP,IPA activation in Neurites
UNC13B,chr9:35349363:+,0,,1,NC,NS
UNC13C,chr15:54426925:+,-5.43976874108544,5.46144855715002e-05,0.00119709048104018,DN,IPA suppression in Neurites
UNC5C,chr4:96249192:-,-0.492099808708799,0.684844725167258,0.806381696093101,NC,NS
UNC5C,chr4:96442376:-,-2.1443778491015,0.0112270545830639,0.0491284600730115,DN,IPA suppression in Neurites
UNC5D,chr8:35166381:+,-1.63892219333254,0.480922179923281,0.639323125256507,NC,NS
UNC5D,chr8:35192771:+,1.22430863982624,0.440339485651199,0.603235342674194,NC,NS
UNC5D,chr8:35367850:+,3.46761539728746,0.0763499834273265,0.196880380828691,NC,NS
UPF3A,chr13:115062445:+,-2.86720204773771,0.206283439869815,0.380073918366725,NC,NS
UPF3A,chr13:115067526:+,0.735382820468996,0.0227986430424501,0.0832244538968959,UP,NS
UQCRB,chr8:97243759:-,0,,1,NC,NS
UQCRB,chr8:97243843:-,-0.278025581709182,0.870586305758174,0.926974390332446,NC,NS
UQCRB,chr8:97243872:-,2.35234046863241,0.00834901389194536,0.0391013489876864,UP,IPA activation in Neurites
UQCRB,chr8:97244001:-,0.7506946926687,2.14630218541486e-05,0.000614347437307571,UP,IPA activation in Neurites
UQCRC2,chr16:21976854:+,-0.0619867889790946,0.59166561766092,0.734637636013789,NC,NS
UQCRC2,chr16:21976886:+,-0.0605549324309571,0.599810983489896,0.741346265090636,NC,NS
UQCRC2,chr16:21987565:+,0.588130524837574,0.011455749149302,0.0497375513902716,UP,IPA activation in Neurites
URGCP-MRPS24,chr7:43913246:-,-3.22815734275848,0.0154996166746405,0.0624471605841072,DN,NS
URGCP-MRPS24,chr7:43915512:-,-2.88523972485672,0.000728249460595972,0.00624984457717813,DN,IPA suppression in Neurites
URI1,chr19:30503773:+,4.34246627413672,8.35574421158591e-05,0.00159300054796258,UP,IPA activation in Neurites
URI1,chr19:30505135:+,1.83446687667191,0.0204665356632789,0.0767258571167298,UP,NS
URI1,chr19:30506315:+,0.790533606726157,0.495949585641334,0.653654031346352,NC,NS
USF3,chr3:113370351:-,0.679630124421012,0.00949241750330269,0.0430171463443125,UP,IPA activation in Neurites
USF3,chr3:113372620:-,0.604757420002274,0.00560175629082853,0.0293484477533148,UP,IPA activation in Neurites
USF3,chr3:113373592:-,0.656853954176294,0.000975389019466287,0.00770080894912365,UP,IPA activation in Neurites
USF3,chr3:113374274:-,0.786142128268972,0.00270938832125021,0.0166043873692739,UP,IPA activation in Neurites
USO1,chr4:76725426:+,1.7922699728619,0.0162324961328536,0.0647437099856275,UP,NS
USP10,chr16:84788352:+,2.02815599866857,0.523264366253882,0.679674473029037,NC,NS
USP10,chr16:84792405:+,0,,1,NC,NS
USP13,chr3:179378392:+,-0.935723769958603,0.450883196184741,0.613323568822606,NC,NS
USP32,chr17:58443105:-,-0.411407598966591,0.530228929360969,0.685283923046607,NC,NS
USP33,chr1:78172872:-,1.24380692108598,0.392243946074056,0.558488514067136,NC,NS
USP33,chr1:78173331:-,1.64605841655879,0.325074406888082,0.516529305239325,NC,NS
USP33,chr1:78177337:-,2.9999680411024,1.9913261924319e-06,0.000173032022363815,UP,IPA activation in Neurites
USP45,chr6:99930585:-,3.44707401055037,1.74560631317686e-05,0.000546677633455941,UP,IPA activation in Neurites
USP47,chr11:11964697:+,0.0678591890423981,0.336843549133596,0.529932334330449,NC,NS
USP6NL,chr10:11601245:-,1.78712908847224,0.00073764468470647,0.00630822326147923,UP,IPA activation in Neurites
USP6NL,chr10:11601513:-,1.75727729360096,0.000677810691319243,0.00597007358379456,UP,IPA activation in Neurites
USP7,chr16:8996224:-,0.441661444723452,0.0880233615179671,0.216871735264014,NC,NS
UTP4,chr16:69201165:+,0.788373968955422,0.0341871859310673,0.111423206122286,UP,NS
UTRN,chr6:145133281:+,0.900223429309358,0.353264474738055,0.5460562052336,NC,NS
UVRAG,chr11:75743020:+,1.19863702956317,0.441950620050485,0.604761450271558,NC,NS
VAMP4,chr1:171672160:-,1.02634654347051,0.147235328875583,0.315060294770707,NC,NS
VAMP4,chr1:171672329:-,0.344067882766762,0.477467742890659,0.636059215678363,NC,NS
VAPA,chr18:9936728:+,0,,1,NC,NS
VAPB,chr20:57016140:+,2.55756326839361,2.40030342750717e-05,0.000663629345355107,UP,IPA activation in Neurites
VASH2,chr1:213130136:+,-2.67095508531449,0.307450276936916,0.499683716624928,NC,NS
VAT1,chr17:41169857:-,-0.139049461681395,0.507313362688559,0.664282847615056,NC,NS
VAT1L,chr16:77927031:+,-0.0657734440159095,0.940498991425131,0.964563388181049,NC,NS
VCL,chr10:75793873:+,2.46339894746919,0.182567202130065,0.36107907192559,NC,NS
VEZT,chr12:95679534:+,3.53143756298717,0.00035186473053625,0.00381330462982047,UP,IPA activation in Neurites
VIM,chr10:17277389:+,-0.0087429214324195,0.953370389302099,0.971539332846914,NC,NS
VKORC1L1,chr7:65360468:+,2.12440408895842,0.391002218955771,0.55762508717432,NC,NS
VMP1,chr17:57812855:+,4.4844365811561,1.70985804901803e-06,0.000160003255125418,UP,IPA activation in Neurites
VMP1,chr17:57833793:+,2.37450954251132,0.192639340238478,0.367169224285324,NC,NS
VPS13B,chr8:100358015:+,-0.157326361551332,0.912218415919509,0.950658742143249,NC,NS
VPS13B,chr8:100710409:+,1.04465870954758,0.430768291135638,0.594133838619553,NC,NS
VPS37B,chr12:123361292:-,-0.665253780454245,0.391002218955771,0.55762508717432,NC,NS
VPS41,chr7:38816278:-,0.344391217058452,0.672732737797059,0.79755035863601,NC,NS
VPS45,chr1:150040916:+,0.00246269234503149,0.992584061957394,0.994999957965624,NC,NS
VPS45,chr1:150078874:+,-0.161126383427307,0.931488485860746,0.960708557057734,NC,NS
VPS53,chr17:570657:-,3.34699861917412,0.0332505377032755,0.109396292403069,UP,NS
VPS53,chr17:572213:-,4.25932333616891,0.0249910468400657,0.0890237437216394,UP,NS
VPS53,chr17:573609:-,1.72038978361737,0.185574156675562,0.362420360169629,NC,NS
VPS54,chr2:64230110:-,0,,1,NC,NS
VSTM2A,chr7:54618177:+,1.00920637711831,0.0647634835471168,0.175662826611076,NC,NS
VTI1A,chr10:114239664:+,2.34090880707958,0.112192635087778,0.25534581961512,NC,NS
VTI1A,chr10:114333068:+,1.20655646530558,0.535809209738013,0.690295900075502,NC,NS
VTI1A,chr10:114512367:+,0.194170674027363,0.943021814065888,0.965537088525468,NC,NS
VTI1A,chr10:114520134:+,3.21421953863343,0.147773213678727,0.316072289125577,NC,NS
VTI1A,chr10:114545554:+,0.779182220542314,0.68617329039835,0.807087075435913,NC,NS
WAC,chr10:28843399:+,0,,1,NC,NS
WAPL,chr10:88243542:-,3.48258479321174,0.0422692200429172,0.130096157323741,UP,NS
WASF1,chr6:110457494:-,-3.07126912550098,0.352816579149438,0.545961499305728,NC,NS
WASHC3,chr12:102419668:-,0.909223727208068,0.0265283504465017,0.0930691804417283,UP,NS
WBP4,chr13:41650374:+,1.14704780958032,0.011945756000634,0.0513952685226214,UP,NS
WDR26,chr1:224586540:-,0.784649129094694,0.00635317735084251,0.0324052001983225,UP,IPA activation in Neurites
WDR33,chr2:128491344:-,0.36761319428509,0.54514541419102,0.697522373245728,NC,NS
WDR33,chr2:128492958:-,0.571421325828519,0.321679096139994,0.513546746003023,NC,NS
WDR33,chr2:128492994:-,0.571782446245592,0.32006653698401,0.511811951680641,NC,NS
WDR33,chr2:128493349:-,0.579300068196757,0.26392612279165,0.451782077450813,NC,NS
WDR33,chr2:128502203:-,0.961413506957996,0.326212945407019,0.517727394765347,NC,NS
WDR33,chr2:128503020:-,1.63522369241941,0.194486373972988,0.368890502846913,NC,NS
WDR33,chr2:128515313:-,0.350708657320941,0.593488554378307,0.736278511173082,NC,NS
WDR33,chr2:128521747:-,2.19175705395264,0.158787247869103,0.330379601721084,NC,NS
WDR33,chr2:128522008:-,1.52877686493409,0.14114493761867,0.305249451756643,NC,NS
WDR33,chr2:128522374:-,2.98890419419426,1.4231339255481e-06,0.00015324027390596,UP,IPA activation in Neurites
WDR4,chr21:44267773:-,0.672428845326253,0.16517431094177,0.33984701777702,NC,NS
WDR4,chr21:44268151:-,0.769784391755143,0.133502082821879,0.292622132887957,NC,NS
WDR4,chr21:44268201:-,0.760395983961629,0.131547954086116,0.289519346410156,NC,NS
WDR47,chr1:109517154:-,0.284276919490406,0.155941204661214,0.326932314468534,NC,NS
WDR7,chr18:54574440:+,1.72536606474867,0.355068132330434,0.548147694137021,NC,NS
WDYHV1,chr8:124459509:+,0.784763807261381,0.118413864539505,0.266761868845171,NC,NS
WDYHV1,chr8:124459617:+,0.956083876753779,0.0712447248516817,0.187089493323413,NC,NS
WDYHV1,chr8:124459677:+,0.97462893929759,0.0676829394157092,0.180265562778786,NC,NS
WIPF2,chr17:38399577:+,-0.437388581671964,0.8396205732202,0.908515390102178,NC,NS
WNK3,chrX:54359523:-,0.483045498761221,0.0809179595324901,0.204756521625115,NC,NS
WNT2B,chr1:113037618:+,2.79764926654908,0.00065609496555862,0.00582583595329972,UP,IPA activation in Neurites
WSB1,chr17:25635849:+,1.15750630822946,0.0752834647223616,0.195349158391215,NC,NS
WSB2,chr12:118477477:-,0.080643544192073,0.965606425678318,0.978883514031395,NC,NS
WSB2,chr12:118480561:-,0.110626443290742,0.620683073894884,0.758025197829412,NC,NS
WSB2,chr12:118480588:-,0.126835741264685,0.569792494262617,0.718185062220099,NC,NS
WSCD1,chr17:6018868:+,1.99760008346215,0.042894313363273,0.131520938138429,UP,NS
WTAP,chr6:160172198:+,0.501923738734388,0.0900158956914834,0.220552542011459,NC,NS
WTAP,chr6:160173701:+,0.50547449780061,0.645800199625918,0.778415598558265,NC,NS
XKR4,chr8:56412764:+,-0.827827455694475,0.0125133870822791,0.053086435520811,DN,NS
XKR6,chr8:10880322:-,0.114219081083045,0.591208283686429,0.734343775707347,NC,NS
XKR6,chr8:10938885:-,0.595789649667086,0.0181043434048275,0.0702517823029432,UP,NS
XKR6,chr8:10961514:-,0.93510518641353,0.00677627658848876,0.0338535542911564,UP,IPA activation in Neurites
XKR6,chr8:10962200:-,0.960862815361473,0.00668920241757885,0.0336256807478705,UP,IPA activation in Neurites
XKR6,chr8:10962657:-,0.961118603259307,0.00657581876261008,0.0332155077166165,UP,IPA activation in Neurites
XKR6,chr8:10962761:-,0.94513121384025,0.00740734407767975,0.0361117267722716,UP,IPA activation in Neurites
XKR6,chr8:10963194:-,0.957336344102356,0.00678673159412316,0.0338710112174393,UP,IPA activation in Neurites
XKR6,chr8:10963472:-,0.953540463194312,0.00823952532733578,0.0387377103795323,UP,IPA activation in Neurites
XKR6,chr8:11040204:-,3.41400118146756,4.19036318803147e-05,0.000985038998693776,UP,IPA activation in Neurites
XKR6,chr8:11043654:-,3.35906830793349,0.000256361621718933,0.00298475300431399,UP,IPA activation in Neurites
XKR7,chr20:30558634:+,0.504731728958211,0.0952165820446496,0.228969689126081,NC,NS
XPNPEP3,chr22:41258776:+,1.05809152808283,0.0242494496476521,0.0867631044010845,UP,NS
XPO1,chr2:61709471:-,2.15545046403527,0.00017544958584938,0.00237015659578388,UP,IPA activation in Neurites
XPO1,chr2:61729449:-,0,,1,NC,NS
XPO1,chr2:61735401:-,1.65335586793979,0.0532394302401765,0.155593433963183,NC,NS
XPO1,chr2:61736998:-,2.22272954751269,0.00271595883159998,0.0166237178296422,UP,IPA activation in Neurites
XPO1,chr2:61737726:-,3.50581707683702,0.00213772351258663,0.0136690704497326,UP,IPA activation in Neurites
XPO5,chr6:43506509:-,-1.74406231818961,0.183959053562745,0.362063609916413,NC,NS
XYLT1,chr16:17320880:-,1.29391452304554,0.235630261849303,0.41830603945958,NC,NS
XYLT1,chr16:17539682:-,-0.556134965193174,0.176657410754754,0.354957242119975,NC,NS
XYLT1,chr16:17542692:-,-0.439767394188719,0.230134916645979,0.410046321640181,NC,NS
YAF2,chr12:42611060:-,-2.78072613417671,0.181798323166356,0.36107907192559,NC,NS
YARS,chr1:33266594:-,-1.2543986406791,0.610774884099869,0.751081775595139,NC,NS
YME1L1,chr10:27431280:-,0.44767567644281,0.218135654814754,0.395472465100071,NC,NS
YME1L1,chr10:27434344:-,0.355179338314481,0.520914444598277,0.677738128444152,NC,NS
YWHAE,chr17:1258259:-,0,,1,NC,NS
YWHAE,chr17:1264886:-,-0.0755167780061976,0.875722402007395,0.9304072506917,NC,NS
YWHAE,chr17:1265195:-,0.295879775478451,0.0315796388915609,0.105540194262593,UP,NS
YY1,chr14:100706264:+,0.704696447352001,0.106695942420127,0.24679793821249,NC,NS
ZBTB1,chr14:64990568:+,0.908716996963414,0.0182859641147386,0.070450911624955,UP,NS
ZBTB1,chr14:64990616:+,0.91543348435321,0.0185372126738653,0.0713059896213666,UP,NS
ZBTB1,chr14:64990671:+,0.869791643464593,0.0251686547210557,0.0893946524617935,UP,NS
ZBTB1,chr14:64991364:+,0.790052364841864,0.0478180744353968,0.143542720667884,UP,NS
ZBTB1,chr14:64991400:+,0.761872117995988,0.0552586011207717,0.159105534351287,NC,NS
ZBTB1,chr14:64991541:+,0.913923669008257,0.0236287610806225,0.0849359402500998,UP,NS
ZBTB1,chr14:64991669:+,0.962425022792068,0.0240986522304373,0.0863505462100942,UP,NS
ZBTB1,chr14:64991769:+,0.980850769641775,0.0210054455630719,0.0781914341203683,UP,NS
ZBTB1,chr14:64995012:+,0.82257497427874,0.454387655272044,0.616019704829051,NC,NS
ZBTB25,chr14:64926437:-,-0.0171746799146013,0.970817119647545,0.982119772183982,NC,NS
ZBTB25,chr14:64934683:-,0.188144657715968,0.797368843715611,0.882619834740711,NC,NS
ZBTB25,chr14:64944769:-,-0.755530053469173,0.17649979629531,0.354957242119975,NC,NS
ZBTB25,chr14:64948219:-,-1.63307180585478,0.00375251539113808,0.0213520808492009,DN,IPA suppression in Neurites
ZBTB25,chr14:64948263:-,-1.67789385989235,0.00343698188801367,0.0199186746806377,DN,IPA suppression in Neurites
ZBTB25,chr14:64948417:-,-1.66532403107408,0.00261806618268652,0.016105575278069,DN,IPA suppression in Neurites
ZBTB25,chr14:64948545:-,-2.0180135441311,0.0147715161617612,0.0603300971381617,DN,NS
ZBTB38,chr3:141132022:+,0.316633226220887,0.790580446912682,0.878101907025134,NC,NS
ZBTB38,chr3:141142584:+,1.2170079524668,0.449355800155738,0.612140348140488,NC,NS
ZBTB40,chr1:22808308:+,-1.41883913149936,0.495811617350996,0.653649235987523,NC,NS
ZBTB44,chr11:130101984:-,0,,1,NC,NS
ZBTB44,chr11:130102268:-,0,,1,NC,NS
ZBTB44,chr11:130114798:-,1.78228596631423,0.388602839549911,0.55762508717432,NC,NS
ZBTB44,chr11:130129862:-,4.20515963183611,3.72553988686584e-05,0.000910978748215537,UP,IPA activation in Neurites
ZBTB46,chr20:62387050:-,0.305917751900996,0.900378951976255,0.943623515036927,NC,NS
ZC3H12C,chr11:110021469:+,2.87110435247336,0.0291115967589571,0.0996181644367688,UP,NS
ZC3H13,chr13:46571747:-,1.29284568475378,0.0172627627380956,0.06780809582689,UP,NS
ZC3H13,chr13:46572242:-,1.2318114017513,0.0248555214509663,0.0886058369087194,UP,NS
ZC3H14,chr14:89058152:+,-0.350465224488403,0.736449345545409,0.842200356151342,NC,NS
ZC3H6,chr2:113048145:+,4.60989462693176,0.00108711133803027,0.00838333402671201,UP,IPA activation in Neurites
ZC3H6,chr2:113048220:+,4.65094790782554,0.00138137055407213,0.0100516883438713,UP,IPA activation in Neurites
ZC3H8,chr2:112999904:-,-1.68089402354136,0.250273751377451,0.436812078264949,NC,NS
ZCCHC14,chr16:87445021:-,-0.363204623313059,0.426561908650233,0.590008597922694,NC,NS
ZCCHC14,chr16:87503978:-,1.05026357094391,0.614441232659051,0.754256064106696,NC,NS
ZCRB1,chr12:42711141:-,0.463058703613699,0.0556929411603417,0.160071973825294,NC,NS
ZDHHC14,chr6:157807940:+,0.166808070048424,0.639213706591599,0.772389842630922,NC,NS
ZDHHC14,chr6:157808976:+,0.18267073314143,0.618954312125771,0.757541984498979,NC,NS
ZDHHC14,chr6:157809277:+,0.15916608240383,0.666459203098967,0.7930019852123,NC,NS
ZDHHC14,chr6:157820453:+,-0.0700666872937514,0.883194260569283,0.934062871534478,NC,NS
ZDHHC14,chr6:157821137:+,-0.0978845751625677,0.84552545595621,0.911837865342443,NC,NS
ZDHHC14,chr6:157881467:+,-0.186177917605211,0.580865095590938,0.726345299032349,NC,NS
ZDHHC15,chrX:74622989:-,0,,1,NC,NS
ZDHHC17,chr12:77222306:+,0.45296979203851,0.0979841729891846,0.233477045160636,NC,NS
ZDHHC21,chr9:14646287:-,0.293595579256045,0.902146427373845,0.944255649731368,NC,NS
ZDHHC24,chr11:66303097:-,-0.42356562067705,0.391002218955771,0.55762508717432,NC,NS
ZDHHC24,chr11:66303371:-,-0.266588271910235,0.391002218955771,0.55762508717432,NC,NS
ZDHHC3,chr3:44965521:-,0.0163201876988037,0.881352285360972,0.933128855649802,NC,NS
ZDHHC3,chr3:44966661:-,0.0505229928064983,0.661691941258148,0.789939397978937,NC,NS
ZDHHC3,chr3:44967396:-,0.0985533819880016,0.618807541559534,0.757541984498979,NC,NS
ZDHHC3,chr3:44967476:-,0.135768043094748,0.544192017183205,0.696988462246923,NC,NS
ZDHHC5,chr11:57448579:+,0.581283631501966,0.590839670582288,0.734343775707347,NC,NS
ZFAND3,chr6:38039453:+,5.23496212252567,0.0653393830303115,0.176929013814967,NC,NS
ZFHX3,chr16:73048202:-,-1.9397075852839,0.468392886542669,0.628918263222028,NC,NS
ZFP64,chr20:50726536:-,-0.315329200367171,0.605796001168919,0.747035818978196,NC,NS
ZFP64,chr20:50734818:-,-1.23425461100286,0.256797171640832,0.444056516419434,NC,NS
ZFR,chr5:32403204:-,1.09081264763043,0.000580697775477696,0.00533146297259333,UP,IPA activation in Neurites
ZFX,chrX:24198992:+,5.40804549665774,8.31987095770951e-06,0.000389273962309755,UP,IPA activation in Neurites
ZFYVE16,chr5:79770700:+,2.58179796005556,0.00252191436153755,0.015652596024543,UP,IPA activation in Neurites
ZFYVE9,chr1:52626450:+,-1.1643372078837,0.391002218955771,0.55762508717432,NC,NS
ZMAT2,chr5:140080498:+,0.0970093637663452,0.260266721563397,0.448621277763899,NC,NS
ZMYM1,chr1:35570403:+,3.68808343018751,7.35377038724162e-06,0.00036144895660927,UP,IPA activation in Neurites
ZMYM4,chr1:35825102:+,5.2453890002006,1.5441071223426e-07,4.30312079419578e-05,UP,IPA activation in Neurites
ZMYND11,chr10:199270:+,3.34957362139185,0.222410351162715,0.400536183848177,NC,NS
ZMYND11,chr10:213310:+,0,,1,NC,NS
ZMYND11,chr10:295201:+,4.94487705753439,8.03264708981798e-07,0.000105640164159606,UP,IPA activation in Neurites
ZMYND11,chr10:295435:+,6.51902653803186,0.060457519715764,0.168106451963947,NC,NS
ZMYND11,chr10:295730:+,5.57836492457586,0.000749752802719035,0.00637814184970424,UP,IPA activation in Neurites
ZNF141,chr4:370076:+,0.184385727878218,0.0917386856296839,0.223200222137021,NC,NS
ZNF141,chr4:370215:+,0.176706839562087,0.123206614679901,0.275453587959124,NC,NS
ZNF141,chr4:370479:+,0.184850413108825,0.162467554942841,0.336125477190419,NC,NS
ZNF141,chr4:370610:+,0.187710512850205,0.161004639893807,0.334235741349516,NC,NS
ZNF141,chr4:370976:+,0.195449343492205,0.110361660543591,0.25224041343594,NC,NS
ZNF148,chr3:125027642:-,1.32064491388063,0.528058871963877,0.683231335578104,NC,NS
ZNF197,chr3:44683785:+,0.540659353504792,0.0331130137582822,0.109017540560082,UP,NS
ZNF197,chr3:44686395:+,2.09330409731278,0.0836816364421943,0.208523535376103,NC,NS
ZNF197,chr3:44686756:+,2.13358384932576,0.419135983998831,0.584293701045216,NC,NS
ZNF251,chr8:145963382:-,0.196772790541159,0.543546465366007,0.696450497340663,NC,NS
ZNF251,chr8:145967781:-,0.318767395131842,0.349715640406757,0.542466147981919,NC,NS
ZNF254,chr19:24220179:+,-1.69124951781955,0.391002218955771,0.55762508717432,NC,NS
ZNF254,chr19:24223695:+,-2.06398675035941,7.78898031435932e-06,0.000375259190194777,DN,IPA suppression in Neurites
ZNF254,chr19:24228574:+,-1.03996691288881,0.553504051713752,0.7052502528513,NC,NS
ZNF254,chr19:24239139:+,-1.06317217360019,0.565527099895483,0.714767498205564,NC,NS
ZNF254,chr19:24240907:+,-3.49406204363903,0.0422023924009588,0.130069471568281,DN,NS
ZNF254,chr19:24241098:+,-3.06259265140294,0.0159440688068283,0.063855011369569,DN,NS
ZNF254,chr19:24241795:+,-2.87834132209739,0.0128806805182092,0.0543678968923909,DN,NS
ZNF254,chr19:24241951:+,-2.92321514761522,0.0126491356387461,0.0535689242977707,DN,NS
ZNF254,chr19:24242382:+,-2.83083768536766,0.0156583209298241,0.0629697435078712,DN,NS
ZNF254,chr19:24243108:+,-2.93108081739403,0.0153152485049238,0.0619484615336319,DN,NS
ZNF254,chr19:24244104:+,-2.67288388899444,0.00501824274662782,0.0268929176267522,DN,IPA suppression in Neurites
ZNF254,chr19:24246430:+,-2.84816855555746,0.00463088843395829,0.0253474725755242,DN,IPA suppression in Neurites
ZNF254,chr19:24248474:+,-2.96337869774851,0.00545416224939224,0.0287851990298727,DN,IPA suppression in Neurites
ZNF254,chr19:24248647:+,-2.90227076362509,0.0059737423581318,0.0307275161888682,DN,IPA suppression in Neurites
ZNF254,chr19:24250411:+,-2.66724462008832,0.00393417464232692,0.0222084614960125,DN,IPA suppression in Neurites
ZNF254,chr19:24260187:+,-2.62122775538878,0.0116605831032502,0.0504807805875581,DN,NS
ZNF254,chr19:24260468:+,-2.70841359097044,0.0122656229055116,0.0523548430335258,DN,NS
ZNF254,chr19:24264299:+,-2.98192187793465,0.0165630645202374,0.0656853072171763,DN,NS
ZNF283,chr19:44348398:+,2.00610741236223,0.0551213519010573,0.159105534351287,NC,NS
ZNF283,chr19:44350616:+,-0.0877588649389901,0.907832105779196,0.947963739639822,NC,NS
ZNF286B,chr17:18566788:-,-1.57514024580124,0.0991003652234418,0.234772335529342,NC,NS
ZNF286B,chr17:18568409:-,0.335821667136188,0.720584462123328,0.831423353590417,NC,NS
ZNF286B,chr17:18569621:-,1.13956105558059,0.194527955262059,0.368890502846913,NC,NS
ZNF286B,chr17:18569956:-,2.12360624993929,0.0268999074824649,0.0939662238403977,UP,NS
ZNF286B,chr17:18570016:-,2.01873684402818,0.0223573813964706,0.0818593061514115,UP,NS
ZNF286B,chr17:18570942:-,2.33934046992102,0.0187276401604039,0.0717548795437207,UP,NS
ZNF286B,chr17:18573638:-,2.08105099441437,0.00111828669195196,0.00854251655108041,UP,IPA activation in Neurites
ZNF286B,chr17:18573850:-,2.08948312475623,0.000813211176990277,0.00669557628973721,UP,IPA activation in Neurites
ZNF292,chr6:87955432:+,0.61973989837109,0.0302261059570334,0.102281106805928,UP,NS
ZNF3,chr7:99663621:-,0.425944037132413,0.106275697211513,0.246372469778052,NC,NS
ZNF3,chr7:99667596:-,-0.487754620422523,0.193002497683019,0.367285942012347,NC,NS
ZNF3,chr7:99667790:-,-0.45301652547573,0.193553047046088,0.367528786486502,NC,NS
ZNF320,chr19:53380980:-,-0.763049982565776,0.313114989092856,0.504843451599018,NC,NS
ZNF320,chr19:53381197:-,-0.390738392771448,0.659027230782939,0.78791806019405,NC,NS
ZNF320,chr19:53381845:-,0.120923788969111,0.657108833850328,0.786401187774726,NC,NS
ZNF320,chr19:53382885:-,0.354290695791252,0.285382239457168,0.474110610173636,NC,NS
ZNF320,chr19:53382970:-,0.402007661855024,0.214440441586892,0.39051915747074,NC,NS
ZNF385D,chr3:21593877:-,1.58912976024304,0.000351358689169035,0.00381330462982047,UP,IPA activation in Neurites
ZNF394,chr7:99084694:-,2.1217521050435,0.0619534991584461,0.170802111560906,NC,NS
ZNF394,chr7:99085048:-,2.65865901342585,0.00524157858282654,0.027874886758507,UP,IPA activation in Neurites
ZNF394,chr7:99088815:-,3.69197826218481,2.01765662793923e-05,0.000587899230631873,UP,IPA activation in Neurites
ZNF394,chr7:99090869:-,3.71191869288496,9.89974469082431e-05,0.00172349512670277,UP,IPA activation in Neurites
ZNF394,chr7:99091270:-,3.64297475844436,1.17458592589319e-05,0.000498306303636716,UP,IPA activation in Neurites
ZNF397,chr18:32824064:+,1.19312596576381,0.0540451317084859,0.157192833767778,NC,NS
ZNF397,chr18:32829772:+,0.360005044886918,0.369963267106033,0.55762508717432,NC,NS
ZNF397,chr18:32829798:+,0.359387021929516,0.370990702530824,0.55762508717432,NC,NS
ZNF397,chr18:32831094:+,0.360694763195927,0.359251987684718,0.551509318642108,NC,NS
ZNF423,chr16:49533463:-,0.198471616679273,0.878739585783666,0.932188102119756,NC,NS
ZNF423,chr16:49731506:-,-0.469038194524178,0.363365246637817,0.555144518097211,NC,NS
ZNF429,chr19:21702528:+,1.85017982971714,0.00116911455226737,0.00882001769198921,UP,IPA activation in Neurites
ZNF429,chr19:21703310:+,1.9208818462048,0.00121821323032787,0.00913378363447677,UP,IPA activation in Neurites
ZNF451,chr6:56968855:+,0.317768323981125,0.394622329489792,0.56097933254377,NC,NS
ZNF451,chr6:56971810:+,0.200095373535525,0.541398971276676,0.694777067452854,NC,NS
ZNF451,chr6:56973301:+,0.0999190633933538,0.741658754139084,0.845285294802007,NC,NS
ZNF451,chr6:56974514:+,0.137060391106834,0.690320682715741,0.810398176621181,NC,NS
ZNF451,chr6:56974788:+,0.157912228050574,0.679352518809109,0.802166793624151,NC,NS
ZNF451,chr6:56976856:+,0.239319345784271,0.526517484260967,0.681574802772293,NC,NS
ZNF451,chr6:56976913:+,0.240981822597409,0.524648596419052,0.680385894768181,NC,NS
ZNF451,chr6:56980241:+,0.213070143140046,0.586603825047919,0.730753021416898,NC,NS
ZNF451,chr6:57018933:+,1.93176917389614,6.46564257818159e-05,0.00133880071427369,UP,IPA activation in Neurites
ZNF461,chr19:37136250:-,-2.02869505162781,0.0305536828185029,0.103031337903559,DN,NS
ZNF461,chr19:37136380:-,-1.01303357709516,0.322960774373317,0.514887378367362,NC,NS
ZNF493,chr19:21597402:+,0.671432361202863,0.0817207110115504,0.205824523696793,NC,NS
ZNF493,chr19:21597445:+,0.672650276745675,0.0800168403262999,0.20342839343144,NC,NS
ZNF521,chr18:22759081:-,4.12925183071429,0.0632710732551658,0.1730618563573,NC,NS
ZNF528,chr19:52917272:+,0.29272611113021,0.658689997629698,0.787708412009366,NC,NS
ZNF529,chr19:37070191:-,0.140522773707539,0.734492054079324,0.840874237303784,NC,NS
ZNF529,chr19:37071153:-,0.395193775774752,0.2406177788115,0.424366679454368,NC,NS
ZNF529,chr19:37071585:-,0.49120227815852,0.165099823338185,0.339837453622508,NC,NS
ZNF529,chr19:37071626:-,0.449644223169286,0.236140663242981,0.418753814628406,NC,NS
ZNF532,chr18:56600499:+,1.67675255587647,0.391002218955771,0.55762508717432,NC,NS
ZNF540,chr19:38051777:+,4.91271957497172,0.0507266076883977,0.149409343138122,NC,NS
ZNF540,chr19:38066717:+,0.131554217761559,0.853811775135439,0.915927711157197,NC,NS
ZNF540,chr19:38078249:+,0.303468512729186,0.434525021723705,0.597794389513019,NC,NS
ZNF568,chr19:37441839:+,-0.162338931942489,0.458315360621631,0.62000626766329,NC,NS
ZNF568,chr19:37443967:+,-0.269626402271933,0.308459699415698,0.500154914147547,NC,NS
ZNF621,chr3:40574074:+,0.453758037122698,0.018212763985175,0.0703017755527898,UP,NS
ZNF621,chr3:40575727:+,0.658121320979871,0.117000857009923,0.264679762998738,NC,NS
ZNF621,chr3:40577198:+,1.69192688216383,0.170620179024335,0.34679941150059,NC,NS
ZNF621,chr3:40578184:+,-0.397947119081815,0.203710484686193,0.378053096294056,NC,NS
ZNF626,chr19:20816809:-,0,,1,NC,NS
ZNF626,chr19:20817093:-,0,,1,NC,NS
ZNF626,chr19:20819017:-,4.65458681960491,0.18676792171937,0.362944371839637,NC,NS
ZNF626,chr19:20819064:-,4.13616442764368,0.184944702627158,0.362420360169629,NC,NS
ZNF626,chr19:20821709:-,2.95936763485144,0.0577103900179681,0.164583509410672,NC,NS
ZNF638,chr2:71580963:+,1.88666781427406,0.00985102832988668,0.0442614070666931,UP,IPA activation in Neurites
ZNF638,chr2:71615640:+,-0.390258816486524,0.4887021841779,0.646523189452025,NC,NS
ZNF638,chr2:71654700:+,4.407886618159,5.36619477647971e-06,0.000285823131076369,UP,IPA activation in Neurites
ZNF644,chr1:91447928:-,0,,1,NC,NS
ZNF644,chr1:91476735:-,-2.2854980883509,0.00132991116123646,0.00977464252816603,DN,IPA suppression in Neurites
ZNF652,chr17:47370466:-,-0.856313402408948,0.620256513193251,0.757762539090726,NC,NS
ZNF652,chr17:47371101:-,-1.37166138300208,0.391002218955771,0.55762508717432,NC,NS
ZNF652,chr17:47371927:-,0,,1,NC,NS
ZNF652,chr17:47372138:-,0,,1,NC,NS
ZNF652,chr17:47373367:-,1.40709604271097,0.393185074849956,0.559426483690026,NC,NS
ZNF652,chr17:47375078:-,-2.26898511961695,0.374540863607517,0.55762508717432,NC,NS
ZNF654,chr3:88135594:+,0.230359239862411,0.519335966668109,0.676596737297729,NC,NS
ZNF655,chr7:99168775:+,0,,1,NC,NS
ZNF660-ZNF197,chr3:44641186:+,-0.305019212229526,0.149203270125969,0.31815210886633,NC,NS
ZNF660-ZNF197,chr3:44667592:+,-1.19168872403134,0.580081089792977,0.725996549108186,NC,NS
ZNF660-ZNF197,chr3:44683785:+,0.540659353504792,0.0331130137582822,0.109017540560082,UP,NS
ZNF660-ZNF197,chr3:44686395:+,2.09330409731278,0.0836816364421943,0.208523535376103,NC,NS
ZNF660-ZNF197,chr3:44686756:+,2.13358384932576,0.419135983998831,0.584293701045216,NC,NS
ZNF664,chr12:124459100:+,0.25254208270179,0.216088181864493,0.392784868491828,NC,NS
ZNF664,chr12:124459751:+,0.571853475214533,0.0255487409637549,0.0906123713772821,UP,NS
ZNF664,chr12:124459919:+,0.681971060862568,0.0141316929534923,0.05837420875356,UP,NS
ZNF677,chr19:53741849:-,-2.04118011462508,0.0147787660889208,0.0603300971381617,DN,NS
ZNF677,chr19:53742280:-,-1.16861709205311,0.0263589859165117,0.0927861892634176,DN,NS
ZNF704,chr8:81700285:-,0.0617853172618759,0.973359832931402,0.983465312924461,NC,NS
ZNF704,chr8:81720676:-,-0.715702993026119,0.40089674320565,0.568532034869884,NC,NS
ZNF713,chr7:55998198:+,-1.13588837917783,0.176589337446679,0.354957242119975,NC,NS
ZNF714,chr19:21304488:+,-2.1350489596447,0.393737666779229,0.559915938423729,NC,NS
ZNF714,chr19:21305436:+,2.80045890391549,0.041036956563832,0.127188427158985,UP,NS
ZNF714,chr19:21306569:+,0.291293209864469,0.838911120114288,0.908403074992321,NC,NS
ZNF714,chr19:21307322:+,0.109828874796019,0.908977938194825,0.948753034589451,NC,NS
ZNF714,chr19:21307503:+,-0.286659421870992,0.771710922997184,0.866039057035124,NC,NS
ZNF720,chr16:31767565:+,0.77623061998441,0.0452032893438573,0.137217221426831,UP,NS
ZNF720,chr16:31768002:+,0.722910031420706,0.0675378520092274,0.180174993353564,NC,NS
ZNF721,chr4:449826:-,-2.23720140658631,0.342259618089252,0.536359254299719,NC,NS
ZNF721,chr4:457235:-,-4.07767604821083,0.0672521293696127,0.179976327772527,NC,NS
ZNF721,chr4:474218:-,-1.74596879465224,0.455276707033489,0.61692466065858,NC,NS
ZNF721,chr4:475004:-,-3.38642113631351,0.061445683624616,0.170076619179398,NC,NS
ZNF721,chr4:476693:-,0.933609709083616,0.690205302369015,0.810398176621181,NC,NS
ZNF721,chr4:479016:-,-4.35411455542343,0.0713570962732267,0.187283511577951,NC,NS
ZNF721,chr4:479349:-,-4.11910843994784,0.0680311189772959,0.180599795386537,NC,NS
ZNF730,chr19:23313473:+,0.733594873351543,0.1920187040831,0.366852935046431,NC,NS
ZNF730,chr19:23323053:+,2.48153076502172,0.124539495826754,0.277373952637499,NC,NS
ZNF730,chr19:23324759:+,0.815009375886606,0.0371069814533107,0.118791165626191,UP,NS
ZNF732,chr4:271697:-,1.25442129075345,0.546438241547201,0.698625455430552,NC,NS
ZNF761,chr19:53946161:+,0.356698110953085,0.808295256455772,0.889654991611352,NC,NS
ZNF761,chr19:53946390:+,0.371186220391364,0.794127297566946,0.88003266453217,NC,NS
ZNF761,chr19:53946440:+,0.483574472256464,0.741726244498253,0.845285294802007,NC,NS
ZNF761,chr19:53947925:+,-2.12640604665322,0.00279476917098872,0.0169567915037795,DN,IPA suppression in Neurites
ZNF765-ZNF761,chr19:53913956:+,-0.345078050158441,0.280847080821946,0.469594638654396,NC,NS
ZNF765-ZNF761,chr19:53915178:+,-0.262765087497755,0.398547064083529,0.56562569331953,NC,NS
ZNF765-ZNF761,chr19:53915262:+,-0.256332559559199,0.424309581762702,0.588604040954877,NC,NS
ZNF765-ZNF761,chr19:53916801:+,-0.137605364022309,0.615053096661974,0.754626416630652,NC,NS
ZNF765-ZNF761,chr19:53917114:+,-0.161212655493428,0.535461255396186,0.690213104306712,NC,NS
ZNF765-ZNF761,chr19:53919085:+,-0.305058078813931,0.371468789601787,0.55762508717432,NC,NS
ZNF765-ZNF761,chr19:53922184:+,0.422511908270506,0.472272237516205,0.633078982852302,NC,NS
ZNF765-ZNF761,chr19:53946161:+,-0.611209253096871,0.697658637305082,0.815471277714756,NC,NS
ZNF765-ZNF761,chr19:53946390:+,-0.642310693308579,0.68073313220644,0.803225121386804,NC,NS
ZNF765-ZNF761,chr19:53946440:+,-0.642293529193826,0.684690264752476,0.806381696093101,NC,NS
ZNF765-ZNF761,chr19:53947925:+,-2.85303084202656,0.16732226167364,0.34252844985441,NC,NS
ZNF765-ZNF761,chr19:53948565:+,-2.16874886709809,0.436893998220976,0.600520672905588,NC,NS
ZNF780A,chr19:40579101:-,0.11611905227171,0.91904608123857,0.953586058162923,NC,NS
ZNF780A,chr19:40579162:-,0.977869596495923,0.0797324691941601,0.203236351544674,NC,NS
ZNF780A,chr19:40579422:-,0.207117274788406,0.768164812127431,0.863611716037255,NC,NS
ZNF790,chr19:37324618:-,0,,1,NC,NS
ZNF81,chrX:47766951:+,0.805121407722135,0.264076696014765,0.451782077450813,NC,NS
ZNF813,chr19:53983635:+,-1.65431251621864,0.319072172999274,0.511562679478015,NC,NS
ZNF813,chr19:53985043:+,0.560467809156213,0.249882048162428,0.436441509819948,NC,NS
ZNF83,chr19:53148605:-,0.203078952029753,0.727065080628797,0.836382667219793,NC,NS
ZNF83,chr19:53149155:-,0.507096550057978,0.466405088332889,0.626768064023153,NC,NS
ZNF83,chr19:53150553:-,-1.25531422514039,0.157117612632955,0.328408342305086,NC,NS
ZNF91,chr19:23547828:-,0,,1,NC,NS
ZNF91,chr19:23549314:-,6.26004521096055,0.0937862080096693,0.226748279178934,NC,NS
ZNHIT1,chr7:100866056:+,0.533548398924677,0.177875565907759,0.356924743796764,NC,NS
ZNHIT3,chr17:34851600:+,0.61876023120191,0.0597484904994257,0.167104878106166,NC,NS
ZNHIT3,chr17:34851659:+,0.637767171594197,0.0559843956956626,0.160814680906195,NC,NS
ZNHIT6,chr1:86127801:-,0.341343597310921,0.69842086805729,0.816166172902683,NC,NS
ZRANB3,chr2:136265587:-,0.725590445887993,0.531545010559526,0.686802448588066,NC,NS
ZRANB3,chr2:136266609:-,3.96183026040748,0.0059612731198478,0.0307275161888682,UP,IPA activation in Neurites
ZSCAN30,chr18:32838398:-,0.0928085615596725,0.914101027793965,0.951243712841196,NC,NS
ZSCAN30,chr18:32838974:-,1.20158945956248,0.151900462024943,0.321228877971914,NC,NS
ZSCAN30,chr18:32859513:-,-1.3687351807498,0.391002218955771,0.55762508717432,NC,NS
ZSWIM5,chr1:45596444:-,-0.658965853148878,0.0918703916471411,0.223408958398295,NC,NS
ZSWIM5,chr1:45665798:-,-0.337373311345012,0.857002647072521,0.918279884221248,NC,NS
ZSWIM6,chr5:60672790:+,1.03313427414429,0.00525685489284563,0.0278976795578607,UP,IPA activation in Neurites
ZSWIM6,chr5:60672864:+,1.02831825522209,0.0059342296076278,0.030621379926529,UP,IPA activation in Neurites
ZZZ3,chr1:78092554:-,1.17643805269592,0.0145266119838034,0.0596007537210685,UP,NS
ZZZ3,chr1:78093585:-,1.13976161086882,0.0124645539990258,0.0529254099120938,UP,NS
ZZZ3,chr1:78093654:-,1.17006663360282,0.0120651906484421,0.0516351958621981,UP,NS
