gene_symbol,RED,pvalue,p_adj,APAreg,Significance
AAK1,0.207344037907708,0.141221090576557,0.383163457723925,NC,NS
ABCC1,0.151960307227455,0.682203028621279,0.846518498014248,NC,NS
ABHD10,-0.366699256733378,0.214353013845462,0.474016420861509,NC,NS
ABHD12,0.123563415631531,0.794483120596466,0.905128413831367,NC,NS
ABHD17C,0.579804930578181,0.112613421803645,0.341029060309491,NC,NS
ABLIM1,-0.141328745755283,0.449042423110914,0.681470442219713,NC,NS
ABRAXAS1,1.07322234374336,0.0001786151853981,0.00658757022756383,UP,Lengthened in Neurites
ACAT2,-0.317283723159137,0.231189052438959,0.487941200879897,NC,NS
ACER3,-0.923220199738626,0.13143670152804,0.371044113835954,NC,NS
ACLY,-0.103357335864455,0.788027010747267,0.902398497694752,NC,NS
ACO2,-1.43090725145993,0.000216739432875395,0.00746120958470522,DN,Shortened in Neurites
ACSL1,0.0738924040106541,0.84832942714927,0.93751388190798,NC,NS
ACTB,-0.105829928415989,0.0552823000950096,0.226963810459074,NC,NS
ACTR1A,0.0221603454668321,0.936636543910699,0.973751347751658,NC,NS
ACTR2,-0.16717356337805,0.302937206347771,0.568835596164945,NC,NS
ACTR3,0.668314095865024,0.036309458477024,0.179159595569171,UP,NS
ACVR1B,0.0153373984463654,0.971013494011484,0.984587773983686,NC,NS
ACVR2A,-0.162215941255757,0.321198255362398,0.584665649377064,NC,NS
ADAM10,0.333837963792277,0.403846724552937,0.649221850458504,NC,NS
ADAR,0.300377456110069,0.351590694769194,0.610583680620724,NC,NS
ADARB1,0.491402407680225,0.201778554122962,0.465267120087083,NC,NS
ADCY1,0.0235443682632667,0.923814941181737,0.969716021230806,NC,NS
ADCY3,0.0353951064202973,0.931082978755745,0.971254344090364,NC,NS
ADD1,0.0465498220505964,0.870688672992679,0.950159755482482,NC,NS
ADD2,-0.150215151425139,0.0883206650884543,0.303132124972361,NC,NS
ADGRL1,0.424986518137138,0.321986857094468,0.584665649377064,NC,NS
ADGRL3,0.636479576327892,0.045365176099305,0.203116508625695,UP,NS
ADH5,-0.691346951440321,0.00148905651125133,0.0245468709733553,DN,Shortened in Neurites
ADIPOR1,0.0130753615963166,0.982812076254043,0.988718944950901,NC,NS
ADNP,0.142453952264299,0.415266708607137,0.659576903597906,NC,NS
ADO,-0.65379169510853,0.181585231668489,0.441485434760482,NC,NS
ADSS,-1.004855528151,0.072409271891569,0.267055212942465,NC,NS
AES,0.310272325997756,0.419206841461426,0.662450317371142,NC,NS
AFF2,-0.146171777295453,0.110307948901728,0.336648102118037,NC,NS
AFF3,-0.106145965137505,0.656666576721303,0.831635727294497,NC,NS
AGAP1,-0.15569478875431,0.152945034304889,0.398272661197325,NC,NS
AGMAT,0.194371052371813,0.631816165489303,0.818658606016627,NC,NS
AGO2,-0.441614774747301,0.074690549419297,0.271329942464758,NC,NS
AGPAT1,-0.199309513807139,0.224934348990671,0.483700216980468,NC,NS
AGPAT3,-0.251080027687411,0.494723520361074,0.717235381903604,NC,NS
AHCY,-1.9084117578324,0.000718664608057923,0.0154833087835054,DN,Shortened in Neurites
AHCYL2,-0.562494420937189,0.0268985168820425,0.150079930090576,DN,NS
AHSA2,-0.326241748926949,0.0271254192505519,0.150958854959593,DN,NS
AIG1,0.245683350801565,0.346013125623416,0.606219453588207,NC,NS
AIMP2,0.143783669232715,0.791087785273495,0.903151637332175,NC,NS
AKAP10,-0.440571880297624,0.335263395225201,0.597283624869989,NC,NS
AKAP11,0.114672441541708,0.664213952316649,0.836407006668791,NC,NS
AKAP12,0.0865541160332338,0.176423877346323,0.433783454356608,NC,NS
AKAP6,0.542184987176894,0.00288120021171158,0.0403466630591805,UP,Lengthened in Neurites
AKIRIN1,0.332866911362129,0.267722514407678,0.528370369213513,NC,NS
AKIRIN2,-0.614901017322207,0.194110355729551,0.455931409927329,NC,NS
AKT1,-0.377430897503066,0.654316289419262,0.831635727294497,NC,NS
ALCAM,0.393178379100606,0.0669206004818129,0.253250828953782,NC,NS
ALDH7A1,-0.143915332901982,0.638522591622027,0.823607089134281,NC,NS
ALDOA,0.1759861952253,0.708214123317273,0.860901230034356,NC,NS
ALG1,-0.204426638680868,0.7107385415956,0.8630396576518,NC,NS
ALG9,-1.04534223925347,0.0712479998285998,0.265471999361358,NC,NS
ALK,-0.292238213134823,0.198327371502572,0.460102273158701,NC,NS
ALYREF,-1.0513565664983,0.00199968602106449,0.0310828264629793,DN,Shortened in Neurites
AMD1,-0.361911798507644,0.129128911874713,0.3687460790543,NC,NS
AMER1,0.11444384313781,0.642402566140014,0.824470320026332,NC,NS
AMER2,0.167376282917219,0.282104629573604,0.544684715130579,NC,NS
AMIGO1,-0.693406219969503,0.0869425633615526,0.299820947503548,NC,NS
AMOTL1,-0.492871439031263,0.355655788599088,0.615492819704221,NC,NS
ANAPC13,-0.285471954112384,0.411290059003902,0.656134287677779,NC,NS
ANAPC16,-0.312603469837024,0.452436572464366,0.683207482083596,NC,NS
ANK2,-0.125724489846838,0.0722911846306776,0.267055212942465,NC,NS
ANK3,-0.0790129366929564,0.630096174956838,0.817646389591884,NC,NS
ANKIB1,-0.205313645629126,0.526314009561058,0.743192267881157,NC,NS
ANKRD17,-0.228153203558477,0.438441321569731,0.67567161171086,NC,NS
ANKRD28,0.0760263343872669,0.856852344448517,0.944056051402518,NC,NS
ANKRD40,-0.340299932561556,0.00834926155912373,0.0768742256672061,DN,NS
ANKRD50,0.688258656881658,0.00245701223602185,0.0356925185277238,UP,Lengthened in Neurites
ANKRD52,-0.483970118142462,0.0277588266695195,0.152625173156972,DN,NS
ANKRD6,-0.269508056447593,0.307578523002666,0.572479582064974,NC,NS
ANO5,-0.17216624137342,0.22228709852188,0.483700216980468,NC,NS
ANP32A,-0.715294177581228,0.038624662586645,0.186200106655211,DN,NS
ANP32B,-0.82535135976638,0.00621763598104999,0.0635191356561726,DN,NS
ANTXR2,0.304494668284397,0.555166721945011,0.764100434504961,NC,NS
AP1G1,-0.22336700552719,0.22869928918121,0.485511856837379,NC,NS
AP1M1,-1.1508628132678,0.000783421183174321,0.0162354713770221,DN,Shortened in Neurites
AP1S2,0.235581207796807,0.174410934395103,0.429319223126408,NC,NS
AP2A2,-0.00640696674604138,0.976037444117486,0.986915933560773,NC,NS
AP2B1,-0.083925205366364,0.806646774805193,0.910150990314541,NC,NS
AP3D1,0.228675948416369,0.461799929336579,0.692540762395863,NC,NS
AP3M1,-0.149582098961883,0.308076098620443,0.572479582064974,NC,NS
APBA2,0.258129147559474,0.590550519113421,0.792255197035022,NC,NS
APBB2,-0.419399476154227,0.0426419615500104,0.195757190575575,DN,NS
APC,-0.213818567986985,0.0890847966537178,0.304203410485734,NC,NS
API5,-0.78991337296976,0.0384313744602967,0.185837046279124,DN,NS
APLP1,0.139284115168085,0.64212533141072,0.824470320026332,NC,NS
APLP2,-0.137384776668996,0.690493183739915,0.849837764602972,NC,NS
APP,0.17281125740745,0.381151336172735,0.633118555352574,NC,NS
APPBP2,-0.489215722608209,0.189379286599656,0.451108835602468,NC,NS
APPL1,-0.709939246467666,0.0874287064651845,0.301020356437091,NC,NS
ARCN1,-0.159734383869262,0.615652842128916,0.809462588805149,NC,NS
AREL1,-0.205415463998564,0.280297449535815,0.543038760714366,NC,NS
ARF1,0.498006504955138,0.316211271914966,0.582128365217399,NC,NS
ARF3,-0.258952893211633,0.388660037939187,0.63897200080404,NC,NS
ARF6,-0.0251846151619948,0.841972611021198,0.932857638280106,NC,NS
ARG2,0.493919441585628,0.238457473249192,0.497014810143909,NC,NS
ARHGAP12,-0.333034542149241,0.532929847522342,0.748422464555397,NC,NS
ARHGAP26,-0.652443015319669,0.238860420162097,0.497378252892557,NC,NS
ARHGAP35,-0.163140429356277,0.493569967366947,0.716483154763494,NC,NS
ARHGAP5,-0.349228739177453,0.242072636537041,0.500712982038595,NC,NS
ARHGEF12,-0.146169644161043,0.24680658496686,0.505955318064989,NC,NS
ARHGEF9,-0.477610440445496,0.0940278761481015,0.309946394814938,NC,NS
ARID1A,0.858659948827297,0.0122031242772297,0.0969124030191669,UP,NS
ARID1B,0.0263132635550294,0.89348814475169,0.961749165325062,NC,NS
ARIH2,0.058018298460848,0.79005246290164,0.902917100459017,NC,NS
ARL10,-0.145058913332777,0.386072229954697,0.636434221501077,NC,NS
ARL14EP,-0.604337825730416,0.356963207015959,0.615492819704221,NC,NS
ARL16,-0.47697557032476,0.0976220729554166,0.315171558977725,NC,NS
ARL3,-1.35442003688036,0.000498833140936454,0.0124865528938923,DN,Shortened in Neurites
ARL4C,0.0832689151474927,0.453909968040775,0.684957066890933,NC,NS
ARL5A,-0.4804337488469,0.0814611868746739,0.286364366137787,NC,NS
ARL6IP1,-0.0153977854519627,0.916913372477575,0.966917029266952,NC,NS
ARL6IP5,-0.230308519183671,0.0348922129490842,0.17575336892872,DN,NS
ARL8A,-0.135964754249547,0.622882122991266,0.814048948726123,NC,NS
ARL8B,-0.135177435850315,0.788081399240385,0.902398497694752,NC,NS
ARMCX3,-0.161846786433285,0.388082656185511,0.638825639067677,NC,NS
ARNT2,0.107851315921431,0.600901598650831,0.803664338453723,NC,NS
ARPC2,-0.603313410013332,0.0913856550461765,0.306779371972677,NC,NS
ARPC4,-0.013180021972294,0.96851754128246,0.982514764489805,NC,NS
ARPP19,0.107792487685658,0.632052600233425,0.818658606016627,NC,NS
ARRB2,-0.411963079703906,0.226734476709594,0.483700216980468,NC,NS
ARRDC3,-0.416963354301449,0.188033781279765,0.45061840095239,NC,NS
ASAH2B,0.529042283347735,0.223845802406038,0.483700216980468,NC,NS
ASAP1,0.0592914741405983,0.806461349121807,0.910150990314541,NC,NS
ASB8,0.0835675640609248,0.694119725757246,0.852372755783165,NC,NS
ASDURF,0.916099955673235,0.0134757759327341,0.102598360065693,UP,NS
ASIC1,0.120766523777908,0.594643543817958,0.796273446983308,NC,NS
ATAD1,0.0126798287683143,0.964653832569181,0.9813402242499,NC,NS
ATCAY,-0.273188493055823,0.408029190663409,0.652367023426582,NC,NS
ATF3,0.14264003527894,0.649163733019972,0.827522134183631,NC,NS
ATG10,-0.813443581966138,0.147707683058499,0.390918079425135,NC,NS
ATG12,-0.670036636190274,0.0180556117533163,0.120889265154511,DN,NS
ATG2B,0.0496406698673859,0.769077396679798,0.890233934944606,NC,NS
ATP11A,-0.646868445709512,0.218290221853348,0.480457947351904,NC,NS
ATP1A3,-0.255107935960123,0.587067916929386,0.78904248748508,NC,NS
ATP1B1,-0.167803634171795,0.0544120674754636,0.225955455775971,NC,NS
ATP1B2,-0.0722788419627345,0.833331631908681,0.925640444631593,NC,NS
ATP1B3,-0.488783506081947,0.0136126221617622,0.102850922999981,DN,NS
ATP2A2,-0.0918605992702828,0.687583609514168,0.847505528744629,NC,NS
ATP2B1,-0.517156690177738,0.222878639795062,0.483700216980468,NC,NS
ATP2B4,0.0077606484006762,0.95407982950447,0.978815643073234,NC,NS
ATP5A1,-0.445172545380491,0.0335355612838873,0.172859964490098,DN,NS
ATP5E,-1.6679349340556,0.00147928906908178,0.0245468709733553,DN,Shortened in Neurites
ATP5F1,-0.19375746149959,0.671014422891455,0.839809826160396,NC,NS
ATP5G2,0.00922371710323189,0.966950691664413,0.981840739646179,NC,NS
ATP5L,-0.884954329509925,0.00289249974137507,0.0403466630591805,DN,Shortened in Neurites
ATP6AP1,0.526270622859398,0.0676196658033103,0.254568153612462,NC,NS
ATP6V0C,0.239859901253627,0.473024283727633,0.699728648124628,NC,NS
ATP6V0E2,-0.0502093881636827,0.896691944677324,0.962605659406935,NC,NS
ATP6V1A,-0.0186975785684303,0.896055364763552,0.962397074889185,NC,NS
ATP6V1B2,-0.266220841579371,0.237107531560144,0.495863099355037,NC,NS
ATP6V1E1,0.0858184764718462,0.796634013678674,0.906151784181862,NC,NS
ATP6V1F,0.698552715507349,0.221815870410148,0.483700216980468,NC,NS
ATP6V1G1,-0.0763088561923384,0.492947889346657,0.716310664335987,NC,NS
ATP8A1,-0.300585271653162,0.194217119688748,0.455931409927329,NC,NS
ATP8A2,0.467969303059426,0.117889305455359,0.34949200091398,NC,NS
ATP9A,-0.0807081210156601,0.469787544731938,0.696736965563448,NC,NS
ATPAF1,0.38907001027288,0.138342540756367,0.379135225045157,NC,NS
ATRN,0.350949380826036,0.24424667208571,0.502344762248115,NC,NS
ATXN10,0.31198581646423,0.469704929790709,0.696736965563448,NC,NS
ATXN3,-8.76004187659873e-05,0.999887925813435,0.999887925813435,NC,NS
ATXN7L3B,-0.0804062122291044,0.228125346672007,0.485097416862725,NC,NS
AZI2,-0.0174813461414763,0.968375541704612,0.982514764489805,NC,NS
AZIN1,-0.193298712208757,0.191732893056147,0.453840432206085,NC,NS
B3GALNT1,-0.0954325116978038,0.498412715470934,0.720960511772212,NC,NS
B3GAT1,0.0753344677627006,0.648950680990905,0.827522134183631,NC,NS
B3GAT2,0.0610095505851096,0.750219219722483,0.882709806179602,NC,NS
B4GALT5,0.136945327350201,0.683869930156045,0.846518498014248,NC,NS
B4GAT1,0.0719898321600462,0.891670332483222,0.961483966047319,NC,NS
BAALC,-0.744015055599807,0.00281864607461417,0.0398271029763665,DN,Shortened in Neurites
BACE1,0.18916720619218,0.144615972388982,0.388499204837561,NC,NS
BANF1,-0.235326943667994,0.54705257343033,0.758583171160475,NC,NS
BASP1,0.151165971101055,0.377305494198994,0.631065914970801,NC,NS
BAZ1B,-0.176782030640468,0.483170226617869,0.708287768004282,NC,NS
BAZ2B,-0.409675836228022,0.492391759121962,0.716310664335987,NC,NS
BCAT1,0.113301088341096,0.56264830099345,0.771469882143508,NC,NS
BCL2L1,-0.211225564290783,0.606987341219873,0.806351925820783,NC,NS
BCL2L13,0.0462699392962204,0.889509108712189,0.960105069721093,NC,NS
BCL7A,-0.235830331418193,0.615618694118195,0.809462588805149,NC,NS
BCLAF1,-0.813361656932354,0.0436405342490988,0.198223117177756,DN,NS
BDP1,-0.609472492177066,0.0257988899488464,0.147270738311664,DN,NS
BEX4,0.253079406183782,0.563107114455057,0.771612771444712,NC,NS
BICD1,0.0153777539892267,0.87454839114104,0.951984641882393,NC,NS
BICD2,-0.0390442932525726,0.742792332996307,0.879415179851054,NC,NS
BLCAP,-0.505846078623831,0.241382824023,0.500712982038595,NC,NS
BLMH,-0.167990083634003,0.708581848801256,0.860901230034356,NC,NS
BMPR1A,-0.642273649456935,0.104159638421276,0.330395587761948,NC,NS
BMPR2,-0.478268962840544,0.100917353569291,0.323411136033544,NC,NS
BNIP3,-0.46466315720443,0.225092099905191,0.483700216980468,NC,NS
BNIP3L,-0.532808742197977,0.00503219252956783,0.0550022921864243,DN,NS
BPTF,0.240051600498304,0.226325744826221,0.483700216980468,NC,NS
BRAF,-0.247876932276383,0.156697450265887,0.401799841557678,NC,NS
BRK1,-0.340994065745775,0.0064492830579733,0.064970555250694,DN,NS
BRMS1L,-0.603829499068742,0.226011116601661,0.483700216980468,NC,NS
BSG,-0.0130686633677788,0.950154606395237,0.977342610417755,NC,NS
BSN,0.323177200770237,0.25208773987829,0.51104074570362,NC,NS
BTBD1,-0.0952735118274691,0.642980759689653,0.824470320026332,NC,NS
BTBD9,-0.141976415771668,0.510824307946522,0.73111701364546,NC,NS
BTF3L4,-0.41240537182783,0.305873882719175,0.572297135680933,NC,NS
BTG1,-0.400582500395113,0.458946311354334,0.689524557796596,NC,NS
BTRC,0.362304019022107,0.322286735315633,0.584665649377064,NC,NS
BZW1,0.306335688984242,0.192089631462226,0.453840432206085,NC,NS
C11orf58,-0.178919791009408,0.274187732952883,0.536540024195569,NC,NS
C11orf87,-0.228742434210662,0.366329729220337,0.622816308136138,NC,NS
C12orf45,-1.63884781297607,0.00776201514961295,0.0734354128937294,DN,NS
C12orf76,-1.04748354833413,0.0333533716837204,0.172802230437561,DN,NS
C14orf2,0.174795932125006,0.345812485612681,0.606219453588207,NC,NS
C16orf52,-0.18955354503765,0.318970060174916,0.58375008489539,NC,NS
C16orf72,-0.0336675855606554,0.936960859099007,0.973751347751658,NC,NS
C19orf12,0.360653855125831,0.307274113228039,0.572479582064974,NC,NS
C1orf21,-0.902913671478591,0.0100808685216444,0.0867034383521672,DN,NS
C1orf50,-2.53263683153254,9.70747181925963e-05,0.00480078606334295,DN,Shortened in Neurites
C1QBP,-0.271723861914169,0.153927990839591,0.398272661197325,NC,NS
C1QL3,0.0195074125285522,0.91759359624828,0.966917029266952,NC,NS
C22orf23,0.23697273141042,0.301926100202226,0.56784027142614,NC,NS
C2orf69,0.166683007444309,0.203465097502414,0.466533247803217,NC,NS
C3orf14,-0.220391475345991,0.592166860234433,0.793445251151556,NC,NS
C3orf70,-0.212946691527328,0.344904624623301,0.606068484880381,NC,NS
C5orf24,-0.520544201848892,0.396771285929962,0.642981140687779,NC,NS
C6orf62,-0.387533297264684,0.227050300868854,0.483899563849781,NC,NS
C9orf16,-4.12658881524305,0.00329735376259213,0.0440186612723956,DN,Shortened in Neurites
C9orf3,-0.38401860723173,0.20483531497246,0.467703720230928,NC,NS
C9orf72,-0.305402293170529,0.532163364561697,0.748053928479491,NC,NS
CAB39,-0.465990471302114,0.0473806684741388,0.208338794501335,DN,NS
CACNA2D1,-0.384042366371345,0.0237986282010732,0.139961662069015,DN,NS
CACNB4,0.365281483739104,0.610389586910217,0.809389238949807,NC,NS
CACNG4,-0.319791404213601,0.344864955124181,0.606068484880381,NC,NS
CACUL1,-2.67293376569185,0.000771677599675402,0.0161458697778238,DN,Shortened in Neurites
CACYBP,-0.114119991980595,0.748712382034161,0.882709806179602,NC,NS
CADM1,0.424010699030311,0.317325720120171,0.583187095224659,NC,NS
CADM2,-0.162443436572755,0.399441487999129,0.645274445349743,NC,NS
CADPS,-0.345077447032935,0.0049278121715747,0.054708771864013,DN,NS
CALM1,-0.214072880631212,0.218614047933221,0.480509260911806,NC,NS
CALM2,-0.423429116878802,0.0430760149578311,0.197291457940251,DN,NS
CALM3,-0.0771677559355286,0.567146805164889,0.775195633190199,NC,NS
CALR,0.0907170380652627,0.760321742805363,0.888062325466704,NC,NS
CAMK2N1,-0.0922684004593386,0.347514156051805,0.606894705913907,NC,NS
CAMK2N2,-0.123600631316348,0.579423816129687,0.785356749965855,NC,NS
CAMSAP1,0.192585746335369,0.634233458618628,0.820506543373445,NC,NS
CAMSAP2,-0.105676233503324,0.773968197872468,0.893791260554483,NC,NS
CAMTA2,0.0607894146710572,0.879213088128076,0.953807827131256,NC,NS
CAND1,0.0554749716180309,0.751575989526113,0.883538278340801,NC,NS
CANX,-0.256458703527316,0.144018845297105,0.38742605390068,NC,NS
CAPN2,-0.526265477819629,0.393836089261383,0.641938075080727,NC,NS
CAPNS1,0.0918536293460069,0.77624986019599,0.894660855819108,NC,NS
CAPRIN1,-0.0742327707030759,0.574242694252582,0.780463903885108,NC,NS
CAPZA1,0.134351100319201,0.742781944773477,0.879415179851054,NC,NS
CAPZA2,-0.184193374813573,0.313719475272216,0.579502188618288,NC,NS
CAPZB,-0.129365140714839,0.698998816180293,0.855454683694376,NC,NS
CARF,-0.460174315798421,0.334695548931173,0.597283624869989,NC,NS
CARS2,-1.28175833848265,0.037650415868648,0.183604512098325,DN,NS
CASC10,-0.92299190982586,0.0556979203975851,0.226963810459074,NC,NS
CASC3,0.00556323933702407,0.985937801097862,0.99094718484478,NC,NS
CASC4,-0.492466483347531,0.13502624982098,0.373688296377477,NC,NS
CASK,-0.53132935858329,0.0337342314416464,0.172859964490098,DN,NS
CASKIN1,-0.0276451615901066,0.936238497473042,0.973751347751658,NC,NS
CBARP,0.234019268037214,0.536933334419581,0.75136137343859,NC,NS
CBFA2T2,-0.118285572639524,0.567986300563794,0.775855737618843,NC,NS
CBFA2T3,-0.068017742779612,0.813596542387286,0.913983518964757,NC,NS
CBFB,-0.267129002963419,0.389079917769004,0.63897200080404,NC,NS
CBX1,-0.421561556114507,0.0247343515492692,0.144294769359812,DN,NS
CBX3,-0.333867721304689,0.364651261505178,0.620877265285813,NC,NS
CBX5,-0.423347360477586,0.0261412576943735,0.14813379360145,DN,NS
CC2D1B,0.652670040662125,0.218369903460953,0.480457947351904,NC,NS
CCDC184,-0.0245208663261966,0.924341986814943,0.969801428789449,NC,NS
CCDC88A,-0.173306212032201,0.211277114889407,0.470671244109127,NC,NS
CCDC93,-0.0210410149288348,0.956721124387998,0.978815643073234,NC,NS
CCNC,-0.172222166682006,0.427355087597307,0.66629883908076,NC,NS
CCNG1,0.0430115294185045,0.836301983614961,0.927661846201407,NC,NS
CCNI,0.0693359042447718,0.80450254762608,0.910150990314541,NC,NS
CCNY,-1.77983945970088,0.00104514259572684,0.0191111788932907,DN,Shortened in Neurites
CCNYL1,-0.50650921853788,0.357745678726335,0.615657898470548,NC,NS
CCP110,-0.707326319709835,0.0341985312424702,0.173463878749686,DN,NS
CCT4,0.0622910097702321,0.913304742815855,0.96633218232965,NC,NS
CCT6A,0.208329234841802,0.565152747454237,0.773797291719865,NC,NS
CD200,-0.760644042972581,0.00418827796283664,0.0498016002575548,DN,Shortened in Neurites
CD24,-0.333658071911952,0.233745579773938,0.490834731652573,NC,NS
CD47,-0.0566639904233741,0.875528534204117,0.95257504521408,NC,NS
CD59,0.375000196534233,0.374908481411831,0.630420491360085,NC,NS
CD63,-0.700740452146722,0.301556252270875,0.567635298392235,NC,NS
CD99L2,0.094972133832894,0.707312681884516,0.860901230034356,NC,NS
CDC42,-0.215071611965347,0.476671516069991,0.702735243203456,NC,NS
CDC42BPA,-0.200835527651134,0.310511728725006,0.575041295068607,NC,NS
CDC42BPB,0.0285293764662788,0.956774298169471,0.978815643073234,NC,NS
CDC42SE1,0.278023194297453,0.538972752202602,0.75236376519874,NC,NS
CDH2,-0.465537838555675,0.03588857207296,0.178295737056532,DN,NS
CDIP1,0.681593093285783,0.0264162201573712,0.149303104058285,UP,NS
CDK16,-1.03436317494203,0.000701297204203766,0.015260227163474,DN,Shortened in Neurites
CDK17,-0.465343058603581,0.01804855845723,0.120889265154511,DN,NS
CDK19,0.133755623675055,0.661060979979338,0.834862851094045,NC,NS
CDK2AP1,-1.23621732494373,0.00837279020364331,0.0768742256672061,DN,NS
CDK5RAP3,-0.39174399413869,0.335432083942839,0.597283624869989,NC,NS
CDKL1,-1.81325203436372,0.00891572397069402,0.0798379232931284,DN,NS
CDKN1B,-0.562169700609756,0.086843005394421,0.299820947503548,NC,NS
CDKN2AIPNL,-0.356312961125968,0.118430394701363,0.350220821148973,NC,NS
CDV3,-0.00121009855329179,0.994417793779903,0.997627072044753,NC,NS
CEBPG,0.0816727999707167,0.824881219855009,0.920011037624039,NC,NS
CECR2,-0.645242251028831,0.0458931202621305,0.204219692618397,DN,NS
CELF1,0.179041717150463,0.468658173911975,0.696736965563448,NC,NS
CELF2,-0.0922334345096056,0.579994621872761,0.785356749965855,NC,NS
CELF3,0.114258917311,0.65595495407633,0.831635727294497,NC,NS
CELF4,-0.346893077708326,0.0377165518878453,0.183604512098325,DN,NS
CENPO,-0.303851646659203,0.214001993884971,0.474016420861509,NC,NS
CEP170,-0.171007178535431,0.259744117118247,0.51979242120595,NC,NS
CEP170B,0.151172741245915,0.640358522374783,0.824470320026332,NC,NS
CEP250,-1.035113570876,0.0104084036622819,0.0883022866650709,DN,NS
CEP68,-0.260855649321504,0.416702213685528,0.660892140655764,NC,NS
CERK,0.956629635678131,0.00475146484673139,0.0544473180729912,UP,NS
CERS6,-0.371550334733583,0.0151041001270324,0.110792814282837,DN,NS
CETN2,-0.804566807486015,0.0329454072479019,0.171870509258852,DN,NS
CFL1,-0.425452630133885,0.0181361894024068,0.121056282636924,DN,NS
CFL2,-0.0513386145570829,0.753098599830239,0.884372667690557,NC,NS
CGREF1,-0.434711992667475,0.293218858456148,0.557243874236314,NC,NS
CHCHD3,-0.0677200595060692,0.733337623020804,0.875338819359994,NC,NS
CHD1,-0.318719542550305,0.247044221343556,0.505955318064989,NC,NS
CHD5,-0.00641433177743611,0.982740488717017,0.988718944950901,NC,NS
CHM,-0.0133510076608259,0.981605339482922,0.988718944950901,NC,NS
CHMP5,-0.643299085852916,0.20216133551427,0.465267120087083,NC,NS
CHMP7,0.58942805972763,0.325676475987565,0.588598016402775,NC,NS
CHN1,0.350928020178959,0.560948020405333,0.770058869915796,NC,NS
CHORDC1,0.00809605730807617,0.973872288713579,0.98610800383469,NC,NS
CHRNA5,-0.763800675027571,0.0368338873019046,0.181336060563223,DN,NS
CHRNB2,0.235407132958206,0.226264490366539,0.483700216980468,NC,NS
CHRNB4,0.358260109343762,0.478166959657204,0.703510009610599,NC,NS
CHST7,0.474917114840535,0.21030161683269,0.470671244109127,NC,NS
CIAO1,1.17845144241504,0.00481635761260518,0.0544473180729912,UP,NS
CISD1,-2.18499847462984,0.000505079218927699,0.0124865528938923,DN,Shortened in Neurites
CISD2,-0.0919813686330136,0.803491972319219,0.910150990314541,NC,NS
CISD3,-1.13039310822211,0.0798496075569376,0.284374379777244,NC,NS
CKAP4,0.345474781340402,0.195300521729202,0.456516704742015,NC,NS
CLASP2,0.0222651622526084,0.898007732542224,0.963515637322443,NC,NS
CLCC1,0.53436750808957,0.223867799180658,0.483700216980468,NC,NS
CLCN3,-0.785677237618701,0.00057661694741479,0.01349159653306,DN,Shortened in Neurites
CLCN4,0.337959031868605,0.224942873861014,0.483700216980468,NC,NS
CLDN12,-1.23439345644414,0.00652055117673549,0.0650858686264973,DN,NS
CLIC4,-0.301908694163158,0.115915149508291,0.347413763504954,NC,NS
CLIP2,0.454098797507283,0.184046095387344,0.44503484316217,NC,NS
CLIP3,-0.446770968343427,0.4250918067378,0.665767252076716,NC,NS
CLMP,0.16118335779598,0.422681056179721,0.665523862696869,NC,NS
CLN5,-0.601796506602977,0.00109002737640356,0.019602475793836,DN,Shortened in Neurites
CLOCK,-0.626143569074249,0.0222048027662327,0.136877197788448,DN,NS
CLSTN1,0.0664740863678397,0.440685840556042,0.676734219513018,NC,NS
CLSTN2,0.321116076853257,0.0435405101428604,0.198209518976704,UP,NS
CLTA,-0.00545002866562627,0.98850989964164,0.992615386073008,NC,NS
CLTC,-0.325446697962092,0.195320336449824,0.456516704742015,NC,NS
CLUAP1,-1.89078640960356,0.000413756140294161,0.0109796751375621,DN,Shortened in Neurites
CMIP,-0.17524469491419,0.269066542057338,0.530334053910115,NC,NS
CMPK1,-0.554356583798645,0.00471332537393056,0.0544473180729912,DN,NS
CMSS1,-0.654813984945225,0.00723759061856038,0.0703080231517294,DN,NS
CMTM4,-0.765385967157525,0.135324622033756,0.373688296377477,NC,NS
CMTM6,-1.10703462517464,0.0308622665128049,0.165409586039073,DN,NS
CNBP,-0.19241653822606,0.451366959068936,0.682539612879782,NC,NS
CNIH1,-0.356062075531767,0.0315448663089842,0.166647362326914,DN,NS
CNN3,-0.825086060980593,0.107526383961552,0.333776621255829,NC,NS
CNOT6,-0.19289363406943,0.359322394787498,0.615657898470548,NC,NS
CNOT6L,-0.016709314116032,0.921203677407108,0.968980935204487,NC,NS
CNOT7,0.533169914616084,0.021580592908542,0.134940718876401,UP,NS
CNOT8,-0.525912253991164,0.34680563714271,0.606750407173413,NC,NS
CNR1,0.0813744644921282,0.513598395690688,0.73380834472944,NC,NS
CNST,-0.00901067645357667,0.9633669113099,0.980992372120178,NC,NS
CNTN1,-0.396020641127293,0.0356076111538259,0.177304718239646,DN,NS
CNTNAP2,-0.167256236420856,0.0918934619493424,0.306779371972677,NC,NS
COL4A3BP,-1.01121177657469,0.00957217263458581,0.0843500889016935,DN,NS
COMMD1,-0.758208621945831,0.00597644652252713,0.0625228251587453,DN,NS
COMMD2,-0.768825650452298,0.134676314530496,0.373688296377477,NC,NS
COMMD9,-2.42289476866107,4.68707388151387e-05,0.00283307576838172,DN,Shortened in Neurites
COPA,-0.229828515386067,0.215240119188334,0.475494923201844,NC,NS
COPB2,0.382034557051297,0.202271459376094,0.465267120087083,NC,NS
COPG2,0.808814372696444,0.0757382887013057,0.274220492868621,NC,NS
COPS2,-1.46193823817112,1.96977388518731e-05,0.00186254929122241,DN,Shortened in Neurites
COPS6,-0.799054172153998,0.0386775956838949,0.186200106655211,DN,NS
COPS8,0.804988063695872,0.0121340036014311,0.0967164536143376,UP,NS
COPZ1,-0.0225432946810572,0.939978263923386,0.974872688056294,NC,NS
COQ10A,-0.43220819579255,0.26991598455806,0.530962624558349,NC,NS
CORO1C,-0.339393664393608,0.379100632059544,0.631679253750674,NC,NS
CORO2B,0.244738106254835,0.24789221858843,0.506491518918707,NC,NS
COTL1,-0.190168189939741,0.586892760028621,0.78904248748508,NC,NS
COX20,-2.44169218174028,5.45732101009661e-06,0.00107955731981548,DN,Shortened in Neurites
COX5A,-2.32844281122284,0.0109114933128497,0.0906237001861108,DN,NS
COX6B1,-0.408916086630234,0.128297349919217,0.3668528691514,NC,NS
COX6C,-2.37513198738665,0.000633786507659798,0.0143658275069554,DN,Shortened in Neurites
COX7A2,0.165332333043763,0.348212750400927,0.607451922481299,NC,NS
COX7B,-1.81316615679286,0.00232900523484665,0.0344756149049409,DN,Shortened in Neurites
COX7C,-1.05861260635289,0.00083435209860089,0.016810649690329,DN,Shortened in Neurites
CPD,-0.297113111381295,0.0907408253651635,0.306602540364279,NC,NS
CPE,0.401032173161679,0.123067843657687,0.358975372384888,NC,NS
CPEB2,-0.677901915990077,0.0183428322560863,0.121689033503792,DN,NS
CPEB3,-0.358248945110221,0.196286965144215,0.458282803382461,NC,NS
CPLX1,0.07667555425579,0.816551941301931,0.916357413240332,NC,NS
CPNE3,-0.280275450509388,0.552419068792983,0.762736282451371,NC,NS
CPSF6,-0.824082270046091,0.000235014723223617,0.0076327169811133,DN,Shortened in Neurites
CRBN,1.40211478992261,0.000886354813693094,0.0175961299760385,UP,Lengthened in Neurites
CREB3L2,-0.7278857285768,0.049232707508115,0.212560260987417,DN,NS
CREBL2,0.108628988744215,0.78343225154528,0.900553924650041,NC,NS
CREG1,0.0520963901767936,0.86023263129915,0.945526615233802,NC,NS
CRIM1,-0.811589804294664,0.00368961048588117,0.045877670955871,DN,Shortened in Neurites
CRK,-0.28400042606385,0.214351281727224,0.474016420861509,NC,NS
CRKL,-0.192269077322303,0.674184781517904,0.841388055375121,NC,NS
CRTAP,-0.938612944034791,0.00176961574637005,0.0283138519419207,DN,Shortened in Neurites
CRYBG3,-0.45974126380499,0.403520858744023,0.649221850458504,NC,NS
CS,-0.15914963022305,0.713042005277869,0.863542267721552,NC,NS
CSDE1,-0.196753480606744,0.0583010359583561,0.231925144872729,NC,NS
CSNK1A1,-0.713675575286115,0.000476084319716387,0.0121877585847395,DN,Shortened in Neurites
CSNK1D,-0.0212763231988893,0.940913487378057,0.97496559454031,NC,NS
CSTB,-0.668085591834339,0.023657947735925,0.139774252210901,DN,NS
CTBP1,0.0671368538945186,0.757755892597186,0.88786198636547,NC,NS
CTBP2,0.215677464781842,0.20053729797601,0.463729182142188,NC,NS
CTDNEP1,-0.0870732903120845,0.916505675733121,0.966917029266952,NC,NS
CTIF,0.137026754988929,0.699051318359602,0.855454683694376,NC,NS
CTNNA2,0.117466791487366,0.685628199640806,0.846723588205671,NC,NS
CTNNB1,0.0871534808081229,0.443099151509786,0.678524809067766,NC,NS
CTNNBIP1,-0.908953487769365,0.0236059239526647,0.139774252210901,DN,NS
CTNND2,0.017537355080036,0.91137177283592,0.96633218232965,NC,NS
CTPS1,-0.246660768865032,0.331821125812707,0.593795835304637,NC,NS
CTSB,-0.199297344652458,0.50740466394322,0.727114590658655,NC,NS
CTSZ,-1.1799603466504,0.00555204166985565,0.0592217778117936,DN,NS
CUL3,-0.349035114456708,0.284327387298063,0.547315487423007,NC,NS
CUL4A,-0.259094749603072,0.148390778311195,0.390918079425135,NC,NS
CWF19L2,-0.488165816803413,0.137058736815559,0.37704148079729,NC,NS
CXXC5,0.118628108606828,0.606858751589153,0.806351925820783,NC,NS
CYB561,-0.113070571665175,0.108945413261786,0.334837880307411,NC,NS
CYB5B,-0.228608015265776,0.463635193056966,0.69385844573037,NC,NS
CYB5D2,-0.36195908839211,0.155654010051139,0.400832101622816,NC,NS
CYCS,-0.344056896450148,0.108450318710629,0.334734600729543,NC,NS
CYFIP2,0.113911145889575,0.760088524118665,0.888062325466704,NC,NS
CYLD,-0.588706918312377,0.111748636802038,0.33914230638945,NC,NS
CYP51A1,-0.0997163363510655,0.296002882179934,0.559116555228764,NC,NS
CYSTM1,-0.114064936908508,0.68544200480996,0.846723588205671,NC,NS
CYTH1,0.703029556335163,0.011463416590444,0.0934246985048922,UP,NS
DAB1,0.200765382701131,0.253238655925529,0.512125757708134,NC,NS
DAB2IP,0.0168281959249728,0.955188935823937,0.978815643073234,NC,NS
DAP3,-0.0403299303639118,0.929150592395086,0.971224801654252,NC,NS
DBI,-0.0249151545316417,0.895584902444705,0.962366788997372,NC,NS
DBNDD1,0.15720211516187,0.631828472582473,0.818658606016627,NC,NS
DCAF11,-0.70377527012115,0.0651677739786803,0.249218060066096,NC,NS
DCAF17,-0.00492059490113039,0.976284958038036,0.986915933560773,NC,NS
DCAF5,0.454300208876409,0.131677694948727,0.371044113835954,NC,NS
DCAKD,-0.18708765640874,0.397836185518279,0.644115728934357,NC,NS
DCC,0.421792686066126,0.483367341675717,0.708287768004282,NC,NS
DCK,-0.378479832380311,0.550777719944411,0.761430952095959,NC,NS
DCP1A,-0.514004345373454,0.115587935594793,0.346923238419683,NC,NS
DCTD,-1.27275291755413,0.00383078764122674,0.0465686810464212,DN,Shortened in Neurites
DCTN1,-0.605850619737716,0.0555288913193963,0.226963810459074,NC,NS
DCTN2,0.31077737709327,0.164756019407603,0.41350530361124,NC,NS
DCTN3,0.433346642589756,0.106788156737484,0.333202858551765,NC,NS
DCTN4,0.0620755880773604,0.716677433125456,0.864252326620384,NC,NS
DCX,0.0709797911240817,0.695131107443294,0.85313327117688,NC,NS
DDA1,-1.79505129381329,0.0164861532459747,0.116473602153379,DN,NS
DDAH1,0.256653816330115,0.222600649292745,0.483700216980468,NC,NS
DDB1,0.76870643735293,0.224777876964884,0.483700216980468,NC,NS
DDHD2,-0.0256820302866344,0.816027961104415,0.916241921240045,NC,NS
DDIT4,-0.60795073833325,0.0785227220068305,0.281459106211511,NC,NS
DDX17,-0.589498208696807,0.103802971540582,0.32974491397417,NC,NS
DDX19A,-0.782705551462454,0.0886801554039851,0.303886642770192,NC,NS
DDX19B,-0.727998747650217,0.0821232054010528,0.287463658256189,NC,NS
DDX42,0.210366430007086,0.399046993511606,0.64511609055071,NC,NS
DDX5,0.152410759311652,0.708097324960533,0.860901230034356,NC,NS
DDX6,-0.153357195856743,0.45514662913367,0.685885142296375,NC,NS
DEK,-0.897225790414066,0.069714778287801,0.260204729938688,NC,NS
DENR,0.433544651589013,0.401116056979131,0.647018932532683,NC,NS
DESI1,-0.732144274286434,0.0906601598282592,0.306602540364279,NC,NS
DET1,-2.09020451378993,0.0012533199928659,0.0213064398787203,DN,Shortened in Neurites
DGKB,-0.279971468733455,0.0762063250250062,0.274979011822735,NC,NS
DGKE,-0.30943003456957,0.0579085549893953,0.230785742961399,NC,NS
DGKI,-0.404254500514884,0.172910408301944,0.426107642655753,NC,NS
DHCR24,0.0397353030403383,0.812236281493953,0.913398526372528,NC,NS
DIABLO,0.015591361607763,0.963410247803686,0.980992372120178,NC,NS
DIAPH1,-0.0321880404792893,0.893684196823197,0.961749165325062,NC,NS
DICER1,0.0115480166006479,0.95460956895361,0.978815643073234,NC,NS
DIP2C,0.289012320782598,0.373832243323302,0.630068302298412,NC,NS
DIRAS1,-0.102360311441806,0.735792504429381,0.876688175223012,NC,NS
DIRAS2,-0.374128018322795,0.385549333251947,0.636054093370916,NC,NS
DIRC2,0.167106422951631,0.53472107071698,0.749712016675354,NC,NS
DIXDC1,-0.577978737555879,0.0005256762919893,0.0125700177073485,DN,Shortened in Neurites
DLD,0.155312413491828,0.636752580415148,0.822298881295764,NC,NS
DLG5,-0.131781390928989,0.785868041304342,0.901860924679734,NC,NS
DLGAP4,-0.507329463243901,0.118888536304741,0.351019613295953,NC,NS
DMWD,0.504303034476109,0.225143666987336,0.483700216980468,NC,NS
DNAJA1,-0.81984178733793,0.0279287951050377,0.153080751003934,DN,NS
DNAJA2,0.0531613334009375,0.801252286257899,0.909582794554162,NC,NS
DNAJB12,-1.02789763077781,0.0835325851218341,0.290601555523901,NC,NS
DNAJB14,0.285756679573527,0.302978150714693,0.568835596164945,NC,NS
DNAJB4,0.856398066474539,0.0134848947512814,0.102598360065693,UP,NS
DNAJB5,-0.835598794995365,0.0309866599777164,0.165668236146218,DN,NS
DNAJC10,-0.478141942671626,0.362637196178063,0.618744449283127,NC,NS
DNAJC15,-0.916453213908878,0.0396308097678236,0.188568838884881,DN,NS
DNAJC16,-0.177572992738857,0.65694502497905,0.831635727294497,NC,NS
DNAJC6,-0.410758048075468,0.0604757819198241,0.235316522063308,NC,NS
DNAJC8,-0.157177046842673,0.755363046439215,0.886075465796082,NC,NS
DNALI1,-1.11114076624717,0.0137159112670725,0.103272743657958,DN,NS
DNER,-0.265182087026168,0.358632400786664,0.615657898470548,NC,NS
DNM1,0.53494311603943,0.188260531561016,0.450665474891937,NC,NS
DNM1L,-0.183310130667968,0.293614376752191,0.557508624618471,NC,NS
DNMT3A,-0.208850272332095,0.0339223672783834,0.172869019198507,DN,NS
DNPH1,-3.2553357707997,0.0023033398555718,0.0344116036741849,DN,Shortened in Neurites
DOK5,-0.033661895235851,0.869956330862638,0.950159755482482,NC,NS
DPF2,0.594352008558131,0.297371541219334,0.56121463459954,NC,NS
DPH3,-0.192676889500722,0.153147392234964,0.398272661197325,NC,NS
DPY19L3,-0.304447703154558,0.480462669695405,0.704980963760756,NC,NS
DPYSL2,0.0685206619547362,0.241404387943073,0.500712982038595,NC,NS
DPYSL3,0.0518206530320593,0.553250705205084,0.762736282451371,NC,NS
DR1,-0.461215191248225,0.0565994126546372,0.228703594730369,NC,NS
DRAXIN,0.239750087846557,0.518163712459548,0.736943946609136,NC,NS
DRG1,-1.94942086354243,1.6855082663653e-05,0.00184636203960328,DN,Shortened in Neurites
DSEL,-0.556144175088125,0.0596915801393911,0.234386683173592,NC,NS
DST,0.0360284719769153,0.75025798035917,0.882709806179602,NC,NS
DSTN,-0.304392089635587,0.0287799685788626,0.156955417613045,DN,NS
DTNBP1,-0.515816939283674,0.26102400144815,0.520612490514366,NC,NS
DTX4,-0.454273762497454,0.22088535577946,0.483700216980468,NC,NS
DUSP16,-0.483345287929042,0.12497912086875,0.362123258336085,NC,NS
DUSP3,-0.213152106017143,0.220751566828712,0.483700216980468,NC,NS
DUSP4,-0.705153001826141,0.0735385814725198,0.269393860747817,NC,NS
DVL3,-0.217533234628936,0.511416560533466,0.73117111413983,NC,NS
DYM,-0.813500167403435,0.153749733348086,0.398272661197325,NC,NS
DYNC1H1,-0.000471860064607421,0.998178063721409,0.999126920222872,NC,NS
DYNC1I2,-0.634069018753478,0.0105408214361945,0.088467734153784,DN,NS
DYNC1LI2,0.213021436467494,0.123566933668298,0.359467443398684,NC,NS
DYNLL1,-0.0840393799425176,0.516958705284464,0.735711015499669,NC,NS
DYNLL2,-0.14840980527287,0.299270516930567,0.56430905098866,NC,NS
DZIP1,-2.18860915856941,0.000249338461155195,0.0078631955286044,DN,Shortened in Neurites
E2F6,1.29608909533951,0.0151729129854254,0.110792814282837,UP,NS
EAF1,-0.0472727537798321,0.727462734623293,0.874080016863769,NC,NS
EBF1,0.232603711363455,0.039868671514704,0.188568838884881,UP,NS
EBF2,-0.047089142267548,0.766550749689356,0.890233934944606,NC,NS
EBF3,0.112330971215503,0.729725079328989,0.874506318896762,NC,NS
ECHDC1,0.452507726183718,0.257647611111988,0.517196680608565,NC,NS
ECHS1,-0.213528780967656,0.520458718289079,0.738277816816843,NC,NS
EDF1,0.0658480060380575,0.829587539000016,0.923366999930452,NC,NS
EEF1A1,-1.80066389262707,0.000109086774391702,0.00516027871905094,DN,Shortened in Neurites
EEF1A2,-0.741208055068594,0.0353335432083356,0.176849445681027,DN,NS
EEF1AKMT2,-1.91281296991853,0.0174188949296113,0.119947833439348,DN,NS
EEF2,0.258142191142883,0.612379038365009,0.809462588805149,NC,NS
EFNA5,0.127154387403621,0.263407907739932,0.522515033324939,NC,NS
EFNB2,-0.706444890725264,0.106882166943535,0.333202858551765,NC,NS
EFNB3,-0.323704489723308,0.24342677057506,0.501629344455997,NC,NS
EFR3B,0.658602286720234,0.16997420756007,0.42221903613095,NC,NS
EGLN1,-0.530498426055788,0.0494545434174991,0.212629929275915,DN,NS
EI24,-0.713860294656045,0.00575139432978175,0.0607525925320635,DN,NS
EID1,-0.0301046735035058,0.910827711312644,0.96633218232965,NC,NS
EIF1,-0.418220453618542,0.0135413426852254,0.102668856038503,DN,NS
EIF1AX,-0.0641967903008749,0.761468862333424,0.888448388438354,NC,NS
EIF1B,0.177298568660671,0.30365634119388,0.569617412446451,NC,NS
EIF2B1,-0.225113383538738,0.675443579181222,0.842272337133718,NC,NS
EIF2S2,-0.442548872572815,0.434314580902996,0.673125732225726,NC,NS
EIF2S3,0.079786997881372,0.659668319912967,0.833587842119987,NC,NS
EIF3E,-2.32115733470369,0.000971599760743799,0.0184801368514511,DN,Shortened in Neurites
EIF3F,-0.82368221652056,0.0305910110414438,0.164360592657239,DN,NS
EIF3H,-3.0238366915883,0.000229297094775332,0.0076327169811133,DN,Shortened in Neurites
EIF3J,-0.530697288323308,0.133887979644665,0.373001948334288,NC,NS
EIF3M,-1.96091033665534,0.00637384669078272,0.0645092576704334,DN,NS
EIF4A1,0.0161978398177772,0.92355754185728,0.969716021230806,NC,NS
EIF4A2,-0.30636550319954,0.0760469181755209,0.274880554734109,NC,NS
EIF4B,-0.373856265783232,0.0412123308270281,0.19203004685142,DN,NS
EIF4E,-0.119708274847656,0.553474535841321,0.762736282451371,NC,NS
EIF4E3,-0.535102890277307,0.0489603936031113,0.212121750197537,DN,NS
EIF4EBP2,-0.221239871534159,0.130700467351046,0.369836432972532,NC,NS
EIF4G2,-0.625604241534166,0.008656220736139,0.0778344476109028,DN,NS
EIF4G3,-1.21854651904089,0.113794361799881,0.34352221676199,NC,NS
EIF5,-0.462962074486293,0.0408380665318808,0.191516449942614,DN,NS
EIF5A,0.0390225537766271,0.876260746548968,0.952895244622966,NC,NS
EIF5B,0.152369052404711,0.553048762763511,0.762736282451371,NC,NS
ELAC2,-0.253134283178602,0.366550296097365,0.622816308136138,NC,NS
ELAVL1,0.246229602939697,0.376450266776936,0.630604911860363,NC,NS
ELAVL2,-0.602480633227468,0.0202734182484153,0.132368774915682,DN,NS
ELAVL3,0.0877130431462032,0.821363835688175,0.919044356429055,NC,NS
ELAVL4,-0.400269149017498,0.143493454056023,0.386916674133711,NC,NS
ELK4,-4.44161358858886,3.30364571636035e-05,0.00224647908712504,DN,Shortened in Neurites
ELOC,-0.536604811081588,0.0929714106784706,0.308336818366321,NC,NS
ELOVL4,-0.105214721898204,0.761388539699303,0.888448388438354,NC,NS
ELOVL5,-0.783240598159032,9.457159114342e-06,0.00145974148920106,DN,Shortened in Neurites
ELOVL6,-0.207312801674482,0.194446988383538,0.455944662416572,NC,NS
ELP6,-0.241288263143103,0.357649690549502,0.615657898470548,NC,NS
EMB,-4.20271607857263,6.7484756080666e-06,0.00112959099408869,DN,Shortened in Neurites
EMC1,-0.0162484244853273,0.934105285752957,0.973751347751658,NC,NS
EMC3,-1.69618522434044,0.00936679253482996,0.0831924104317959,DN,NS
EMC6,-1.34442213254268,0.0115223844070525,0.0934345315334431,DN,NS
EME2,-1.31475425106156,0.198391276869752,0.460102273158701,NC,NS
EML4,0.156374773644481,0.569206137481518,0.77654705652651,NC,NS
EML6,0.50692464915225,0.23535741894696,0.493388963033319,NC,NS
ENAH,-0.762039344541581,0.0015218053171574,0.0247123012696604,DN,Shortened in Neurites
ENC1,0.295113506571722,0.179065051084987,0.436822366772345,NC,NS
ENO1,0.0516949556525144,0.888637432742492,0.959640225135316,NC,NS
ENO2,-0.523475311874866,0.00179572904007701,0.0285219444613692,DN,Shortened in Neurites
ENOPH1,-0.394271507668146,0.130495122050749,0.369836432972532,NC,NS
ENTPD4,-0.124011230533691,0.74139512375533,0.879169367461361,NC,NS
ENY2,-1.45528342766032,0.00376109955894979,0.0461811942515354,DN,Shortened in Neurites
EPB41,-0.247249288278338,0.19053453957313,0.45308273933595,NC,NS
EPB41L1,-0.0447842562504029,0.715517788925532,0.863542267721552,NC,NS
EPB41L3,0.238070582767663,0.206655995728559,0.469086668697094,NC,NS
EPB41L5,-4.09864877245612,0.000145770055840511,0.00598482342469722,DN,Shortened in Neurites
EPG5,-0.0393788030403246,0.912555181342128,0.96633218232965,NC,NS
EPHA4,0.552708725085306,0.196497176266469,0.458282803382461,NC,NS
EPN2,0.261795504839098,0.322559084230827,0.584665649377064,NC,NS
EPS15,-0.324946803628222,0.0501585419328105,0.213590973083749,NC,NS
EPS8L1,-0.370082396077037,0.384428749053495,0.635445586269542,NC,NS
ERC1,-0.237529280956157,0.460698396936367,0.69136531843692,NC,NS
ERCC1,-2.31847226682535,0.00295246395123102,0.0404060475338282,DN,Shortened in Neurites
ERH,0.0820800895365774,0.606025484481186,0.806058346107005,NC,NS
ERO1A,-0.438196161731369,0.319877199905438,0.584364926314833,NC,NS
ESRRG,0.0635472366134144,0.904635165028611,0.964853010807658,NC,NS
ETF1,-0.420422129606151,0.105586877119305,0.332372977279903,NC,NS
ETNK1,-0.437865584446982,0.207487222734357,0.469086668697094,NC,NS
ETV5,0.677515548401064,0.132944673275298,0.372593935433731,NC,NS
EVL,0.115668231018048,0.882236290608385,0.955573005656469,NC,NS
EXO5,-1.00328615615759,0.130258318128363,0.369836432972532,NC,NS
EXOC4,-0.914231147972006,0.0152562914976044,0.111029064544439,DN,NS
EXOC5,0.147064702929064,0.665358698779264,0.836407006668791,NC,NS
EXOC6B,-0.689999029578992,0.0066765118916611,0.0663383099372354,DN,NS
EXOSC2,-0.244861751351379,0.516413423369509,0.735415974641395,NC,NS
EYA1,-0.392885053698807,0.0322692932486774,0.169199956889451,DN,NS
F2R,0.194007675127934,0.72930069936362,0.874506318896762,NC,NS
FABP3,-0.793793177628814,0.00602424868393598,0.0627213642882522,DN,NS
FADS1,-0.393971131002239,0.154628423294932,0.398662854371768,NC,NS
FAF1,-0.995885571488523,0.0272441655799101,0.15123291913746,DN,NS
FAF2,-0.669138553493183,0.0373492183857504,0.183044818034669,DN,NS
FAIM2,-0.31181932930108,0.394889479429849,0.642030787339991,NC,NS
FAM102B,-0.480814439031147,0.054042175465622,0.225279260178532,NC,NS
FAM107B,-0.404562518200991,0.07640507423704,0.274979011822735,NC,NS
FAM117B,-0.538136665739409,0.187692711517441,0.450296957289914,NC,NS
FAM126A,0.089409320273154,0.759334171243631,0.88786198636547,NC,NS
FAM136A,-1.07726041084518,0.00131764637659917,0.0222263450812386,DN,Shortened in Neurites
FAM167A,0.0235705415036503,0.943492013034744,0.976242805688827,NC,NS
FAM168A,-0.0484716853715498,0.68468407927623,0.846518498014248,NC,NS
FAM168B,-0.0187629722123812,0.930608323276248,0.971224801654252,NC,NS
FAM169A,-0.334550984709963,0.318968702024931,0.58375008489539,NC,NS
FAM171B,-0.0385316792787924,0.818021914714578,0.917061147047357,NC,NS
FAM177A1,-0.722525867409073,0.0151676068945785,0.110792814282837,DN,NS
FAM192A,-0.214873876739633,0.546219122553345,0.758018374155662,NC,NS
FAM199X,-0.227509474874587,0.306169936256889,0.572358918638308,NC,NS
FAM19A5,-0.360760359219865,0.0554309598986645,0.226963810459074,NC,NS
FAM204A,-1.28092420462465,0.0029186711020049,0.0404060475338282,DN,Shortened in Neurites
FAM20C,1.14993439866073,0.00358711943598892,0.0457582456278334,UP,Lengthened in Neurites
FAM210A,-1.98492767021827,0.00504110369740941,0.0550022921864243,DN,NS
FAM213A,-0.227482589313946,0.0918957368447003,0.306779371972677,NC,NS
FAM216A,-0.0904591120068023,0.701071448782574,0.856078267424737,NC,NS
FAM222A,-0.343355891005378,0.379413963534987,0.631679253750674,NC,NS
FAM222B,-0.343630415216257,0.258788481309079,0.518530143028137,NC,NS
FAM229B,-1.98726379566077,0.000219447340726624,0.00746120958470522,DN,Shortened in Neurites
FAM234B,0.151328169775096,0.466736591682899,0.695629331165746,NC,NS
FAM32A,-0.0974202715907604,0.782646354633581,0.900126040001413,NC,NS
FAM49B,-0.11110162113116,0.732268170088627,0.875338819359994,NC,NS
FAM8A1,-0.0520160278758334,0.713459418194613,0.863542267721552,NC,NS
FAM91A1,-0.800073543970975,0.0836013666167106,0.290601555523901,NC,NS
FAR1,-0.51294247739521,0.0256831283084866,0.147166984763008,DN,NS
FARP1,-0.231135420131579,0.0971639563610415,0.314626144407182,NC,NS
FAXC,0.0376175333411519,0.903524004161753,0.964853010807658,NC,NS
FBRSL1,-0.833329631304793,0.0211530284007227,0.134365904347306,DN,NS
FBXL19,-0.0627683864836778,0.91889052875327,0.96740086374367,NC,NS
FBXL20,-0.199015966240042,0.33569755202941,0.597283624869989,NC,NS
FBXL5,-0.072921350848846,0.823226226825817,0.91905793226353,NC,NS
FBXO10,0.384212806447372,0.151288638457931,0.395677977505357,NC,NS
FBXO11,-1.10745970114001,0.0156017970855529,0.113165034860543,DN,NS
FBXO21,0.460204268559306,0.532015517054244,0.748053928479491,NC,NS
FBXO30,-0.351950247335116,0.342648841834326,0.60421708252147,NC,NS
FBXO31,0.261721065930225,0.489998709121607,0.715115486954135,NC,NS
FBXO45,0.159237904319395,0.389047134492694,0.63897200080404,NC,NS
FBXW7,-0.49210283499605,0.428888587152919,0.66629883908076,NC,NS
FDFT1,0.0465302329087964,0.771336595675148,0.891749430767491,NC,NS
FGF11,0.208859910820077,0.523180090722829,0.741171795190675,NC,NS
FGF13,-0.568198895357026,0.0105161793269389,0.088467734153784,DN,NS
FGF14,-0.265327209257744,0.356941976189074,0.615492819704221,NC,NS
FHOD3,-0.0703107109313361,0.795884558407262,0.906033645459455,NC,NS
FKBP1A,0.0683003799920373,0.713538368361349,0.863542267721552,NC,NS
FKBP1B,-1.34140908637406,0.000434627080811663,0.0112589110457878,DN,Shortened in Neurites
FKBP2,-0.432234092430241,0.114057522557726,0.34352221676199,NC,NS
FKBP3,-0.372999838077229,0.423749920574431,0.665767252076716,NC,NS
FKRP,0.495535644229799,0.150272588568523,0.393967653885669,NC,NS
FLCN,0.638527647673422,0.140061850861829,0.380492618570962,NC,NS
FLOT2,-0.323227301525633,0.452098456229242,0.683171000524188,NC,NS
FLVCR1,-1.75306088446752,0.00066558131001447,0.014797265480705,DN,Shortened in Neurites
FMNL2,-0.630074438322639,0.168371217512946,0.419674420742463,NC,NS
FMR1,0.340228188307329,0.187505869257132,0.450296957289914,NC,NS
FNBP1L,-0.387348383735755,0.0221125826450872,0.136695965442357,DN,NS
FNDC4,-0.247854990051714,0.646700516750298,0.826803950909899,NC,NS
FOCAD,-0.27928064832148,0.511042728747585,0.73111701364546,NC,NS
FOXK2,0.249567505575754,0.468435560096876,0.696736965563448,NC,NS
FOXN3,-0.760400496053945,0.00362636282953227,0.0457582456278334,DN,Shortened in Neurites
FOXO3,-0.238052897585158,0.1067178602025,0.333202858551765,NC,NS
FRMD4A,-0.00396944646815522,0.985651284912768,0.99094718484478,NC,NS
FRS2,-0.210041833776211,0.336289857938401,0.597662171264706,NC,NS
FRY,-0.259445047976147,0.118457042447447,0.350220821148973,NC,NS
FSD1L,-0.111796161534648,0.822212172381378,0.919044356429055,NC,NS
FTH1,0.410763300692067,0.0177426581135509,0.120709835475019,UP,NS
FTL,-0.532122173877519,0.372242977879647,0.628394662425223,NC,NS
FUBP1,0.198820591247231,0.449720383744259,0.681470442219713,NC,NS
FUNDC2,-0.875472437939216,0.0234978482569455,0.139774252210901,DN,NS
FXYD6,-0.164188672354153,0.440459479510837,0.676734219513018,NC,NS
FYN,-0.289914054470808,0.449187194703006,0.681470442219713,NC,NS
FYTTD1,-0.381335061872694,0.0490336582487873,0.212121750197537,DN,NS
G3BP2,0.352933351379054,0.0629647906267581,0.242927986531606,NC,NS
G6PC3,-0.731799992692629,0.0903287029340542,0.306160837359037,NC,NS
GABARAP,0.44153276837792,0.07199873497318,0.267055212942465,NC,NS
GABARAPL1,0.154622465340018,0.379884323775009,0.631978813864236,NC,NS
GABARAPL2,0.143022301509042,0.225500778816734,0.483700216980468,NC,NS
GABRB3,0.110245303228536,0.291767511774754,0.55594229914349,NC,NS
GADD45GIP1,-0.184134693568647,0.451319686318788,0.682539612879782,NC,NS
GALK2,0.217729714565667,0.57568492310925,0.781378246815424,NC,NS
GALNT1,0.0652827634463595,0.89941948309081,0.963515637322443,NC,NS
GAN,-0.89397359658671,0.0497374237138974,0.212629929275915,DN,NS
GAP43,0.204268388344839,0.318802590053981,0.58375008489539,NC,NS
GAREM2,0.145325070451176,0.104808491850723,0.330921394604307,NC,NS
GATAD2A,-0.274029722226187,0.336757078270055,0.597702612002968,NC,NS
GATAD2B,-0.136805488679998,0.455155397737116,0.685885142296375,NC,NS
GCFC2,-0.437150691091114,0.184539673781259,0.445680721584927,NC,NS
GDAP1,-0.370751079915207,0.301441591743576,0.567635298392235,NC,NS
GDAP2,-2.76190338364846,0.000573716776801992,0.01349159653306,DN,Shortened in Neurites
GDE1,-0.404993947560427,0.330219277706652,0.592977158686775,NC,NS
GDF11,-0.518590046162624,0.143028035951041,0.386619883514864,NC,NS
GDI2,-0.300361808223506,0.0211248778849185,0.134365904347306,DN,NS
GFM1,-1.87622407154444,0.000604992282125013,0.0138575074305687,DN,Shortened in Neurites
GFPT1,-0.208429760243488,0.12531081646852,0.362169762450694,NC,NS
GGPS1,-1.00332167781137,0.0188744110822612,0.124456722772729,DN,NS
GHITM,-0.637500769282074,0.0151596588086558,0.110792814282837,DN,NS
GID8,-0.045428813197039,0.906070191630155,0.965055671555173,NC,NS
GINS2,-0.917513829406471,0.0348476361807455,0.17575336892872,DN,NS
GLCCI1,0.113371345389446,0.429739846916284,0.666985668252378,NC,NS
GLO1,-0.324487713375563,0.26041583039679,0.519876006370106,NC,NS
GLOD4,-0.011574845857258,0.972871758525949,0.986012550792951,NC,NS
GLRX3,-1.20452928365488,0.00630459361758602,0.0641065220180709,DN,NS
GLRX5,-0.375118469071217,0.262682168284618,0.522515033324939,NC,NS
GLUD1,-1.35873950699248,0.0168144551325611,0.117647120155797,DN,NS
GMPR2,-1.31022203469673,0.0132495716161179,0.102016005432623,DN,NS
GNAI1,0.112062709117664,0.700183508815975,0.855474068042426,NC,NS
GNAI3,-0.146044095041695,0.307929778229653,0.572479582064974,NC,NS
GNAO1,0.0860893917914434,0.352059096610956,0.610909564773079,NC,NS
GNAQ,-0.0688245116939365,0.421148990862787,0.664072611679293,NC,NS
GNAS,-0.100569113550549,0.583816589139456,0.78761184493906,NC,NS
GNAZ,-0.401926969429268,0.0330718100807812,0.171870509258852,DN,NS
GNB1,-0.198967047727215,0.345369908663453,0.606068484880381,NC,NS
GNB4,-0.167502140655279,0.219050148070416,0.480981959839784,NC,NS
GNG2,-0.174226557497232,0.0160907839785146,0.11496293720701,DN,NS
GNG4,-0.60120906049512,0.026052740235091,0.148017657314773,DN,NS
GNL2,-0.513087228720585,0.021657897201623,0.135036058196939,DN,NS
GNPTAB,-0.196919372230421,0.582542754248532,0.787337287729692,NC,NS
GOLGA7,-0.249125652696481,0.374103054489682,0.630068302298412,NC,NS
GOLM1,-0.428346735951859,0.187364560300739,0.450296957289914,NC,NS
GOLT1B,-0.267880989415147,0.439156211928041,0.676294350428463,NC,NS
GON4L,0.212089255023144,0.428639258396909,0.66629883908076,NC,NS
GORASP1,-0.61836940811017,0.00687485924517912,0.0676909217986867,DN,NS
GOSR1,-0.0452540451875978,0.863893839584247,0.947974278837782,NC,NS
GOT1,0.56722234606838,0.235737645129259,0.493710409818352,NC,NS
GOT2,0.102491044115516,0.570024096817956,0.777175710949795,NC,NS
GPAT4,0.332664025900369,0.320290833435091,0.584364926314833,NC,NS
GPATCH4,-0.0512557487762937,0.898898052591997,0.963515637322443,NC,NS
GPATCH8,-0.204930210274755,0.657359122677636,0.831635727294497,NC,NS
GPI,0.0322440957371946,0.940375814444008,0.974872688056294,NC,NS
GPM6A,-0.0707528341830752,0.87031631904505,0.950159755482482,NC,NS
GPN1,-0.105420040048391,0.783849756714369,0.900558115422633,NC,NS
GPR135,0.147047098873224,0.456121846202896,0.686865838987891,NC,NS
GPR155,-0.369145341694109,0.161364746635997,0.409242061398519,NC,NS
GPR173,0.428308970314923,0.024918039295855,0.144977683175884,UP,NS
GPR26,0.590054926423577,0.0458179551563922,0.204219692618397,UP,NS
GPRIN1,0.323921807682832,0.331827084434944,0.593795835304637,NC,NS
GPRIN2,-0.119056914179103,0.744610845862267,0.881062099291078,NC,NS
GPRIN3,-0.26979923344749,0.161172574707498,0.409231648265479,NC,NS
GPS2,-0.500918931572488,0.145717567539379,0.390506647944941,NC,NS
GPSM2,-0.250196314198007,0.405416837772676,0.650580412236978,NC,NS
GPT2,0.366677771787313,0.492665282380636,0.716310664335987,NC,NS
GRB10,-0.186405666683062,0.470361490079368,0.696736965563448,NC,NS
GRB2,-0.0612910939744527,0.858430369985465,0.944837878142828,NC,NS
GRIA2,0.144836643187435,0.711498519471892,0.863480634897287,NC,NS
GRIA4,0.337005802299622,0.0265207205601322,0.149505409167999,UP,NS
GRIN2B,0.159806917914694,0.425438564557756,0.665767252076716,NC,NS
GRIN3A,0.0486291270264284,0.717297657112323,0.864252326620384,NC,NS
GRIP1,-0.346294478387377,0.0950527276622088,0.310097054562169,NC,NS
GRK3,-0.59582264244677,0.00091991998647945,0.0178727311658865,DN,Shortened in Neurites
GRSF1,0.262626528901481,0.504554653797074,0.725326941588291,NC,NS
GSE1,0.156105658365502,0.270117474901697,0.530962624558349,NC,NS
GSK3B,-0.140012266511728,0.646367342071112,0.826803950909899,NC,NS
GSPT1,-0.168727300216545,0.250579027342426,0.509689832818393,NC,NS
GTDC1,-0.910473705211961,0.0809351589043591,0.286364366137787,NC,NS
GTF2A1,-0.496536036280894,0.0398236055443392,0.188568838884881,DN,NS
GTF2F1,-1.33325982497976,0.0236047895402434,0.139774252210901,DN,NS
GTF2F2,-0.216899760173522,0.646025268589232,0.826803950909899,NC,NS
GTPBP1,0.750649659815041,0.0722914902515456,0.267055212942465,NC,NS
GTPBP10,-0.424134012608541,0.294796784179624,0.557889973747373,NC,NS
GYG1,-1.18516952654029,0.00769035183809958,0.0731039465775304,DN,NS
H1F0,-0.0980819402689453,0.64885231811838,0.827522134183631,NC,NS
H3F3A,-0.0863843568487722,0.449388015384147,0.681470442219713,NC,NS
H3F3B,-0.233169825231009,0.448197993518089,0.681470442219713,NC,NS
HARS,0.18023626495086,0.643423204259592,0.824551762349159,NC,NS
HBS1L,0.239760680547124,0.56126533441473,0.770058869915796,NC,NS
HCFC1R1,-1.29669656435906,0.034767983406008,0.17575336892872,DN,NS
HCN4,0.116248596354232,0.420328687857324,0.663342149471177,NC,NS
HDDC2,0.0189209068902283,0.965806639309537,0.981595164473401,NC,NS
HDGF,-0.675258861528695,0.0242772457305246,0.142008835240918,DN,NS
HDGFL3,-0.486945966395907,0.0203784648882139,0.132368774915682,DN,NS
HDHD2,0.0100381705891058,0.955105345246863,0.978815643073234,NC,NS
HEATR1,-0.347348542060936,0.228281137347165,0.485097416862725,NC,NS
HIF1A,-0.0333712541492621,0.869075803162085,0.950159755482482,NC,NS
HIGD1A,-0.111781481850792,0.535551528262121,0.749909990668196,NC,NS
HINT1,-2.12261218438596,6.431846489015e-05,0.00368307841055175,DN,Shortened in Neurites
HIP1,-0.387777632270773,0.109126021520058,0.334919919361983,NC,NS
HIPK1,-0.143333067645724,0.731302390402568,0.874829027771296,NC,NS
HIPK2,-0.241611684328452,0.149238271837749,0.392595702194965,NC,NS
HIST1H2BD,0.199265540134058,0.195305123951261,0.456516704742015,NC,NS
HIST1H4H,-1.25053691527406,0.0330945511854131,0.171870509258852,DN,NS
HK1,-0.500515884163353,0.0587558102127426,0.232882774176554,NC,NS
HMBOX1,0.118927022718249,0.573339316802935,0.779741470851992,NC,NS
HMG20A,-0.0984464878805178,0.637323185838552,0.822547599279175,NC,NS
HMGA1,0.0145716134905522,0.955989294914318,0.978815643073234,NC,NS
HMGB1,0.313844983272453,0.0171927283176104,0.119144512162803,UP,NS
HMGN1,-0.395964347800266,0.00806298577533656,0.0749788762697964,DN,NS
HMGN2,-0.314090106775859,0.571433288716517,0.777968013863869,NC,NS
HNRNPA0,-0.0729275287144902,0.785712336772588,0.901860924679734,NC,NS
HNRNPA3,-0.378857245859316,0.0124709315617684,0.0975001552545246,DN,NS
HNRNPC,-0.0496947839945494,0.861228746044759,0.945526615233802,NC,NS
HNRNPD,-0.688453929814727,0.0390347246051734,0.187091543482064,DN,NS
HNRNPDL,-0.486383135630344,0.000980716283405743,0.0184801368514511,DN,Shortened in Neurites
HNRNPH1,-0.167696526992971,0.635272115331535,0.820874182281129,NC,NS
HNRNPK,-0.398550195114466,0.233913426803179,0.490834731652573,NC,NS
HNRNPL,0.316251270464807,0.424636770166817,0.665767252076716,NC,NS
HNRNPR,-0.425193046731527,0.343735309544906,0.605152130719834,NC,NS
HNRNPU,1.06890103942198,0.00681242967564722,0.0673811226100379,UP,NS
HOMER1,-0.29246901635169,0.191940010369915,0.453840432206085,NC,NS
HOMER2,-1.55273049930854,0.000165803658199024,0.00632962737265045,DN,Shortened in Neurites
HOOK3,-1.55800175907434,7.09682024269529e-05,0.00386067021202624,DN,Shortened in Neurites
HP1BP3,-1.4375518267102,0.00202098877149088,0.0311891600479727,DN,Shortened in Neurites
HPCAL4,0.174142002195638,0.76197054595594,0.888557292604569,NC,NS
HRK,0.330318615032214,0.0202509259182741,0.132368774915682,UP,NS
HS2ST1,-0.13628346391726,0.706871637704122,0.860901230034356,NC,NS
HS6ST3,0.153570069268929,0.613032917023466,0.809462588805149,NC,NS
HSBP1,-0.506668068801698,0.00492144499319353,0.054708771864013,DN,NS
HSD17B12,-0.422217649132923,0.137861881873317,0.378294394648596,NC,NS
HSDL1,-0.218112321120159,0.158257745939336,0.404532502676482,NC,NS
HSP90AB1,0.0216092599426736,0.935115660311423,0.973751347751658,NC,NS
HSPA12A,-0.15445999738221,0.0895312133948331,0.304882504455644,NC,NS
HSPA13,-0.198377113975629,0.202005382225353,0.465267120087083,NC,NS
HSPA4,-0.0927027382722758,0.698246946924492,0.855454683694376,NC,NS
HSPA9,-0.552021530545533,0.00513893784330361,0.0553247733121353,DN,NS
HTRA2,-0.154706858321966,0.745304823167687,0.881403964789612,NC,NS
HYOU1,-0.54965240599678,0.165790034417523,0.415142824962635,NC,NS
IARS2,-0.730049974819552,0.0159058876538558,0.114593944175551,DN,NS
ICA1L,-1.28009834962866,0.0456048009179712,0.203770116627321,DN,NS
ICMT,-0.190980943458843,0.435689247219179,0.67378542928425,NC,NS
ID4,-0.440504451134384,0.0664833160726936,0.252260946909058,NC,NS
IDH1,-0.576589683753042,0.224332273380658,0.483700216980468,NC,NS
IDH3A,-0.765300845267278,0.0546746243719185,0.226613300253894,NC,NS
IDS,0.147681920052324,0.109405909181209,0.335055207064112,NC,NS
IGBP1,0.042686356565762,0.949607549809141,0.977342610417755,NC,NS
IGF2BP1,-0.851455457425236,0.0232656876814275,0.139082792293369,DN,NS
IGF2BP2,0.0845678518684633,0.74910920254839,0.882709806179602,NC,NS
IGF2BP3,-0.722044453901094,0.0443204572823812,0.199214228961494,DN,NS
IGFBPL1,0.619963602147211,0.0914808838757438,0.306779371972677,NC,NS
IGLON5,-0.261976416806873,0.407223736661371,0.652143403844,NC,NS
IL17RD,-0.168583365285963,0.589201834294304,0.790933492550528,NC,NS
IL6ST,-0.291891266475377,0.265711944683654,0.526104814951439,NC,NS
ILF3,-1.04222769734137,0.0597994444101169,0.234386683173592,NC,NS
IMMT,-0.091162651307122,0.796110445826507,0.906033645459455,NC,NS
IMPAD1,0.551879256849245,0.14804606528274,0.390918079425135,NC,NS
INA,0.0735019217894372,0.425882135989768,0.665767252076716,NC,NS
INIP,-0.0307339776008611,0.907526880309673,0.965634078171106,NC,NS
INPP5A,0.339007075382387,0.328385526535777,0.591528895481664,NC,NS
INSIG1,-0.324648207178989,0.49963623701861,0.720960511772212,NC,NS
INSIG2,-0.358310700139856,0.210670015539361,0.470671244109127,NC,NS
INTS6,-1.99222890717973,0.00996348836030099,0.086376695904442,DN,NS
IPO7,-0.0780974874685708,0.870057305041523,0.950159755482482,NC,NS
IQSEC1,-0.420093984327081,0.316064689675341,0.582128365217399,NC,NS
IREB2,-0.0849225929452802,0.586532615183018,0.78904248748508,NC,NS
IRGQ,0.215675367591526,0.476594381098963,0.702735243203456,NC,NS
IRS2,-0.122356305147163,0.602747676701417,0.804156311773319,NC,NS
ISCA1,-0.50228395624938,0.0482509392846454,0.209819898861996,DN,NS
ISCU,-0.903560911275933,0.0938122183645584,0.309765382642305,NC,NS
ISYNA1,-0.596564718945043,0.091251881679078,0.306779371972677,NC,NS
ITFG1,-0.548574969350477,0.0173947065589571,0.119947833439348,DN,NS
ITGB1,-0.276554249497965,0.249328283553906,0.508681025494682,NC,NS
ITM2B,-0.265831506901399,0.253207004835528,0.512125757708134,NC,NS
ITPRIPL2,0.316250256700632,0.286279511703702,0.548245107130308,NC,NS
JAK1,-0.495432944666074,0.0788310597022911,0.281668942384541,NC,NS
JAKMIP2,0.223767486284854,0.27562179975792,0.537895099796623,NC,NS
JAM3,-0.447182803111958,0.0206162622953458,0.133514841531763,DN,NS
JAZF1,-0.421560442369587,0.166959342645373,0.416632488069187,NC,NS
JOSD1,0.856452601682251,0.0341274832707887,0.173463878749686,UP,NS
JPH3,-0.473320136527099,0.159989614788967,0.406702572173824,NC,NS
JPH4,-0.103922258292187,0.204475576912146,0.467703720230928,NC,NS
JPT1,-0.115830831140983,0.309948755932268,0.574833663231467,NC,NS
JPT2,0.0216189086183249,0.936764304793443,0.973751347751658,NC,NS
JUND,0.315696155659157,0.250628732130368,0.509689832818393,NC,NS
KANSL1L,0.734191415244157,0.0657837952313154,0.250254437803046,NC,NS
KANSL3,-0.53999547792683,0.00743397809697579,0.0715767094646873,DN,NS
KARS,0.365899464463437,0.310135441467713,0.574833663231467,NC,NS
KCNB1,-1.07821148211204,0.000152889742949512,0.00604887419378432,DN,Shortened in Neurites
KCNJ9,0.827245368085064,0.0464312391054283,0.206192604680433,UP,NS
KCNMA1,-0.227021528286956,0.359892195126166,0.616149029578708,NC,NS
KCNMB4,-0.476376917943574,0.199875279058052,0.462690007691831,NC,NS
KCNQ2,-0.366743232803592,0.131869637619163,0.371044113835954,NC,NS
KCNS2,1.06440100037353,0.00649030186430092,0.0650824739940959,UP,NS
KCTD10,-0.30865852304673,0.444995546347999,0.679102152218966,NC,NS
KCTD12,-0.226729515185424,0.222682808924694,0.483700216980468,NC,NS
KCTD13,-0.468805337960079,0.030344862942338,0.163553740434277,DN,NS
KCTD16,0.117110756386232,0.666261904483374,0.837058836117681,NC,NS
KCTD17,-0.410374635388263,0.470302806513471,0.696736965563448,NC,NS
KCTD2,-0.0219681149152446,0.937835347406467,0.973939248727404,NC,NS
KCTD7,-0.637395401899235,0.230558499287824,0.487082810145928,NC,NS
KDELR1,-0.167125265291791,0.583929873506999,0.78761184493906,NC,NS
KDELR2,0.0328225881786509,0.905376239806003,0.964853010807658,NC,NS
KDM2A,-0.250985594217352,0.359078045972956,0.615657898470548,NC,NS
KDM5B,-0.731175499449885,0.117337298792985,0.348805959253463,NC,NS
KHDRBS1,-0.475806455248334,0.0593220960398377,0.234386683173592,NC,NS
KHSRP,0.0991229205599128,0.621772402648551,0.813575915912956,NC,NS
KIAA0141,-0.00489948098894866,0.981195418203363,0.988718944950901,NC,NS
KIAA0368,-0.29941696029959,0.413197272172588,0.658211760064094,NC,NS
KIAA0930,0.0270882590897486,0.904177905270695,0.964853010807658,NC,NS
KIAA1191,0.174539008184054,0.293034756756583,0.557243874236314,NC,NS
KIAA1324L,0.175407617093751,0.505664832614088,0.725809152881435,NC,NS
KIAA1456,0.611953379982063,0.380427797179859,0.632399455052233,NC,NS
KIAA1549,0.094988538435339,0.664651842290432,0.836407006668791,NC,NS
KIAA1549L,-0.101238264226698,0.769135936441112,0.890233934944606,NC,NS
KIF1A,0.0082455399955233,0.946780206401094,0.977094855333915,NC,NS
KIF1B,-0.130376096643116,0.272689011573722,0.534087569022879,NC,NS
KIF1C,-0.439510774414038,0.145756885964348,0.390506647944941,NC,NS
KIF21A,-0.236545158594114,0.53145893561553,0.74805264396579,NC,NS
KIF21B,0.192713014029957,0.385004388822737,0.635636987919784,NC,NS
KIF26B,0.388711895477075,0.188717911535083,0.450742835003982,NC,NS
KIF3B,0.0254455877002702,0.686027625227757,0.846736308846057,NC,NS
KIF3C,0.0542607107130114,0.749397340052419,0.882709806179602,NC,NS
KIF5A,0.444942516282258,0.0477339884087127,0.208992271181808,UP,NS
KIF5B,-0.0682414172695767,0.7302288517626,0.874506318896762,NC,NS
KIF5C,0.791523842579715,0.0009936470641635,0.0184801368514511,UP,Lengthened in Neurites
KITLG,-0.439864220265292,0.356127400510538,0.615492819704221,NC,NS
KLF12,0.279875533876939,0.146081071427933,0.390506647944941,NC,NS
KLF7,-0.157217984703309,0.0854764523086519,0.295771860622086,NC,NS
KLHL18,-0.227376622327936,0.41403134072072,0.658960945134183,NC,NS
KLHL24,0.087848858246686,0.766672820122649,0.890233934944606,NC,NS
KLHL8,0.297970609600965,0.0303656760732758,0.163553740434277,UP,NS
KMT2A,-0.284754063073373,0.159439411311203,0.405925703978956,NC,NS
KMT2C,-0.276569453202267,0.432248852037666,0.670401640793985,NC,NS
KMT5B,0.171567533151754,0.699614709904595,0.855454683694376,NC,NS
KPNA3,-0.548023554448131,0.00246042177351037,0.0356925185277238,DN,Shortened in Neurites
KPNA4,-0.338633659894083,0.153892940694559,0.398272661197325,NC,NS
KPNB1,-0.0233058231872874,0.858273949032216,0.944837878142828,NC,NS
L1CAM,0.201326351986588,0.626391997582716,0.815696580933567,NC,NS
LAMTOR4,-1.44731216811588,0.000186398258483019,0.00676004350765084,DN,Shortened in Neurites
LANCL2,-0.741977252921062,0.0935022838956148,0.309211200238386,NC,NS
LAPTM4A,-0.385281989939839,0.134856945264486,0.373688296377477,NC,NS
LARP1,-0.0810149458710411,0.558753557185662,0.768065534072016,NC,NS
LARP4,-0.0800013650555229,0.891212102984327,0.961466304459045,NC,NS
LARP4B,0.325842431627071,0.290429688515758,0.553878178974838,NC,NS
LASP1,0.00100160797522275,0.995198107481432,0.997949807317786,NC,NS
LBH,-0.662017169324733,0.0565949313719449,0.228703594730369,NC,NS
LDB1,-0.293596655775363,0.407289929147057,0.652143403844,NC,NS
LDHA,0.158288579561258,0.162231458832995,0.410483319093719,NC,NS
LDHB,-0.764787057153536,0.0991718560462055,0.319321542072217,NC,NS
LDLRAD3,0.11284846364983,0.166794972225175,0.416632488069187,NC,NS
LGALSL,-0.154503343053025,0.445348700007567,0.679102152218966,NC,NS
LHX4,-0.943681263515446,0.0507600608375328,0.21530973173971,NC,NS
LHX9,-0.00398944436521331,0.976937923203082,0.986915933560773,NC,NS
LIMK1,0.409715157259943,0.321288198326554,0.584665649377064,NC,NS
LIN7A,0.21521855341093,0.23722127133667,0.495863099355037,NC,NS
LINGO1,-0.129403321403132,0.634070964236054,0.820506543373445,NC,NS
LMBR1,-0.750274032758011,0.206322748390055,0.469086668697094,NC,NS
LMBRD2,-0.201963571696735,0.584193712192851,0.78761184493906,NC,NS
LMLN,-0.357581295603861,0.254324886826685,0.512892450171332,NC,NS
LMO3,-0.511051371950959,0.0524764861637847,0.220868150662274,NC,NS
LMO4,0.505506935145454,0.254961750867003,0.513700712857962,NC,NS
LONRF2,0.205558005383011,0.0301469203186869,0.163183329884236,UP,NS
LPCAT1,-0.627208237272432,0.1796420674357,0.437739237110956,NC,NS
LRPPRC,0.039963723610573,0.905436511061231,0.964853010807658,NC,NS
LRRC3,-0.376419493732909,0.428032211835943,0.66629883908076,NC,NS
LRRC49,-0.783628763600292,0.0212482235552346,0.134407367605205,DN,NS
LSAMP,-0.253766933213178,0.111557381959731,0.339034725061975,NC,NS
LSM12,-0.185450380308703,0.148372692050303,0.390918079425135,NC,NS
LUC7L3,0.751143277428832,0.0227882602824968,0.138462693615439,UP,NS
LYPD1,-0.63562100129771,0.207812292566176,0.469086668697094,NC,NS
LYPLA1,0.251398386709181,0.26341865420839,0.522515033324939,NC,NS
LYRM1,0.307683714411371,0.571677782246474,0.777968013863869,NC,NS
LYSMD1,-0.693560248588619,0.0399695195577173,0.188568838884881,DN,NS
MACF1,0.360921624040834,0.0964750051826335,0.313446110425407,NC,NS
MAFG,-0.717726733515769,0.125497982640697,0.362169762450694,NC,NS
MAGI2,-0.0485170499217431,0.901531796534341,0.964035037332412,NC,NS
MAGI3,-0.257738461642465,0.330552065021626,0.592977158686775,NC,NS
MAN2A2,-0.00849801055741661,0.962101202695669,0.980992372120178,NC,NS
MANEAL,-0.493468508909796,0.0438167827952669,0.198223117177756,DN,NS
MAP1A,0.010558835283182,0.965395945318572,0.981595164473401,NC,NS
MAP1B,-0.127960071751111,0.229794234035464,0.487082810145928,NC,NS
MAP1LC3B,-0.141209313985002,0.19412574729676,0.455931409927329,NC,NS
MAP2,0.327901695561781,0.0689324861703043,0.258170550613739,NC,NS
MAP2K1,-0.515791331485782,0.284976308478983,0.547315487423007,NC,NS
MAP3K12,3.09973728219602,0.000321450941773405,0.00920364801709118,UP,Lengthened in Neurites
MAP3K13,-0.383361886585421,0.257362327223018,0.517101037892232,NC,NS
MAP7D1,-0.217290597733679,0.678969319051152,0.846183985255044,NC,NS
MAP9,-0.711503441028022,0.224333473363812,0.483700216980468,NC,NS
MAPK1,0.013505397755228,0.945128161631752,0.97700659368679,NC,NS
MAPK10,-1.42870899553389,0.00696855085614666,0.0683043543377259,DN,NS
MAPK1IP1L,0.0317572156609267,0.901567693461148,0.964035037332412,NC,NS
MAPK6,-0.520889505068609,0.0125011688033145,0.0975001552545246,DN,NS
MAPK8IP2,-0.191884715120399,0.256087489353491,0.515491560437739,NC,NS
MAPK9,0.118697949742592,0.721765357916993,0.868673351121336,NC,NS
MAPRE1,-0.206415932185571,0.398575513448981,0.644832949639392,NC,NS
MAPRE2,0.520216267454171,0.0254814107491232,0.147075728886186,UP,NS
MAPRE3,0.314107439540218,0.0917184711363189,0.306779371972677,NC,NS
MARCH6,-0.749229186089992,0.0274304833765221,0.15187972475143,DN,NS
MARCKSL1,-0.0588816419123583,0.53147490237643,0.74805264396579,NC,NS
MARS,-1.31793131780214,9.95445740457376e-05,0.00481353318052278,DN,Shortened in Neurites
MAT2A,-0.530377072642815,0.15429907534415,0.398662854371768,NC,NS
MATR3,-0.132066277803957,0.212254567125225,0.472255560393139,NC,NS
MAZ,-0.176642424662931,0.44253008470435,0.678130608673707,NC,NS
MBLAC2,0.0523945761955829,0.679952113432974,0.846398405121997,NC,NS
MBNL2,-0.783114116132383,0.31759039882409,0.583187095224659,NC,NS
MBOAT2,-0.443989512519643,0.270429557937987,0.531096315950415,NC,NS
MCC,-0.0066940947143479,0.973684959198696,0.98610800383469,NC,NS
MCFD2,-0.194480107342189,0.625885843862484,0.815696580933567,NC,NS
MCL1,0.0232099642776191,0.921333435173751,0.968980935204487,NC,NS
MCTS1,-1.80813577545857,0.000150975595083756,0.00604887419378432,DN,Shortened in Neurites
MCUR1,-1.60645002247526,0.010168518577566,0.087112978050329,DN,NS
MDM4,0.132916104495235,0.629280585556628,0.817646389591884,NC,NS
ME2,-0.428137323968838,0.294780563325765,0.557889973747373,NC,NS
MEA1,-1.70398020737131,0.0030640901415764,0.0414127959507469,DN,Shortened in Neurites
MEAF6,0.254658711603696,0.177294727974517,0.434266452606917,NC,NS
MED13,-0.950336483848569,0.0112111800610448,0.092058595520126,DN,NS
MED8,-1.46565083600642,0.0115505004515148,0.0934345315334431,DN,NS
MEGF9,0.221801830742381,0.326579180933039,0.58973966614962,NC,NS
MEMO1,-1.34318670259691,5.58123216104058e-05,0.0032823678871417,DN,Shortened in Neurites
MEST,0.174597421985398,0.305763814532714,0.572297135680933,NC,NS
METAP1,-0.1734126787166,0.667043758864465,0.837074520927956,NC,NS
METTL5,-0.30578753154065,0.375575852436209,0.630420491360085,NC,NS
METTL9,-0.298874661612696,0.232651197457635,0.490551362081215,NC,NS
MFF,-1.03975083989474,0.0650833935199137,0.249218060066096,NC,NS
MFHAS1,-0.347561147794834,0.0268613331398772,0.150079930090576,DN,NS
MFN1,-3.56442312396921,6.19888593177177e-06,0.00112406464896128,DN,Shortened in Neurites
MFSD11,-0.111334223819955,0.514291897846946,0.73383552112456,NC,NS
MFSD9,0.0510279070047011,0.913929977589347,0.96633218232965,NC,NS
MGAT5,0.0526487200095388,0.80523688672696,0.910150990314541,NC,NS
MGEA5,-0.131916257702428,0.663995642490826,0.836407006668791,NC,NS
MIB1,0.511368730084433,0.108781133244105,0.334837880307411,NC,NS
MICU2,-0.486147373329867,0.0292697937655046,0.159227678084345,DN,NS
MICU3,-2.13570457183852,0.00482919686952541,0.0544473180729912,DN,NS
MIF,0.0719475263866753,0.740809206162221,0.879169367461361,NC,NS
MINDY2,-0.519498904186392,0.0267788005348217,0.150079930090576,DN,NS
MINDY3,-0.381369164870144,0.295517856936292,0.558685366371304,NC,NS
MKL2,-0.437185097106576,0.16284055978555,0.411545944359299,NC,NS
MKRN2,0.0585966501352775,0.886063712179466,0.957811543816453,NC,NS
MLEC,0.496103493333697,0.318600194515296,0.58375008489539,NC,NS
MLLT10,-0.263619924435403,0.465074206001435,0.694619587701482,NC,NS
MLLT11,0.238837030258433,0.545927040439977,0.758018374155662,NC,NS
MLXIP,-0.25810993468176,0.286902231021128,0.548245107130308,NC,NS
MMD,-0.352583169732252,0.0715017934009865,0.265962226394097,NC,NS
MMGT1,0.176616844890325,0.541895129099686,0.755378297509003,NC,NS
MMP24OS,-0.777859939440395,0.111125461570015,0.338668073356235,NC,NS
MN1,0.889177930470797,0.022526268225753,0.138076506082362,UP,NS
MOCS2,-2.06761632200363,0.00249422739799532,0.035943303430714,DN,Shortened in Neurites
MPPE1,-0.0257225191647856,0.947907738791312,0.977094855333915,NC,NS
MPZL1,-0.200364546882263,0.335099965587861,0.597283624869989,NC,NS
MRFAP1,0.00833669092802825,0.95039382520403,0.977342610417755,NC,NS
MRPL22,-0.02532128728601,0.949871963432165,0.977342610417755,NC,NS
MRPL27,-2.42479969631397,0.000406331920587731,0.0109157809777642,DN,Shortened in Neurites
MRPL3,-0.228125706978319,0.336459632260692,0.597662171264706,NC,NS
MRPL44,-0.035611304197815,0.894399625586861,0.962043294748893,NC,NS
MRPL45,-0.209629684567692,0.147132549774414,0.390918079425135,NC,NS
MRPL47,-1.74157467915962,0.00116784096052424,0.0206918079006727,DN,Shortened in Neurites
MRPL48,-2.54034242559118,1.53690939026301e-05,0.00184636203960328,DN,Shortened in Neurites
MRPL52,-1.85622888060795,0.000162406031575929,0.00631063436980751,DN,Shortened in Neurites
MRPL53,-0.478514917143521,0.503715748578065,0.725186076547498,NC,NS
MRPL9,0.221078025535435,0.699774511477936,0.855454683694376,NC,NS
MRPS18B,0.155045950994553,0.826974620480092,0.92187334742043,NC,NS
MRPS21,-1.24869718469056,0.00377768960329655,0.0461811942515354,DN,Shortened in Neurites
MRPS33,-1.87906283288694,0.00367192338772381,0.045877670955871,DN,Shortened in Neurites
MRRF,-1.53477734473161,0.00705709345530145,0.0688620419674258,DN,NS
MRS2,0.398516874657599,0.211326197378041,0.470671244109127,NC,NS
MSANTD3,-0.948472660224494,0.0497229621398105,0.212629929275915,DN,NS
MSANTD4,0.343420634120224,0.222105429483873,0.483700216980468,NC,NS
MSI2,-0.0952896845564908,0.733224396290398,0.875338819359994,NC,NS
MSRB2,-0.350589254084639,0.210511063099404,0.470671244109127,NC,NS
MTCH1,0.0308232544024742,0.880266272413345,0.954389341689805,NC,NS
MTCH2,-0.388381836431563,0.0132677065888935,0.102016005432623,DN,NS
MTFR1L,0.108707362965314,0.635047465367109,0.820874182281129,NC,NS
MTHFD2,-0.108060798751118,0.503897678189254,0.725186076547498,NC,NS
MTMR2,0.381268521556577,0.369360025431536,0.624669276429727,NC,NS
MTMR4,-0.0993611582669347,0.449579987016852,0.681470442219713,NC,NS
MTMR6,-0.946945407014313,0.0237025271442198,0.139774252210901,DN,NS
MTMR9,-0.115302183832606,0.670450117850957,0.839809826160396,NC,NS
MTPN,-0.19311620838165,0.437616048101305,0.674877760927314,NC,NS
MTR,-0.354764000557037,0.10739709690093,0.333776621255829,NC,NS
MTSS1,-0.0415074671318532,0.864947058087872,0.948173701964338,NC,NS
MTSS1L,-0.105957193003377,0.802790448443018,0.910150990314541,NC,NS
MTURN,-0.542337421600493,0.0392543471102256,0.187318989718971,DN,NS
MTX3,-0.244034136717173,0.276510111264165,0.538662490699037,NC,NS
MXD1,-0.503890524779651,0.247164753264285,0.505955318064989,NC,NS
MXI1,0.120455624732716,0.76798839532874,0.890233934944606,NC,NS
MYADM,0.36946408104469,0.0566503849079361,0.228703594730369,NC,NS
MYH10,-0.28257181785892,0.369263921698694,0.624669276429727,NC,NS
MYL12B,0.236555477442467,0.172751469165243,0.426107642655753,NC,NS
MYO5A,0.00480447902201131,0.945676917656822,0.977094855333915,NC,NS
N4BP2,-0.430126401658315,0.159311653595947,0.405925703978956,NC,NS
NAB1,0.0917915370934066,0.787267022154973,0.902398497694752,NC,NS
NABP2,-0.0529516674329008,0.900990038044833,0.964035037332412,NC,NS
NANS,-1.69501443744207,0.000329523637885811,0.00931225241609773,DN,Shortened in Neurites
NAP1L1,-0.885477620741134,0.0058458755937093,0.0614522960961906,DN,NS
NAP1L4,0.461235507775965,0.0350182355317136,0.175980786413415,UP,NS
NAP1L5,-0.074126220497242,0.7796811145525,0.897189902308958,NC,NS
NAPG,-1.68511330895101,0.0104290844085125,0.0883022866650709,DN,NS
NARS,-0.537685412219604,0.182510427036572,0.442518752475288,NC,NS
NAT10,-0.17989521652044,0.548620569671456,0.759413714761507,NC,NS
NAV3,-0.494794330326042,0.172038305015983,0.425868324207134,NC,NS
NAXE,-0.317339148508172,0.494747384300234,0.717235381903604,NC,NS
NBR1,-0.153183396042838,0.565412543122512,0.773797291719865,NC,NS
NCALD,0.00937915190314914,0.962106071223708,0.980992372120178,NC,NS
NCAM1,-0.181944870394256,0.0206994476436865,0.133655780631044,DN,NS
NCAM2,-0.732383658378971,0.04735229649049,0.208338794501335,DN,NS
NCBP1,-1.51564147417963,0.12764611132427,0.36547097137054,NC,NS
NCBP2,-0.890014137146023,0.00433251820590276,0.0509597817083482,DN,NS
NCBP3,-0.0921155057950598,0.620595071357896,0.81252399234343,NC,NS
NCOA1,0.392086511420155,0.26782744358571,0.528370369213513,NC,NS
NCOA3,-0.417670745917598,0.159497461811584,0.405925703978956,NC,NS
NCOA4,0.0487306754458546,0.792040132076989,0.903291052096189,NC,NS
NCOR1,-0.0586714078762729,0.80497996397167,0.910150990314541,NC,NS
NCS1,0.355737531586001,0.139962700199101,0.380492618570962,NC,NS
NDFIP1,0.306778179115589,0.0317281439515527,0.166764350817823,UP,NS
NDFIP2,-0.542970906035388,0.153475356718772,0.398272661197325,NC,NS
NDN,0.623385000976964,0.0222938954098564,0.137038181954371,UP,NS
NDRG4,0.558430939287853,0.241754584564808,0.500712982038595,NC,NS
NDUFA5,-0.354541363510756,0.146960972331391,0.390918079425135,NC,NS
NDUFA6,-1.53747092636713,0.0109989306915942,0.0906578529731399,DN,NS
NDUFAF7,-1.97639160572505,0.00266799468083455,0.0379448132385359,DN,Shortened in Neurites
NDUFB9,-3.25446838729962,2.63847440306634e-06,0.000717665037634044,DN,Shortened in Neurites
NDUFC2,-1.91757765505921,0.00922240812373182,0.0822457380214772,DN,NS
NDUFV3,-1.75604634452994,2.83110999999203e-05,0.0020642866380298,DN,Shortened in Neurites
NEDD4L,-0.000213655976532945,0.999535271085458,0.999887925813435,NC,NS
NEDD8,0.220413408999135,0.101796261197725,0.324792763000366,NC,NS
NEFL,-0.106019431810785,0.388110061970344,0.638825639067677,NC,NS
NEFM,-0.0548531287018055,0.667933182455244,0.837707553327154,NC,NS
NELFCD,0.518736299361863,0.177817743231968,0.434266452606917,NC,NS
NEO1,0.105597174742613,0.822747429376746,0.919044356429055,NC,NS
NEPRO,-0.501364222847593,0.00416501244904094,0.0497970719182038,DN,Shortened in Neurites
NF2,0.119593783555709,0.686869534851159,0.847294845712087,NC,NS
NFASC,-0.210161710644469,0.30953994900406,0.574708983816413,NC,NS
NFAT5,-0.966332669161991,0.0316293017651725,0.166647362326914,DN,NS
NFYA,0.138733034594581,0.714016634929501,0.863542267721552,NC,NS
NFYB,-0.363253141125581,0.358441223147969,0.615657898470548,NC,NS
NGFR,-0.934427106358875,0.0746647046339621,0.271329942464758,NC,NS
NGRN,-0.447446809075818,0.126367671722604,0.36276524230658,NC,NS
NHLH2,-0.754879890823162,0.0922168640604063,0.306825529350832,NC,NS
NIF3L1,0.0387317283503629,0.927856054533942,0.971147077761356,NC,NS
NIPA1,-0.0359826508796774,0.630143839772789,0.817646389591884,NC,NS
NIPSNAP1,0.170845319526296,0.047538569110771,0.208556303195641,UP,NS
NKAIN2,0.042464037762744,0.916796678480986,0.966917029266952,NC,NS
NKAPD1,0.0398950351378312,0.808973858132805,0.911357397587946,NC,NS
NKIRAS2,0.400378164495533,0.164321904872105,0.413216147164264,NC,NS
NLK,-0.199361719802074,0.645545495391686,0.826784577970753,NC,NS
NME1,0.0293152652638997,0.804685737293406,0.910150990314541,NC,NS
NME4,-0.0234224092308334,0.962460040897575,0.980992372120178,NC,NS
NME7,0.213301812219615,0.440057491622228,0.676724453547681,NC,NS
NMNAT2,-0.719395088925776,0.0381848572617449,0.185469306699904,DN,NS
NNT,-0.102155871941868,0.586337974352127,0.78904248748508,NC,NS
NOL4L,-0.36041575099703,0.278185383297076,0.540957456706378,NC,NS
NOLC1,-0.454562077262776,0.226139975874636,0.483700216980468,NC,NS
NONO,0.231459891479938,0.58320666615698,0.78761184493906,NC,NS
NOS1AP,-1.13712833378894,0.0647032320544196,0.248314343827896,NC,NS
NOVA1,0.0590481134519698,0.86633292181688,0.949214721990701,NC,NS
NPEPPS,-0.632952361656803,0.145973186538197,0.390506647944941,NC,NS
NPTN,0.344558707968606,0.15839232182002,0.404532502676482,NC,NS
NPTX1,-0.148740930102637,0.736079639766747,0.876688175223012,NC,NS
NPTX2,0.0998155062343845,0.869338893188349,0.950159755482482,NC,NS
NPTXR,0.180831585158471,0.449452304771215,0.681470442219713,NC,NS
NR2C2,-0.292136533332448,0.401101283152407,0.647018932532683,NC,NS
NR4A3,0.208748485700566,0.53903267920259,0.75236376519874,NC,NS
NRAS,-0.228452285773696,0.177604232989423,0.434266452606917,NC,NS
NRCAM,-0.28696607335015,0.134047575182635,0.373001948334288,NC,NS
NREP,-0.0837534601796651,0.748425106367078,0.882709806179602,NC,NS
NRN1,-0.313370747616824,0.233383135082282,0.490834731652573,NC,NS
NRP1,0.0667509057585181,0.871701268918922,0.95031160379137,NC,NS
NRP2,0.360588598352088,0.210766020779941,0.470671244109127,NC,NS
NRXN1,-0.0229868295390008,0.888412567241421,0.959640225135316,NC,NS
NRXN2,0.294164114102426,0.604062084726135,0.804430291532478,NC,NS
NSA2,-3.28261358659734,0.000987142160617996,0.0184801368514511,DN,Shortened in Neurites
NSD1,-0.982644525348098,0.0124288729530396,0.0975001552545246,DN,NS
NSD3,0.00716317694706015,0.976808141356053,0.986915933560773,NC,NS
NSG1,-0.246125088995657,0.12418120681088,0.360772104166189,NC,NS
NSG2,-0.665836708177312,0.142521690847932,0.385730347369527,NC,NS
NT5C2,-0.0594104508763985,0.802307285556651,0.910150990314541,NC,NS
NTM,-0.206276867151137,0.345268033595974,0.606068484880381,NC,NS
NTRK2,-0.572529749723558,0.0410169549529874,0.191941707478926,DN,NS
NUCKS1,-0.423991708524653,0.216061133695619,0.476824570914471,NC,NS
NUDT21,-0.192182468921661,0.474201221876535,0.700993110600095,NC,NS
NUFIP2,0.144298209486544,0.535359806989764,0.749909990668196,NC,NS
NUTF2,-0.991964379880887,0.000254290704436227,0.00790480818361757,DN,Shortened in Neurites
OAZ1,-0.0889876636763418,0.76973510622655,0.890453796464101,NC,NS
OAZ2,-0.145969654710266,0.748233014047661,0.882709806179602,NC,NS
OCIAD1,-0.184018525827162,0.408852017653323,0.652723397222032,NC,NS
OCRL,-0.186497398495251,0.493121955503359,0.716310664335987,NC,NS
ODR4,-2.50787471374312,0.000232394371246104,0.0076327169811133,DN,Shortened in Neurites
OGFRL1,-0.428792621632889,0.0610808478374365,0.236498087000466,NC,NS
OLA1,-0.979544639774208,0.01911033484729,0.125631687696988,DN,NS
OLFM1,0.0797810553678102,0.549547418680878,0.760213085219066,NC,NS
ONECUT2,-0.313683632512558,0.00781463481026556,0.0736131833209431,DN,NS
OPA1,-0.118498633071515,0.329925469304592,0.592977158686775,NC,NS
OPTN,-2.0906180080836,0.00480378547212054,0.0544473180729912,DN,NS
ORAI2,0.158256348262809,0.548313625160158,0.759413714761507,NC,NS
ORAOV1,1.15999721013404,0.00042257653666007,0.0110786330574977,UP,Lengthened in Neurites
ORMDL1,0.0954552943641862,0.728855957738217,0.874506318896762,NC,NS
OS9,-0.0311181906964326,0.909816207360932,0.966026817932105,NC,NS
OSBP,-0.589140114387185,0.227951956560962,0.485097416862725,NC,NS
OSBPL8,-0.363137369664496,0.249526878096348,0.508681025494682,NC,NS
OSBPL9,-0.466860553515114,0.272039694182425,0.533434159492118,NC,NS
OST4,-2.6666646864163,1.86672632680478e-05,0.00184636203960328,DN,Shortened in Neurites
OSTC,-0.182321785288456,0.649582218353964,0.827570788722615,NC,NS
OSTM1,-0.382324950885384,0.138830237489638,0.379515825097303,NC,NS
OTUD3,-0.699291147180275,0.0211499596114613,0.134365904347306,DN,NS
OTUD6B,-0.425371597973139,0.462946416275574,0.693781957173312,NC,NS
OTULIN,-1.90126321743697,0.00244913401341394,0.0356925185277238,DN,Shortened in Neurites
OXCT1,-0.426649393419832,0.0431575064244298,0.197291457940251,DN,NS
OXSR1,-0.279768437863831,0.466473488377954,0.695629331165746,NC,NS
P2RX3,-0.224076599819506,0.424922739157422,0.665767252076716,NC,NS
P4HB,-0.194880001893821,0.683586436290251,0.846518498014248,NC,NS
PA2G4,-0.488408415713289,0.251402476503991,0.510309504545414,NC,NS
PABPC1,-1.62780254208633,0.00265131650432325,0.0379448132385359,DN,Shortened in Neurites
PACS2,0.399683139778637,0.124807477025855,0.362108093344347,NC,NS
PAFAH1B1,0.283612238363216,0.418023307018092,0.66154088441554,NC,NS
PAG1,0.00723554399734219,0.982630600826077,0.988718944950901,NC,NS
PAIP1,-0.849365510851856,0.156593564107122,0.401799841557678,NC,NS
PAIP2,-0.945115574052481,0.00620204608883122,0.0635191356561726,DN,NS
PAK1,0.369524860951312,0.182620330754967,0.442518752475288,NC,NS
PAK2,-0.155448641701226,0.401693076851219,0.647469729798706,NC,NS
PALLD,-0.219667590725277,0.396243143130005,0.6429717221856,NC,NS
PALM2,0.601807156344147,0.202102830974362,0.465267120087083,NC,NS
PANK3,-0.459201774946731,0.0751428271104621,0.272517986320609,NC,NS
PANX1,0.100143415253899,0.642808173806946,0.824470320026332,NC,NS
PAPD5,-0.171762102256957,0.737875976997746,0.87757645240433,NC,NS
PAPD7,-0.320376250809198,0.276428850112605,0.538662490699037,NC,NS
PAPOLA,-1.37723850746873,0.00959812804875393,0.0843500889016935,DN,NS
PAPPA,0.107602445176127,0.25869755543961,0.518530143028137,NC,NS
PAQR3,-0.057617838427582,0.778618174997428,0.896915377868927,NC,NS
PARK7,-0.22671503112944,0.384243605880657,0.635445586269542,NC,NS
PBRM1,0.272516945305798,0.278843311755851,0.541752719982796,NC,NS
PBX2,-0.135621076603268,0.485821173831875,0.710448168184248,NC,NS
PBX3,-0.446269658658001,0.0126142722590226,0.0980309158415471,DN,NS
PCBP1,-0.0316466728118534,0.789887926916666,0.902917100459017,NC,NS
PCBP2,-1.02436889715711,7.56513201327326e-05,0.00401505542948356,DN,Shortened in Neurites
PCBP3,0.329478941394223,0.504662219469059,0.725326941588291,NC,NS
PCDH10,-0.0142143601339666,0.963139322698662,0.980992372120178,NC,NS
PCDH17,0.0972481287704443,0.648691798239504,0.827522134183631,NC,NS
PCDH7,-0.597746782752483,0.0373307170031219,0.183044818034669,DN,NS
PCDH9,-0.52119882765004,0.331095047116631,0.593461962541836,NC,NS
PCGF2,-0.202806960665759,0.492437703678102,0.716310664335987,NC,NS
PCGF3,-0.27699260791311,0.149686217954105,0.392903751831281,NC,NS
PCLO,-0.157902368422209,0.533113428336795,0.748422464555397,NC,NS
PCMT1,0.0176778829216979,0.964344697529418,0.9813402242499,NC,NS
PCNP,-0.306219971225819,0.352883867055769,0.611852824472792,NC,NS
PCSK2,-0.715493673082907,0.113979407826278,0.34352221676199,NC,NS
PCYOX1,-0.775879570401806,0.00787999750604414,0.0739089421256554,DN,NS
PDAP1,-1.3347686577545,0.00118863786194122,0.0206918079006727,DN,Shortened in Neurites
PDCD6IP,0.103737260724833,0.813053362651838,0.913845101823553,NC,NS
PDCD7,-0.480004022464162,0.0415927204747029,0.193388375540499,DN,NS
PDE10A,0.288701126364935,0.37825683904401,0.631201596441539,NC,NS
PDE4B,-0.701395347733962,0.0553859587758517,0.226963810459074,NC,NS
PDE4D,0.424172224932473,0.347014350544717,0.606750407173413,NC,NS
PDE7A,-0.286745823703614,0.435423510194515,0.67378542928425,NC,NS
PDHA1,-0.17796417085556,0.45128202114377,0.682539612879782,NC,NS
PDIA3,-0.556975068720992,0.2067910234603,0.469086668697094,NC,NS
PDIA6,0.0251294697914839,0.942786576608352,0.975976969885715,NC,NS
PDP1,-0.695805103312153,0.0312413983515001,0.166387597223105,DN,NS
PDPK1,-0.16748214667327,0.520041108883213,0.738166635962081,NC,NS
PDS5A,-1.67064597483491,0.00363794875625698,0.0457582456278334,DN,Shortened in Neurites
PDZD11,-0.522296216383949,0.186547849290702,0.449232179675639,NC,NS
PDZD4,0.170168477568487,0.69644455250481,0.854263442080308,NC,NS
PEA15,-0.708626815360062,0.0374673143517877,0.183210957369641,DN,NS
PEAK1,0.239163868273101,0.620342069100206,0.81252399234343,NC,NS
PEG10,0.0607176215530695,0.361432304145307,0.617813585090485,NC,NS
PELI2,-0.0354445031505892,0.907270064623174,0.965634078171106,NC,NS
PEX13,-0.229708573670085,0.607632075826033,0.806715922512171,NC,NS
PEX5L,-0.18163265719155,0.402185904940695,0.64778425547813,NC,NS
PFDN1,-0.090474455043474,0.860429832282166,0.945526615233802,NC,NS
PFDN2,-1.24920829622231,0.00505535773772282,0.0550022921864243,DN,NS
PFDN4,-0.703992501525854,0.0553853864564288,0.226963810459074,NC,NS
PFN2,0.139475585033749,0.202503457901416,0.465308895874849,NC,NS
PGAM1,-0.175953827315668,0.122799430135579,0.358975372384888,NC,NS
PGAP1,-0.346151111913369,0.230549810203914,0.487082810145928,NC,NS
PGD,-0.584086956943263,0.0572377106623634,0.229604834943039,NC,NS
PGK1,0.414486395690365,0.095319975212151,0.310503392307845,NC,NS
PGM2L1,0.314743605918783,0.0920548309707043,0.306779371972677,NC,NS
PGRMC1,-0.13690133098991,0.542950530866925,0.755409434249635,NC,NS
PHB,-1.77983116264757,0.00221804433483387,0.0335171143930451,DN,Shortened in Neurites
PHB2,-0.304918200986605,0.396839922768239,0.642981140687779,NC,NS
PHC3,-1.66006888611193,0.000666420963744985,0.014797265480705,DN,Shortened in Neurites
PHF21A,0.0008581326031738,0.998208605038844,0.999126920222872,NC,NS
PHF21B,-0.0466424116878962,0.914826882508593,0.966542133109834,NC,NS
PHF24,0.0674060259060196,0.786227102076037,0.901860924679734,NC,NS
PHF8,0.0895673369688028,0.73079235910454,0.874699765352849,NC,NS
PHPT1,-0.198108066141571,0.680308276911017,0.846398405121997,NC,NS
PHTF1,-1.06694532440979,0.0437442843321369,0.198223117177756,DN,NS
PHYHIPL,-0.91775252178423,0.125993800631974,0.362169762450694,NC,NS
PHYKPL,0.0842359150130006,0.768725874329478,0.890233934944606,NC,NS
PICALM,0.171657538572777,0.639777615018347,0.824470320026332,NC,NS
PIGH,-1.46706418719509,0.0828549697188485,0.288930150814446,NC,NS
PIK3CA,-0.320006560381513,0.0665430990467827,0.252260946909058,NC,NS
PIK3R1,0.178912444408052,0.497717047642969,0.720960511772212,NC,NS
PIK3R2,0.381155514682258,0.281973967101912,0.544684715130579,NC,NS
PINK1,-0.0129859340228351,0.949768937063552,0.977342610417755,NC,NS
PIP4K2B,0.164359155825052,0.369462021491295,0.624669276429727,NC,NS
PIP4P2,-0.142053850354053,0.485437751975705,0.710448168184248,NC,NS
PISD,0.487179283884259,0.420380893437846,0.663342149471177,NC,NS
PITHD1,-0.674128524573451,0.0120818174816515,0.0966545398532122,DN,NS
PITPNA,-0.12097172541746,0.341520790868653,0.603205552703075,NC,NS
PITPNB,-0.0913597859328317,0.703295865669602,0.857831728529738,NC,NS
PJA2,0.16127696742236,0.502466471044707,0.724518952987281,NC,NS
PKIA,0.026652923124006,0.758813690830926,0.88786198636547,NC,NS
PKM,0.327828188822109,0.34321109816247,0.604718501701647,NC,NS
PLA2G12A,-0.135197939515455,0.506116734509355,0.725978915156464,NC,NS
PLCL1,0.195195837901637,0.313138308759439,0.578920101835632,NC,NS
PLCXD3,-0.442609386355103,0.00118579082077812,0.0206918079006727,DN,Shortened in Neurites
PLEKHA6,-0.191240386940939,0.465536611473057,0.694792638247855,NC,NS
PLXNA1,-0.0888848703382096,0.715447511904243,0.863542267721552,NC,NS
PLXNA4,-0.19913989433985,0.161610436375894,0.409388020435326,NC,NS
PLXNC1,0.0526669247614106,0.868521146646517,0.950159755482482,NC,NS
PNMA2,0.330641795675641,0.0600392947040612,0.234386683173592,NC,NS
PNMA8A,-0.375811299258271,0.186629545232894,0.449232179675639,NC,NS
PNPLA8,-0.104029539130368,0.764384937605275,0.890233934944606,NC,NS
POGK,0.260318452281301,0.444682717603928,0.679102152218966,NC,NS
POGLUT1,-0.48693383705188,0.338802258117434,0.599377002978484,NC,NS
POLE3,-0.0597007688555746,0.89975357308787,0.963515637322443,NC,NS
POLR1E,-0.683620403446735,0.081294559502607,0.286364366137787,NC,NS
POLR2C,-0.13682735450383,0.614935169578563,0.809462588805149,NC,NS
POLR2D,-0.268793517037957,0.393378982185441,0.641938075080727,NC,NS
POLR2I,-4.53481284071951,0.000403492820443035,0.0109157809777642,DN,Shortened in Neurites
POLR2J,-3.60315026127103,0.00447879210673071,0.0523970517432582,DN,NS
POLR2J3,0.285019260678144,0.22657326884674,0.483700216980468,NC,NS
POLR2L,-3.82143242239472,0.000178101016638269,0.00658757022756383,DN,Shortened in Neurites
POLR3H,0.711533119244233,0.0495598614815883,0.212629929275915,UP,NS
POLR3K,-0.668635625589098,0.339721166323189,0.600514425604597,NC,NS
POMP,-2.52434855932401,0.000268267639642681,0.00816297244403219,DN,Shortened in Neurites
POU2F1,-1.52930481296511,0.00343048617857726,0.0449683007505067,DN,Shortened in Neurites
POU2F2,-1.4536421833793,0.0208421302973876,0.134178921677856,DN,NS
POU3F2,0.0459591566737687,0.845352136099205,0.935173486604916,NC,NS
POU4F1,-0.0875590453161561,0.404369292344357,0.649378287927174,NC,NS
PPAT,-0.183648584490905,0.613585451409318,0.809462588805149,NC,NS
PPDPF,-4.30562485935967,4.33419601059526e-06,0.00104791227989503,DN,Shortened in Neurites
PPFIA1,-0.187229610744178,0.692618235358051,0.851489988779164,NC,NS
PPFIA2,-0.867429225466761,0.00978488902234072,0.0855097129020619,DN,NS
PPIA,-1.81162369977553,2.95945251164246e-05,0.0020773447307529,DN,Shortened in Neurites
PPIH,0.549342741349132,0.164358188229777,0.413216147164264,NC,NS
PPIL1,-0.0425142411234438,0.683705272154904,0.846518498014248,NC,NS
PPM1A,-0.42228299360956,0.0742387258629882,0.271329942464758,NC,NS
PPM1E,-0.111692692239782,0.383606605796442,0.635257210207807,NC,NS
PPM1K,-0.09031593962727,0.846214581615183,0.935651895119226,NC,NS
PPM1L,-0.198783560815009,0.321662698917179,0.584665649377064,NC,NS
PPME1,0.0664405978663649,0.748124895070536,0.882709806179602,NC,NS
PPP1CB,-0.297730700846703,0.247151373354659,0.505955318064989,NC,NS
PPP1R11,0.691182994151891,0.0209148743807948,0.134250049122742,UP,NS
PPP1R12A,-0.0595259884258794,0.917590297681209,0.966917029266952,NC,NS
PPP1R15B,-0.0794176948991038,0.674347779675649,0.841388055375121,NC,NS
PPP1R1A,-2.10098121687391,0.000899557548527431,0.0176345695999612,DN,Shortened in Neurites
PPP1R2,-0.812017810034397,0.00850944256094026,0.0770474424954962,DN,NS
PPP1R3E,0.0242341761813847,0.938132658700661,0.973939248727404,NC,NS
PPP1R9A,-0.0571457161609255,0.779436254960953,0.897189902308958,NC,NS
PPP1R9B,-0.275716514759292,0.654319167934509,0.831635727294497,NC,NS
PPP2CA,-0.0200784463081112,0.881742712397745,0.955514015028632,NC,NS
PPP2CB,-0.907174362584898,0.0161818579321479,0.115070989739719,DN,NS
PPP2R2A,-1.2378414612692,0.0314057931012255,0.166647362326914,DN,NS
PPP2R2B,-0.00138721615339765,0.995927480907522,0.998221187680685,NC,NS
PPP2R5E,-0.159649102069897,0.759180079950462,0.88786198636547,NC,NS
PPP3CA,-0.32684232661364,0.428219808319237,0.66629883908076,NC,NS
PPP3R1,-0.0416735018581587,0.768119569675045,0.890233934944606,NC,NS
PPP4R3A,0.129870045278969,0.615229991795777,0.809462588805149,NC,NS
PPP4R3B,-0.382752380473612,0.00961342924982537,0.0843500889016935,DN,NS
PPP6C,-0.43536263582794,0.1472045850481,0.390918079425135,NC,NS
PPP6R1,0.456358926578425,0.281734004683442,0.544684715130579,NC,NS
PRDX1,-0.0378662372752159,0.656054570615156,0.831635727294497,NC,NS
PRDX2,-0.30180020550339,0.165010735539022,0.413667466051742,NC,NS
PRDX6,-1.46600439074717,0.0673448722054164,0.253973036254742,NC,NS
PRELID1,-0.0852355924991803,0.792518508027209,0.903363160538086,NC,NS
PREPL,-0.118029820637686,0.57985278993045,0.785356749965855,NC,NS
PRICKLE2,0.134599175990676,0.612102016114375,0.809462588805149,NC,NS
PRKAB2,0.142931568368492,0.74281484401022,0.879415179851054,NC,NS
PRKACB,-0.296683679268942,0.17765495420838,0.434266452606917,NC,NS
PRKAR2A,0.0989569537615889,0.797047111637907,0.906151784181862,NC,NS
PRKAR2B,-0.501692007619526,0.121421522617494,0.356563067767431,NC,NS
PRKCE,0.183382879456767,0.618474427521314,0.811701058073811,NC,NS
PRKCI,0.401524064868338,0.0473590261103811,0.208338794501335,UP,NS
PRKCZ,-0.630811419860205,0.102232961096149,0.325708526127703,NC,NS
PRMT2,-0.15488012932301,0.657945649955112,0.831894093144871,NC,NS
PRNP,-0.647320822721192,0.006156170812169,0.0635191356561726,DN,NS
PROSER1,-1.02581320456353,0.079541492909494,0.283741456673867,NC,NS
PROSER3,-0.242140085804383,0.547323335809718,0.758583171160475,NC,NS
PRPF40A,-0.824957218429304,0.000511021747162419,0.0124865528938923,DN,Shortened in Neurites
PRPF4B,-0.643312559061949,0.10660944293733,0.333202858551765,NC,NS
PRPS1,-0.267265727315156,0.0654670377315853,0.249923287901631,NC,NS
PRRC2B,0.263612903519273,0.0876891385544957,0.301440071871379,NC,NS
PRRC2C,0.0459846423958517,0.903669745039532,0.964853010807658,NC,NS
PRRG3,0.383967598310403,0.053991498481811,0.225279260178532,NC,NS
PRRT2,-0.245269505843796,0.359308547496202,0.615657898470548,NC,NS
PSAP,-0.373031128569453,0.208649994486567,0.470152064442795,NC,NS
PSD3,0.0277406218974547,0.662362369024075,0.835754477921201,NC,NS
PSEN1,-0.210078189408424,0.3620787585774,0.618432793300174,NC,NS
PSMA1,-0.133835823297485,0.711953974978979,0.863542267721552,NC,NS
PSMA2,0.142066734623374,0.701619608532763,0.856267116190293,NC,NS
PSMA4,-0.502558948352924,0.0145187816871503,0.108566559969893,DN,NS
PSMB5,-1.54869770178961,0.00348359629369678,0.0451124702567321,DN,Shortened in Neurites
PSMB7,-3.02226093001859,0.000679471534473487,0.0149346470607506,DN,Shortened in Neurites
PSMD10,0.482066300555893,0.139601527029942,0.380492618570962,NC,NS
PSMD11,-0.00770047489917763,0.980769372267446,0.988718944950901,NC,NS
PSMD7,-1.19145977893915,0.0159567854251801,0.114593944175551,DN,NS
PSMD8,-0.927953779823415,0.0594158229448004,0.234386683173592,NC,NS
PSMF1,-0.0462371594995841,0.879291590636627,0.953807827131256,NC,NS
PTBP2,-0.176088204199723,0.393118392277966,0.641938075080727,NC,NS
PTDSS1,-1.0166558360754,0.069123842509155,0.258442407731824,NC,NS
PTGES3,-0.361219969899591,0.0143284759965893,0.107512978512339,DN,NS
PTMS,-0.276364705969265,0.190740237989848,0.45308273933595,NC,NS
PTP4A1,-0.447005219337686,0.0811057653138107,0.286364366137787,NC,NS
PTP4A2,-0.339072272506406,0.0228389588891715,0.138462693615439,DN,NS
PTPA,-0.0557199828503419,0.926762481605173,0.970768370426547,NC,NS
PTPMT1,-0.452757468277507,0.377766717207887,0.631124112735481,NC,NS
PTPN11,-1.55563511300486,0.00502100417234456,0.0550022921864243,DN,NS
PTPRD,0.120120724888898,0.485803345260903,0.710448168184248,NC,NS
PTPRF,-0.144494274281493,0.809164748226062,0.911357397587946,NC,NS
PTPRG,-0.178869035274062,0.557107889106835,0.766287463145684,NC,NS
PTPRT,-0.237267494245156,0.603378164323019,0.804308563939816,NC,NS
PUM2,-0.33089595929144,0.0166775785035854,0.117065841367103,DN,NS
PURA,0.171368219094099,0.393556902171126,0.641938075080727,NC,NS
PWP1,-1.15717641666267,0.0180238208302357,0.120889265154511,DN,NS
PWWP2A,-1.78903815893141,0.0203544836996099,0.132368774915682,DN,NS
PYROXD1,0.381883867845241,0.26411600976563,0.523421163251376,NC,NS
QKI,0.0627221047718989,0.885641238259523,0.957811543816453,NC,NS
QPRT,0.2577881387238,0.279776440369904,0.543038760714366,NC,NS
QSER1,-0.943007722073835,0.0105716216885882,0.088467734153784,DN,NS
R3HCC1L,0.918608104669653,0.0211799196650396,0.134365904347306,UP,NS
R3HDM4,-0.145601670347043,0.688208763461287,0.847505528744629,NC,NS
RAB10,-0.516861810439707,0.249665135674779,0.508681025494682,NC,NS
RAB11A,-0.975123321621817,0.0944459417414855,0.310033345355588,NC,NS
RAB11B,-0.0346979395719917,0.912891293293145,0.96633218232965,NC,NS
RAB11FIP2,-0.483797400852979,0.0810039630304772,0.286364366137787,NC,NS
RAB15,-0.21008586511738,0.571620751711475,0.777968013863869,NC,NS
RAB18,-0.350641263349322,0.223363409458484,0.483700216980468,NC,NS
RAB1A,0.0595684501428375,0.843461633489674,0.933611497380004,NC,NS
RAB21,0.0470659113312364,0.82194621414858,0.919044356429055,NC,NS
RAB22A,0.206026799787477,0.327981171547747,0.591289999410023,NC,NS
RAB27B,-0.360525432292455,0.189482295836698,0.451108835602468,NC,NS
RAB2A,-0.132957886442794,0.394675574578016,0.642030787339991,NC,NS
RAB33B,-0.120951716906037,0.602467577357949,0.804156311773319,NC,NS
RAB39A,-0.284747959962263,0.425895227431429,0.665767252076716,NC,NS
RAB3A,0.346834415381865,0.292117972435676,0.55612310412951,NC,NS
RAB3B,0.0642717027648657,0.586086901505265,0.78904248748508,NC,NS
RAB3C,0.506411063505211,0.0891919925964606,0.304203410485734,NC,NS
RAB4A,-0.41213099861114,0.392295436026197,0.641938075080727,NC,NS
RAB5B,0.357899068945965,0.154617571837206,0.398662854371768,NC,NS
RAB6A,-0.0922291081462754,0.716964817277509,0.864252326620384,NC,NS
RAB6B,-0.238228820184234,0.641837538091934,0.824470320026332,NC,NS
RAB7A,-0.419781244070718,0.0254042761946666,0.147020492020198,DN,NS
RAB8B,0.0719089735748746,0.775084608762091,0.893791260554483,NC,NS
RABEP1,0.191637798592203,0.334689426987998,0.597283624869989,NC,NS
RABGEF1,-0.788542076016023,0.152759733267826,0.398272661197325,NC,NS
RAC1,-0.176625623558653,0.443923356438391,0.679102152218966,NC,NS
RAD1,-0.219042039610028,0.720180736047857,0.867245866984026,NC,NS
RAD21,-0.0764099284078892,0.624710236557603,0.815458593130981,NC,NS
RAD23B,-0.369942693416312,0.280317006204637,0.543038760714366,NC,NS
RAD52,0.936504695246864,0.0599619075966803,0.234386683173592,NC,NS
RAD54L2,0.0611976885249024,0.909007133181286,0.965820079005116,NC,NS
RAI14,-0.0794637949118884,0.47981482603098,0.704980963760756,NC,NS
RALA,-1.23174563496335,0.000121105324277437,0.00549010803391047,DN,Shortened in Neurites
RALGAPA2,-0.145909562018373,0.522191428076686,0.740253125403823,NC,NS
RALGPS2,-0.332488656065909,0.21131387543342,0.470671244109127,NC,NS
RALY,-0.636603830124587,0.0493992099557634,0.212629929275915,DN,NS
RAN,-0.734396024022002,0.00072618659460894,0.0154919806849907,DN,Shortened in Neurites
RANBP1,-0.482298721877986,0.243925014859333,0.502157835699063,NC,NS
RANBP9,-0.117493962245629,0.75046559808468,0.882709806179602,NC,NS
RAP1A,0.319101322076162,0.121704379637575,0.356912035163562,NC,NS
RAP1B,-0.453549958491032,0.133441563883372,0.372745626457276,NC,NS
RAP1GAP2,-0.277491256833942,0.238136068892596,0.497014810143909,NC,NS
RAP1GDS1,-0.447566295501941,0.0232155017622848,0.139082792293369,DN,NS
RAP2A,0.0537805226404444,0.83643039625329,0.927661846201407,NC,NS
RAP2C,0.345788681420293,0.436598095262313,0.67378542928425,NC,NS
RAPGEF1,0.173046933044987,0.767975178303073,0.890233934944606,NC,NS
RAPH1,0.167966945173957,0.663571884364314,0.836407006668791,NC,NS
RASA1,-0.388197108222107,0.619155672367695,0.812105330362932,NC,NS
RASL10B,-0.486986881795067,0.092710031021836,0.307995461837428,NC,NS
RASSF2,-0.532155082010048,0.125547028977701,0.362169762450694,NC,NS
RASSF4,-0.283272395188486,0.692440366639965,0.851489988779164,NC,NS
RBAK,-0.309973151866576,0.408764201875631,0.652723397222032,NC,NS
RBFOX2,-0.316690349928882,0.09495961569174,0.310097054562169,NC,NS
RBL2,0.489576792574679,0.0323654875268768,0.169296396294433,UP,NS
RBM12,0.131512073412291,0.737641886883488,0.87757645240433,NC,NS
RBM14-RBM4,-0.898698863809555,0.00455505769510655,0.0530043077248763,DN,NS
RBM18,-0.60657199256937,0.170941611429648,0.423654836527237,NC,NS
RBM3,-0.0816275032690461,0.822474430433161,0.919044356429055,NC,NS
RBM39,0.0131302155821542,0.936146120612399,0.973751347751658,NC,NS
RBM8A,-0.399217303228552,0.334618249013723,0.597283624869989,NC,NS
RBMX,0.31603881509506,0.256486307752833,0.515817195628617,NC,NS
RC3H1,-0.530522608892666,0.0218676188357703,0.135566776600103,DN,NS
RC3H2,0.239359872621942,0.418443508438106,0.661724617995145,NC,NS
RCAN1,0.101264647370653,0.614871061170726,0.809462588805149,NC,NS
RCAN3,-0.337853123008482,0.37574128628665,0.630420491360085,NC,NS
RCL1,0.119315578673173,0.653981173266086,0.831635727294497,NC,NS
RCN1,0.155837641702371,0.714750141134709,0.863542267721552,NC,NS
RCN2,-0.0538258031013985,0.892955505913815,0.961749165325062,NC,NS
RDH11,-0.394928927525822,0.0949505094887645,0.310097054562169,NC,NS
REEP1,0.0477430735659916,0.868842973353111,0.950159755482482,NC,NS
REEP2,-0.196492027602191,0.27479513955579,0.537245483983288,NC,NS
REEP5,0.452587474641457,0.129597450052789,0.369599018761295,NC,NS
REPS1,0.233535671718592,0.627541800752189,0.816705118682275,NC,NS
RER1,-0.849546604450711,0.0500772419783287,0.213590973083749,NC,NS
RERE,0.0940173510383175,0.46510144268431,0.694619587701482,NC,NS
RET,-0.00189372921983288,0.99249772637142,0.996160079605262,NC,NS
RFK,0.354625280497406,0.284845111300291,0.547315487423007,NC,NS
RFX7,0.209958525353901,0.272110255990924,0.533434159492118,NC,NS
RGP1,-0.581230745872917,0.00375229651484096,0.0461811942515354,DN,Shortened in Neurites
RGS10,-0.254446419045845,0.364555074342554,0.620877265285813,NC,NS
RGS17,-0.0602305679664523,0.819036498870296,0.917725757745501,NC,NS
RGS8,0.155756437616529,0.196733522736719,0.458342768174626,NC,NS
RHBDD2,0.0366542357745873,0.923715415376869,0.969716021230806,NC,NS
RHOQ,0.0987270538412923,0.566872926472798,0.775195633190199,NC,NS
RIC8B,0.164972705703253,0.525816722067963,0.743008253328268,NC,NS
RICTOR,-0.100334208679234,0.672026058986323,0.839936073724434,NC,NS
RIF1,-0.527484947142355,0.125678026489917,0.362169762450694,NC,NS
RIMBP2,-0.424290421757902,0.170590531749895,0.423266815379442,NC,NS
RIMS2,-0.218731607437861,0.542816971778778,0.755409434249635,NC,NS
RIMS3,0.428952887812455,0.109478057087584,0.335055207064112,NC,NS
RIMS4,-0.0189627425306027,0.945039486243604,0.97700659368679,NC,NS
RIOK3,-0.418533149531165,0.0610062703880662,0.236498087000466,NC,NS
RITA1,-0.117946410759433,0.83032798043919,0.923718653085725,NC,NS
RMDN1,-0.962213284212318,0.0177075251521273,0.120709835475019,DN,NS
RMND1,-1.85632443767311,0.000277511486540279,0.00827212321522803,DN,Shortened in Neurites
RMND5A,-0.318882198570788,0.243022943924265,0.501629344455997,NC,NS
RMND5B,2.05375548943776,0.010259465181491,0.0875474362153899,UP,NS
RND2,-0.801825957127338,0.0338154296397992,0.172859964490098,DN,NS
RND3,-0.347623968461394,0.164450911509307,0.413216147164264,NC,NS
RNF11,0.09320047323535,0.662535144491761,0.835754477921201,NC,NS
RNF114,-0.596996715141095,0.139466700475207,0.380492618570962,NC,NS
RNF14,-1.23035833229571,0.00218519788227617,0.0332516824603702,DN,Shortened in Neurites
RNF145,-0.0444717083128254,0.913094854353427,0.96633218232965,NC,NS
RNF146,0.768791758849101,0.0468842495480605,0.207780299422769,UP,NS
RNF150,-0.310215915047631,0.0854965534610718,0.295771860622086,NC,NS
RNF152,-0.543443304250996,0.00833479758256187,0.0768742256672061,DN,NS
RNF157,0.204678281074838,0.117855948329002,0.34949200091398,NC,NS
RNF181,-2.3819351026703,0.00400145999191149,0.0483732052355523,DN,Shortened in Neurites
RNF187,-0.799810803698346,0.00843045437747855,0.0770474424954962,DN,NS
RNF20,-0.663999356519244,0.114739728865562,0.344853107750639,NC,NS
RNF207,1.08099099405724,0.00140901550317103,0.0235847518069244,UP,Lengthened in Neurites
RNF217,0.117041433059625,0.684062225308421,0.846518498014248,NC,NS
RNFT2,-0.228683277671875,0.505174377729041,0.725583792698609,NC,NS
ROBO2,0.447155494517211,0.0556392538781883,0.226963810459074,NC,NS
RPAP2,0.189025778092643,0.464822983542761,0.694619587701482,NC,NS
RPL10A,-2.40140407782502,0.000301557095637906,0.00886740865010925,DN,Shortened in Neurites
RPL13A,-1.52864313650781,0.00431171317830638,0.0509597817083482,DN,NS
RPL14,-3.42989150471674,4.75159379220622e-08,5.16973404592036e-05,DN,Shortened in Neurites
RPL21,-2.86383076054631,2.39594486994551e-05,0.00193095408777831,DN,Shortened in Neurites
RPL22,-0.619111598756863,0.0130958195668023,0.101411044047551,DN,NS
RPL23,-2.93904028823623,0.00122544193662937,0.0211631877309962,DN,Shortened in Neurites
RPL27A,-2.82303936911386,1.85874229219203e-05,0.00184636203960328,DN,Shortened in Neurites
RPL36,-3.88369077864313,0.00151124231519249,0.0247123012696604,DN,Shortened in Neurites
RPL37,-3.58464435526015,3.43828225228015e-08,5.16973404592036e-05,DN,Shortened in Neurites
RPL38,-2.28888185466566,0.000126300567424732,0.00549660069432434,DN,Shortened in Neurites
RPL5,-3.34881045402473,0.00013463824725285,0.00574456521612159,DN,Shortened in Neurites
RPL7,-4.0670601961732,0.000816025740229967,0.016751622742834,DN,Shortened in Neurites
RPL9,-2.55307549992441,7.80879612704204e-07,0.000424788610446888,DN,Shortened in Neurites
RPN2,-0.0750094260942337,0.910089603290816,0.966026817932105,NC,NS
RPS12,-4.31694205704771,0.000889510246950475,0.0175961299760385,DN,Shortened in Neurites
RPS15A,-1.17463090428829,0.0146337656933214,0.109051623796806,DN,NS
RPS19,-2.07629936493725,1.82594893862506e-05,0.00184636203960328,DN,Shortened in Neurites
RPS2,-1.26046459557479,0.0743740411544101,0.271329942464758,NC,NS
RPS23,-2.17080397345662,2.13987740259928e-05,0.00186254929122241,DN,Shortened in Neurites
RPS25,-4.88796500036979,2.80337590108972e-05,0.0020642866380298,DN,Shortened in Neurites
RPS27,-3.98555119802188,4.24727621626385e-05,0.00271539631690719,DN,Shortened in Neurites
RPS27A,-2.80553177539666,4.96445850916727e-06,0.00107955731981548,DN,Shortened in Neurites
RPS4X,-1.11361187293778,0.00769338408375664,0.0731039465775304,DN,NS
RPS6KA2,-0.210794650801277,0.630060744425654,0.817646389591884,NC,NS
RPS6KA3,-0.295527583161813,0.221903270062628,0.483700216980468,NC,NS
RPS6KA6,0.541951899196666,0.0821702184905098,0.287463658256189,NC,NS
RRAGC,0.0211077575616874,0.958509505003478,0.979669649078237,NC,NS
RRAS2,-1.27620392340801,0.0257001168244223,0.147166984763008,DN,NS
RRN3,0.221942446988664,0.537443289824966,0.751591644382472,NC,NS
RSF1,-0.702781399372711,0.0266787381572616,0.150007581990184,DN,NS
RSL24D1,0.331114342678111,0.197241278502929,0.459034248152272,NC,NS
RSPRY1,-0.0924326306087955,0.597326783163152,0.799374588046138,NC,NS
RSU1,-0.689939217848197,0.0542450475107722,0.225692587731243,NC,NS
RTFDC1,-1.01322653988576,0.0564200988584016,0.228703594730369,NC,NS
RTN1,-0.199142529032609,0.0316247794202074,0.166647362326914,DN,NS
RTN3,-0.137732624174432,0.468750116667065,0.696736965563448,NC,NS
RTN4,0.109214377059884,0.120833358963202,0.35579619635173,NC,NS
RUBCN,0.0908161718458237,0.575979185612105,0.781378246815424,NC,NS
RUNDC1,0.118925598709428,0.655458237207182,0.831635727294497,NC,NS
RUNDC3A,0.192120231642319,0.715384430405258,0.863542267721552,NC,NS
RUNX1T1,-0.367363116965483,0.000757517746817698,0.0160034817191778,DN,Shortened in Neurites
RWDD1,-0.938353242910322,0.0286960223360292,0.156890815585929,DN,NS
SACS,0.377202512668419,0.0100778339589702,0.0867034383521672,UP,NS
SALL3,-0.014586792969973,0.96214469888352,0.980992372120178,NC,NS
SAP130,0.0816213476082854,0.801319033621474,0.909582794554162,NC,NS
SAP18,-0.185391521383876,0.625714141085882,0.815696580933567,NC,NS
SAR1A,-1.17477348471542,0.00481234998289664,0.0544473180729912,DN,NS
SARAF,-0.0920609586449834,0.417578379428183,0.661457761225137,NC,NS
SATB1,-0.232752555747036,0.230537776624099,0.487082810145928,NC,NS
SBDS,-0.305419382005715,0.533959359853651,0.749126735681202,NC,NS
SBK1,-0.836019519170795,0.0637047706291391,0.244914453867503,NC,NS
SC5D,0.192249163431707,0.435996616279109,0.67378542928425,NC,NS
SCAMP1,-0.13509337738016,0.687892903892896,0.847505528744629,NC,NS
SCAMP5,-0.029803705225918,0.903039250309329,0.964853010807658,NC,NS
SCARB2,-0.125755243679146,0.602744096969233,0.804156311773319,NC,NS
SCCPDH,-0.664083067659451,0.207500601933715,0.469086668697094,NC,NS
SCD,0.282365897820712,0.0965114402504699,0.313446110425407,NC,NS
SCG3,-0.496222396851631,0.130673982569833,0.369836432972532,NC,NS
SCG5,-0.00672572831161489,0.953573288231823,0.978815643073234,NC,NS
SCN2A,-0.127007488602074,0.325044659358697,0.588200260822528,NC,NS
SCN3A,0.0727436539454453,0.817619440276368,0.917061147047357,NC,NS
SCN3B,-0.119075528675807,0.42217073333791,0.665201676859734,NC,NS
SCN8A,-1.28130390184132,0.0214614682449334,0.134940718876401,DN,NS
SCN9A,-0.312226123287168,0.217141000299105,0.478722205320014,NC,NS
SCRN1,-0.105566216686988,0.434852059123174,0.673479060962296,NC,NS
SCYL2,-0.874354854367433,0.0337648529113203,0.172859964490098,DN,NS
SDC3,0.304541259257956,0.613297233690887,0.809462588805149,NC,NS
SDCBP,-0.770106838057577,0.238362861298446,0.497014810143909,NC,NS
SDK2,0.223933642287524,0.426709702255356,0.66629883908076,NC,NS
SEC11A,-0.558863929121885,0.152277398496664,0.397785857297408,NC,NS
SEC22A,-1.89169124878515,0.00108041156453489,0.0195914630368993,DN,Shortened in Neurites
SEC23IP,-0.207712351896661,0.28655495357968,0.548245107130308,NC,NS
SEC62,-0.640242579717575,0.00101157786399543,0.0186541816275767,DN,Shortened in Neurites
SEC63,-0.745190299944424,0.0119989700381705,0.0963459734430218,DN,NS
SELENOF,-0.0444973478757869,0.907944542250957,0.965634078171106,NC,NS
SELENOI,0.22014821036935,0.13529361535983,0.373688296377477,NC,NS
SELENOK,-0.668062848626071,0.0397055384879516,0.188568838884881,DN,NS
SELENON,0.191197826579014,0.37922656321565,0.631679253750674,NC,NS
SELENOT,-0.264557946983539,0.317468991799528,0.583187095224659,NC,NS
SELENOW,1.24510667910337,0.0106112493631147,0.088467734153784,UP,NS
SEMA6A,0.285021528092601,0.107850496483149,0.334305812460588,NC,NS
SENP2,-0.908720595635707,0.0258535946852278,0.147270738311664,DN,NS
SENP6,-0.601405199520374,0.390482474483777,0.640791752999018,NC,NS
SEPT11,0.106389856441586,0.538798832734504,0.75236376519874,NC,NS
SEPT2,-0.500518723078376,0.0999026097619352,0.320631384722671,NC,NS
SEPT3,-0.178890169213539,0.033535424682605,0.172859964490098,DN,NS
SEPT5,-0.0167725894732427,0.966484463241687,0.981825486467746,NC,NS
SEPT6,-0.16119814705789,0.39430139061104,0.642030787339991,NC,NS
SEPT7,-0.275057905707237,0.224667061047465,0.483700216980468,NC,NS
SEPT8,0.0642737329798104,0.85556154015775,0.943589412763945,NC,NS
SERBP1,-0.347866771687442,0.106459821966939,0.333202858551765,NC,NS
SERF2,-1.03393357229772,0.0918522760787883,0.306779371972677,NC,NS
SERINC1,0.628921498824864,0.126964704483996,0.363998941972564,NC,NS
SERINC3,-0.389490248812635,0.117215468798384,0.348805959253463,NC,NS
SERPINB9,-0.310763288822229,0.425886834861193,0.665767252076716,NC,NS
SESTD1,0.308143817395757,0.371409982046094,0.62747524917104,NC,NS
SET,-0.427162531404639,0.320380219252572,0.584364926314833,NC,NS
SETBP1,-0.70953655003807,0.0996877861201214,0.320414509006476,NC,NS
SETD3,-0.724130650547542,0.0123306904761879,0.0975001552545246,DN,NS
SEZ6L,-0.237600014868293,0.123540054157628,0.359467443398684,NC,NS
SF1,-0.338165351989226,0.266375424669127,0.526939021890927,NC,NS
SF3A1,-0.773363200114678,0.130367038191278,0.369836432972532,NC,NS
SF3B1,0.0257857632736087,0.878224661060107,0.953807827131256,NC,NS
SFXN1,-0.117537776422125,0.603601050052261,0.804308563939816,NC,NS
SGCB,0.0401040301289241,0.879039784743356,0.953807827131256,NC,NS
SGIP1,-0.19356297781237,0.169829302654999,0.42221903613095,NC,NS
SGPL1,-1.08457533290831,0.0299931183347029,0.162755674554398,DN,NS
SGSM2,-1.01339294229775,0.0150744287198116,0.110792814282837,DN,NS
SH3BGRL,0.0690809187914752,0.752429661248936,0.884064224016028,NC,NS
SH3BGRL2,-0.322421781851123,0.284031436401325,0.547315487423007,NC,NS
SH3BGRL3,-0.558913066415233,0.287487795654278,0.548748634512025,NC,NS
SH3GLB1,-0.380529100386762,0.0275460506874586,0.152132503289112,DN,NS
SH3KBP1,-0.413312720801526,0.0175618487808048,0.120550734848679,DN,NS
SH3PXD2A,0.0305547533652326,0.843511123092412,0.933611497380004,NC,NS
SH3RF1,-0.711954429088209,0.131794736689107,0.371044113835954,NC,NS
SHANK1,0.52721907656696,0.0992009937687585,0.319321542072217,NC,NS
SHISA5,-0.221914378961999,0.52584223810916,0.743008253328268,NC,NS
SHISAL1,0.985015143437889,0.0109842335388856,0.0906578529731399,UP,NS
SHMT2,-0.0325485025243033,0.873134667427063,0.951397614582519,NC,NS
SHPRH,0.421412508650502,0.263015360734261,0.522515033324939,NC,NS
SHTN1,-0.0192597104976105,0.947657808743356,0.977094855333915,NC,NS
SIGMAR1,0.522674111881023,0.0806411730243413,0.286256431486079,NC,NS
SIK2,0.316452221529966,0.277295895769416,0.539710079780187,NC,NS
SIKE1,-0.126272929791878,0.755218075342844,0.886075465796082,NC,NS
SINHCAF,-0.152037886053813,0.822068942416275,0.919044356429055,NC,NS
SIX1,-0.998979074004127,0.0504808314480859,0.214543533654365,NC,NS
SKA2,-0.965140150922072,9.04694642745028e-05,0.00457817568049577,DN,Shortened in Neurites
SKI,0.297590403152143,0.395375505514107,0.642042611939327,NC,NS
SKIL,-0.323059262503719,0.479754805079409,0.704980963760756,NC,NS
SKP1,-1.1055081799644,0.0411089439511083,0.191959360595733,DN,NS
SLAIN2,0.482923654706529,0.342247679252336,0.603999148461544,NC,NS
SLC12A6,0.903772671701989,0.116070682935709,0.347413763504954,NC,NS
SLC16A2,0.0953914068316095,0.789776505214116,0.902917100459017,NC,NS
SLC17A6,-0.387820270046743,0.0218002074012089,0.135535003728659,DN,NS
SLC1A1,-0.382826324141508,0.407980640019923,0.652367023426582,NC,NS
SLC1A2,-0.733527439601863,0.0552138151687349,0.226963810459074,NC,NS
SLC1A4,-0.258706515143915,0.172226160524944,0.425868324207134,NC,NS
SLC20A1,0.677674986513977,0.210688844814421,0.470671244109127,NC,NS
SLC22A15,-0.0208190088420026,0.894853825684274,0.96205628690167,NC,NS
SLC25A1,-1.05643644612393,0.0383845926547192,0.185837046279124,DN,NS
SLC25A13,-0.254956970536338,0.699160740923051,0.855454683694376,NC,NS
SLC25A16,-3.25060543481664,8.84632529063641e-05,0.00457817568049577,DN,Shortened in Neurites
SLC25A26,-0.833461541890071,0.106670707508194,0.333202858551765,NC,NS
SLC25A27,-0.656403053394054,0.0361477101679888,0.179123916193907,DN,NS
SLC25A3,0.063077759769659,0.759149357985142,0.88786198636547,NC,NS
SLC25A32,-0.446313193446858,0.375760743241742,0.630420491360085,NC,NS
SLC25A36,-0.327929548915286,0.00513149782873916,0.0553247733121353,DN,NS
SLC25A4,-0.56852489911778,0.163710815934143,0.413216147164264,NC,NS
SLC25A40,-2.91069945304135,0.0134480938750409,0.102598360065693,DN,NS
SLC25A46,-0.015346881457464,0.947308176119197,0.977094855333915,NC,NS
SLC25A5,0.0213764788105886,0.918941905035922,0.96740086374367,NC,NS
SLC26A2,-0.76179620759103,0.0256476755548339,0.147166984763008,DN,NS
SLC29A4,-0.790412150036473,0.101256127537386,0.324019608119634,NC,NS
SLC2A3,-0.303321950825309,0.284962032275706,0.547315487423007,NC,NS
SLC30A10,0.215779140172273,0.529475149208141,0.746414725873667,NC,NS
SLC30A7,-0.621051526645454,0.188914276435493,0.450742835003982,NC,NS
SLC30A9,-1.08607241609768,0.082494426942706,0.288134627652212,NC,NS
SLC31A1,0.598348001325969,0.0587393203898443,0.232882774176554,NC,NS
SLC35E1,-0.119205969721056,0.615261845284695,0.809462588805149,NC,NS
SLC35F1,0.235409223317117,0.36664875492757,0.622816308136138,NC,NS
SLC35F6,0.392831499687112,0.459076543542498,0.689524557796596,NC,NS
SLC36A1,0.474898109079003,0.112683774982777,0.341029060309491,NC,NS
SLC38A1,-0.346101193797076,0.206759034059817,0.469086668697094,NC,NS
SLC38A2,-0.0416969203250909,0.884776778426329,0.957371591176376,NC,NS
SLC4A8,-0.326399685281021,0.00337259661546993,0.0447485989955035,DN,Shortened in Neurites
SLC5A3,-0.399892077591449,0.192969549234378,0.454931461683648,NC,NS
SLC6A15,0.0729330820770365,0.708293001471545,0.860901230034356,NC,NS
SLC7A1,-0.108896854071921,0.726207078942349,0.873053372253343,NC,NS
SLC7A6OS,-0.637094213673054,0.166935041698424,0.416632488069187,NC,NS
SLC8A1,-0.242831229051085,0.210411263775817,0.470671244109127,NC,NS
SLCO5A1,-1.00083552221641,0.0946057634724772,0.310033345355588,NC,NS
SLF2,-0.369593307653582,0.207648277549979,0.469086668697094,NC,NS
SLIRP,-3.05097754317842,1.1301725075312e-05,0.00153703461024243,DN,Shortened in Neurites
SLIT2,-0.205065194067377,0.243437770103646,0.501629344455997,NC,NS
SLITRK5,-0.614011948410346,0.208987846557561,0.470276684704502,NC,NS
SMAD2,-0.443535924095285,0.00349683045989676,0.0451124702567321,DN,Shortened in Neurites
SMAP1,0.106926430084135,0.442262088872983,0.678130608673707,NC,NS
SMAP2,-0.987509503869453,0.0124059647595524,0.0975001552545246,DN,NS
SMARCA5,-0.612365772479043,0.14194878631632,0.38465823041633,NC,NS
SMARCE1,-0.647693629455047,0.0277755370267283,0.152625173156972,DN,NS
SMC1A,-0.426518533924424,0.448571053245172,0.681470442219713,NC,NS
SMCHD1,0.0705093324741439,0.829113277594312,0.923311408416184,NC,NS
SMDT1,0.216469603238795,0.392454504206055,0.641938075080727,NC,NS
SMG1,-0.303083069057758,0.474702418710531,0.701257612433209,NC,NS
SMIM10L1,-0.971618561152216,0.00199981420258139,0.0310828264629793,DN,Shortened in Neurites
SMIM10L2A,0.225357163492714,0.347152691604274,0.606750407173413,NC,NS
SMIM13,0.115753490202741,0.639979994554652,0.824470320026332,NC,NS
SMIM14,-0.54499126134901,0.136328872231033,0.375984316824751,NC,NS
SMIM15,-0.441762764997782,0.132032958860013,0.371044113835954,NC,NS
SMIM7,-0.223134070240193,0.269714927195576,0.530962624558349,NC,NS
SMS,-1.07461234622346,0.0473932459918019,0.208338794501335,DN,NS
SMURF2,-0.264769350941718,0.198057441656301,0.460102273158701,NC,NS
SMYD2,-1.49521645991805,0.000600701979166314,0.0138575074305687,DN,Shortened in Neurites
SNAP25,-0.258389967733102,0.26172587506402,0.521534344449916,NC,NS
SNAP29,-0.310393076921574,0.305074544019214,0.571784847360733,NC,NS
SNAP91,-0.430349920770091,0.063470687865078,0.244446401406035,NC,NS
SNAPC3,-0.510932103612957,0.121110585706986,0.356130587160001,NC,NS
SNCA,-0.275927656114974,0.133196544718429,0.372593935433731,NC,NS
SNCB,-0.327508535962655,0.230304806660022,0.487082810145928,NC,NS
SNCG,-0.814851460321123,0.00342255684476432,0.0449683007505067,DN,Shortened in Neurites
SNN,-0.370447529884108,0.10893693565115,0.334837880307411,NC,NS
SNPH,0.0288462879323012,0.774969072559073,0.893791260554483,NC,NS
SNRNP25,-0.625316817075603,0.266883445647364,0.527464466601875,NC,NS
SNRPD1,-0.532590938454801,0.0179707439133814,0.120889265154511,DN,NS
SNRPD3,0.0309718633546204,0.955690277352643,0.978815643073234,NC,NS
SNU13,-1.58928405892663,0.00411976341748139,0.0495282055051906,DN,Shortened in Neurites
SNX10,0.575292951638668,0.107278323956254,0.333776621255829,NC,NS
SNX19,-0.284804955746527,0.414273241242446,0.658960945134183,NC,NS
SNX24,-0.827234579917237,0.0444020684955536,0.199214228961494,DN,NS
SNX3,0.0591089386056272,0.738035343704009,0.87757645240433,NC,NS
SNX30,-0.459623982453565,0.0229074309290249,0.138462693615439,DN,NS
SOBP,0.09489116800298,0.624530801107353,0.815458593130981,NC,NS
SOCS2,0.660694084613841,0.00317030117828615,0.0425837985429053,UP,Lengthened in Neurites
SOCS5,0.0884484499658783,0.832022525980887,0.925015642204577,NC,NS
SOCS7,-0.176505420356255,0.329560859303192,0.592977158686775,NC,NS
SOD1,-1.42865334961116,0.0076573785100952,0.0731039465775304,DN,NS
SORBS1,-0.0123479574720597,0.941404445915094,0.975010030609826,NC,NS
SORBS2,0.0258564902350205,0.956453603342905,0.978815643073234,NC,NS
SOX12,-0.12281638165185,0.470810287463241,0.696927337088443,NC,NS
SOX4,-0.225030215025071,0.253513518549903,0.512205586225244,NC,NS
SP4,-0.17807270079053,0.65624542085814,0.831635727294497,NC,NS
SPAG9,-0.488385854179408,0.327885082804996,0.591289999410023,NC,NS
SPAST,-0.0239724376696793,0.915016909102141,0.966542133109834,NC,NS
SPCS1,-2.24646217252295,0.00163525147552873,0.0263578311907446,DN,Shortened in Neurites
SPEN,-0.120632859303482,0.614492712001784,0.809462588805149,NC,NS
SPG11,0.0687992038358428,0.871468086006663,0.95031160379137,NC,NS
SPG21,-0.263462140161282,0.641621944710297,0.824470320026332,NC,NS
SPIN1,-0.424871797311467,0.00198348560394055,0.0310828264629793,DN,Shortened in Neurites
SPINT2,0.114300560811302,0.835730386379368,0.927661846201407,NC,NS
SPIRE1,-0.191822577544828,0.307522368049705,0.572479582064974,NC,NS
SPOCK1,-0.0123346267080906,0.92688404178226,0.970768370426547,NC,NS
SPOCK2,0.251218819821396,0.0570830706415474,0.229598450491695,NC,NS
SPPL3,-0.168182784550709,0.740148051555516,0.879169367461361,NC,NS
SPRED3,0.369579224968068,0.382371515860536,0.634203909684713,NC,NS
SPRY4,-0.120842871470629,0.350043271339137,0.60935532674717,NC,NS
SPSB4,-1.55464141609522,0.00569575246274889,0.0604583285802028,DN,NS
SPTAN1,-0.0470223890181334,0.913555656509346,0.96633218232965,NC,NS
SPTBN1,0.118452715944479,0.674194872072079,0.841388055375121,NC,NS
SPTSSA,-0.92575609009044,0.000365048384787431,0.0101839139140699,DN,Shortened in Neurites
SQSTM1,-1.09352149612341,0.0072763008156614,0.0703699136661298,DN,NS
SREBF2,-0.426840586661402,0.0356060623756786,0.177304718239646,DN,NS
SREK1,-1.09512259971556,0.00796045836986423,0.074343164861908,DN,NS
SRGAP3,0.613856354110474,0.125889583918094,0.362169762450694,NC,NS
SRP14,-0.375952616784681,0.0527607060816706,0.221635707400995,NC,NS
SRP72,-0.2596343173605,0.0671161085234411,0.253549743310778,NC,NS
SRP9,0.072218612781582,0.601702803654141,0.804156311773319,NC,NS
SRRM1,0.46817031602264,0.286291663736111,0.548245107130308,NC,NS
SRRM4,0.41398272377638,0.00853328751903244,0.0770474424954962,UP,NS
SRSF2,0.809540559458795,0.0420452088241979,0.193425738692293,UP,NS
SRSF3,-0.824753691037529,0.0150581157071328,0.110792814282837,DN,NS
SRSF6,0.358525469880864,0.377145167661396,0.631065914970801,NC,NS
SRSF7,-0.343263911865654,0.349535951309263,0.608959351520382,NC,NS
SS18,-1.97755539769117,0.0001207194990736,0.00549010803391047,DN,Shortened in Neurites
SS18L1,-0.0625746296416229,0.806104312692298,0.910150990314541,NC,NS
SSBP2,-0.135170910843254,0.369250907860386,0.624669276429727,NC,NS
SSBP3,-0.19281154995562,0.47645510297557,0.702735243203456,NC,NS
SSBP4,0.15276889507589,0.519282594771659,0.737571100667839,NC,NS
SSH1,-0.334200067490724,0.337778577869411,0.599027046001498,NC,NS
SSR1,-0.970500536026713,0.000311368024163515,0.00903382427439746,DN,Shortened in Neurites
SSR2,0.0854290228270866,0.529625154755947,0.746414725873667,NC,NS
SSU72,-0.32331992473086,0.457008422490799,0.68772498432917,NC,NS
ST13,-0.754921166626409,0.00213964810952922,0.0327878470868703,DN,Shortened in Neurites
ST3GAL1,0.0284518807749246,0.947094189076345,0.977094855333915,NC,NS
ST6GAL1,0.193804224637288,0.683781183542232,0.846518498014248,NC,NS
ST8SIA1,0.011445172446415,0.957257329671903,0.978849600266006,NC,NS
ST8SIA3,0.115560567270617,0.620308498992078,0.81252399234343,NC,NS
ST8SIA4,-0.609494538300544,0.0228918814205437,0.138462693615439,DN,NS
STAG1,-0.392505588062578,0.103010465877917,0.32770580957653,NC,NS
STAG2,-0.550897922162817,0.156768412445987,0.401799841557678,NC,NS
STAM,-0.5769158836673,0.119494368453013,0.352330278799129,NC,NS
STARD3NL,0.363609232626643,0.123058279091858,0.358975372384888,NC,NS
STARD4,-0.412394476878772,0.0177514463933851,0.120709835475019,DN,NS
STARD7,-0.251873285778346,0.330457856409532,0.592977158686775,NC,NS
STAU1,-0.347893926415594,0.198545971735303,0.460102273158701,NC,NS
STK24,0.283317421458189,0.250886509016708,0.50973766911331,NC,NS
STK32A,-0.447323747470894,0.00488475062234049,0.054708771864013,DN,NS
STK35,0.625187260987422,0.262976791991586,0.522515033324939,NC,NS
STK38,-0.0204171429881274,0.927048103743734,0.970768370426547,NC,NS
STK38L,-0.820807264427208,0.0179079083598738,0.120889265154511,DN,NS
STK39,0.144015241393156,0.280503477501354,0.543038760714366,NC,NS
STMN2,-0.0870898443692731,0.32256177950341,0.584665649377064,NC,NS
STMP1,-0.529279165811671,0.00620504729090908,0.0635191356561726,DN,NS
STOX2,0.355780981343072,0.0569025119769089,0.229296048262507,NC,NS
STRN,-0.745587582373283,0.0231833228820379,0.139082792293369,DN,NS
STT3B,-0.0715321586867693,0.811804115561373,0.913384568490976,NC,NS
STX12,-0.202761992682862,0.213639814696907,0.474016420861509,NC,NS
STX17,-0.0579995557332886,0.768761522223329,0.890233934944606,NC,NS
STX18,0.80173639431505,0.148178803407152,0.390918079425135,NC,NS
STX1B,0.247181189368236,0.294840748993327,0.557889973747373,NC,NS
STX3,-0.331086044681086,0.139957183690599,0.380492618570962,NC,NS
STX6,-0.626763769294819,0.0725945886175278,0.267285659613774,NC,NS
STX7,0.0595617646504202,0.877760861407143,0.953807827131256,NC,NS
STXBP1,-0.574755758617758,0.0419884232286459,0.193425738692293,DN,NS
STYX,-1.81453801847537,0.0312741393677619,0.166387597223105,DN,NS
SUB1,-0.416348133342657,0.143376205391111,0.386916674133711,NC,NS
SUCLA2,-0.352489450562481,0.306554992182987,0.572479582064974,NC,NS
SULF2,-0.463265886760727,0.11413904536715,0.34352221676199,NC,NS
SULT4A1,-0.309367290676184,0.24779852090463,0.506491518918707,NC,NS
SUMF2,-0.784664921235362,0.0391528429439698,0.187245244496875,DN,NS
SUMO1,-0.340707717380922,0.314828934833909,0.581058322475476,NC,NS
SUMO2,-1.29930344402144,0.0169567630270566,0.11826255239383,DN,NS
SUMO3,-0.0959954660236964,0.491458938366464,0.716310664335987,NC,NS
SUPT16H,0.353924259434064,0.172824431893963,0.426107642655753,NC,NS
SUPT4H1,-0.152076741584127,0.771674714216538,0.891749430767491,NC,NS
SURF2,-0.392388225191957,0.0889258064819256,0.304203410485734,NC,NS
SUSD5,-0.475920249272224,0.259896210602975,0.51979242120595,NC,NS
SV2A,-0.697629594306547,0.0814205908662743,0.286364366137787,NC,NS
SV2B,-0.534059056387077,0.11010039354188,0.336486595993161,NC,NS
SVBP,-1.70958897839774,0.00124559886519379,0.0213064398787203,DN,Shortened in Neurites
SYN1,-0.944432587518452,0.0443602198711754,0.199214228961494,DN,NS
SYNC,0.114416315347154,0.892462919049638,0.961749165325062,NC,NS
SYNCRIP,-0.326965282741167,0.0483087175229136,0.209819898861996,DN,NS
SYP,0.659774891173193,0.00230886679063924,0.0344116036741849,UP,Lengthened in Neurites
SYT1,-0.418449943301788,0.0597254432941428,0.234386683173592,NC,NS
SYT11,0.00400062457032971,0.977891229751841,0.987420564241302,NC,NS
SYT14,-0.0047614450869532,0.979572561343577,0.988201155996117,NC,NS
SYT16,0.0421067186227175,0.873890865130236,0.951745006267965,NC,NS
SYT4,-0.227964053173639,0.206943737928516,0.469086668697094,NC,NS
SYT5,-1.49002386591086,0.00096686436180884,0.0184801368514511,DN,Shortened in Neurites
SYT6,0.0459674518205971,0.85501897660515,0.943589412763945,NC,NS
SYT7,-0.267777172236783,0.498915098228858,0.720960511772212,NC,NS
TAC1,-0.347963425765306,0.325186081695543,0.588200260822528,NC,NS
TADA2B,-0.159848645335535,0.428321074113144,0.66629883908076,NC,NS
TAF11,0.0780849732310605,0.446692759727492,0.680674681489512,NC,NS
TAF8,0.41444838229554,0.0722800924048876,0.267055212942465,NC,NS
TAF9B,-0.338879563916159,0.0685622909531253,0.257226801920691,NC,NS
TANC2,-0.326225516732303,0.133785864035131,0.373001948334288,NC,NS
TAX1BP1,-0.546596994208071,0.181489165028922,0.441485434760482,NC,NS
TBC1D12,-1.17540273654755,0.0480393397790684,0.209819898861996,DN,NS
TBC1D16,-0.168504283752653,0.33833897484463,0.599273534403504,NC,NS
TBC1D5,-0.248542909040644,0.54223386981115,0.755378297509003,NC,NS
TBC1D9B,-0.809751676508473,0.18547976674829,0.447454514904965,NC,NS
TBCD,-1.35923948629492,0.0227721569319063,0.138462693615439,DN,NS
TBCEL,-0.131053788554246,0.741161114766932,0.879169367461361,NC,NS
TBL1XR1,0.15171752450862,0.525410095483745,0.743008253328268,NC,NS
TBPL1,-0.651957595754507,0.0400362148735363,0.188568838884881,DN,NS
TCEA1,0.130093114362176,0.361256874390548,0.617813585090485,NC,NS
TCEAL8,-0.38345301791221,0.286631211312445,0.548245107130308,NC,NS
TCF4,-0.821587015467366,0.194231809284299,0.455931409927329,NC,NS
TCP1,0.146798522228744,0.354470168958077,0.614113923290426,NC,NS
TCTA,-1.48029683906065,0.0182379577585088,0.121363290772218,DN,NS
TDRKH,0.438049110646643,0.108365156558194,0.334734600729543,NC,NS
TENM2,-0.230754361467813,0.368729677730515,0.624669276429727,NC,NS
TENM3,0.269336384683652,0.459154910040105,0.689524557796596,NC,NS
TET2,0.0205519964355727,0.938821688934476,0.974189792618703,NC,NS
TET3,0.184463880777114,0.207410582486741,0.469086668697094,NC,NS
TFDP1,0.188847952802419,0.507576775372471,0.727114590658655,NC,NS
TGOLN2,-0.349000204045493,0.351391021203479,0.610583680620724,NC,NS
THEM4,0.281328110617402,0.445335965381908,0.679102152218966,NC,NS
THOC5,-0.888202321431807,0.000500597792072953,0.0124865528938923,DN,Shortened in Neurites
THY1,-0.565557242664416,0.0402737314611376,0.189277839437225,DN,NS
TIA1,0.210996701295678,0.493041930084076,0.716310664335987,NC,NS
TIAL1,-0.0649809361899774,0.756140428593308,0.886509468005947,NC,NS
TIMM17A,-0.337082042660233,0.543884869485694,0.756225863259342,NC,NS
TIPRL,-0.600080928419159,0.0119385614755014,0.0962159621136705,DN,NS
TLDC1,-0.224255904696318,0.664979861179139,0.836407006668791,NC,NS
TLE3,-0.71261365960423,0.204819231343074,0.467703720230928,NC,NS
TLNRD1,0.0266666954920936,0.930327638988233,0.971224801654252,NC,NS
TM2D2,-0.224456926793787,0.516112380186935,0.735415974641395,NC,NS
TM6SF1,-0.0347008605222949,0.828212956051311,0.922781050879495,NC,NS
TM9SF3,-0.507142848277364,0.0941519149690597,0.309946394814938,NC,NS
TMBIM6,0.00810445630174922,0.976798508521052,0.986915933560773,NC,NS
TMCC1,-0.411122438943549,0.00849952275102879,0.0770474424954962,DN,NS
TMCO1,-0.607495314473551,0.10569949461291,0.332372977279903,NC,NS
TMED10,-0.0416708478041834,0.883869531167427,0.956865721303642,NC,NS
TMED7,0.190380474441307,0.312595638327746,0.578408255953381,NC,NS
TMEFF2,-0.247938919610293,0.414653057780968,0.65908331171029,NC,NS
TMEM130,0.146389707557484,0.524275215514782,0.742239992817285,NC,NS
TMEM167A,-0.372147223594225,0.0388194141912091,0.186470298631503,DN,NS
TMEM169,0.135502160325871,0.149388438151393,0.392595702194965,NC,NS
TMEM170B,-0.301258632795455,0.0538043447296616,0.225150488714891,NC,NS
TMEM178A,0.181361403916193,0.322694597840926,0.584665649377064,NC,NS
TMEM178B,-0.0596123405570955,0.605888075637358,0.806058346107005,NC,NS
TMEM18,-1.06808545844332,0.0418007495900125,0.193425738692293,DN,NS
TMEM181,0.174087952338944,0.356523348242122,0.615492819704221,NC,NS
TMEM245,0.213035988832867,0.358453730113916,0.615657898470548,NC,NS
TMEM246,0.28967196259245,0.368738339511043,0.624669276429727,NC,NS
TMEM30A,0.281749593169211,0.315152779830082,0.581163092296828,NC,NS
TMEM35A,0.101658905463724,0.641250529673962,0.824470320026332,NC,NS
TMEM47,-0.0925470946648122,0.61803823599318,0.811701058073811,NC,NS
TMEM59,-0.394074229509779,0.184067720057883,0.44503484316217,NC,NS
TMEM64,0.223343683611003,0.568594662948029,0.776199489695678,NC,NS
TMEM9,-1.17903524399928,0.0433375091268314,0.197698993417159,DN,NS
TMEM97,-0.318856984575514,0.0161138308125634,0.11496293720701,DN,NS
TMEM98,-1.49254358666608,0.0170505958608891,0.118537049818833,DN,NS
TMOD2,-0.116788957025921,0.444436331936633,0.679102152218966,NC,NS
TMSB10,0.136079790969296,0.137548590212389,0.37791127815929,NC,NS
TMSB4X,-0.194357300647485,0.373011265183767,0.629203498480525,NC,NS
TMTC1,0.106790071688465,0.723786132146278,0.870623893615423,NC,NS
TMX4,-0.71340100061973,0.072887404984695,0.267910461565365,NC,NS
TNIK,0.0731124956968534,0.774772535574166,0.893791260554483,NC,NS
TNKS2,-0.887245214071701,0.111347603744492,0.338870469577643,NC,NS
TNPO1,0.991674089500716,0.0616026427657691,0.23809476138244,NC,NS
TNRC6A,-0.604532030790196,0.0967663512447842,0.313805633842996,NC,NS
TOMM20,0.244718987191371,0.169622766887985,0.42221903613095,NC,NS
TOMM22,-0.26243194520623,0.393470275288685,0.641938075080727,NC,NS
TOMM40,-1.3304321000232,0.057452769015145,0.22981107606058,NC,NS
TOMM5,-2.44970341598049,3.70313529949737e-05,0.00244182497324433,DN,Shortened in Neurites
TOMM6,-2.77238485115305,2.5470732512694e-06,0.000717665037634044,DN,Shortened in Neurites
TOR1AIP2,0.581588954864115,0.0419378092243404,0.193425738692293,UP,NS
TP53BP1,0.0962075905961712,0.574587855709532,0.780463903885108,NC,NS
TP53INP2,0.0486652019743239,0.684517981075694,0.846518498014248,NC,NS
TPD52,-0.336694367769817,0.147421046182629,0.390918079425135,NC,NS
TPI1,0.0746555420711534,0.679598210109415,0.846398405121997,NC,NS
TPM3,-0.113296706772791,0.38253532061393,0.634203909684713,NC,NS
TPM4,-0.228572378326917,0.0920620082252566,0.306779371972677,NC,NS
TPPP,0.0668507113539643,0.832344038344008,0.925015642204577,NC,NS
TPT1,-3.14538647407454,2.06876803433024e-05,0.00186254929122241,DN,Shortened in Neurites
TRA2B,-0.0183674153055841,0.959756594179303,0.980483731893974,NC,NS
TRAK2,-0.0356373450836691,0.626318122909011,0.815696580933567,NC,NS
TRAPPC1,-0.520862937561715,0.384596432498615,0.635445586269542,NC,NS
TRAPPC10,-0.0495364680315741,0.804430333291169,0.910150990314541,NC,NS
TRAPPC5,-2.65047961203506,0.00360723323873401,0.0457582456278334,DN,Shortened in Neurites
TRIB2,-0.382431880440633,0.241914326385038,0.500712982038595,NC,NS
TRIM14,1.03093946731638,0.0165721295743435,0.116702116355247,UP,NS
TRIM2,-0.116589918415818,0.393586378338961,0.641938075080727,NC,NS
TRIM24,-0.0993545461154954,0.729545476964836,0.874506318896762,NC,NS
TRIM37,0.320074201590014,0.182568682728772,0.442518752475288,NC,NS
TRIM41,3.90529519091099,1.93858880199496e-06,0.00070306153885684,UP,Lengthened in Neurites
TRIM44,0.320523417954666,0.377920367138939,0.631124112735481,NC,NS
TRIM66,-0.0477379030587255,0.734492775414312,0.876171655061283,NC,NS
TRIM67,-0.0925204955195928,0.682803330432292,0.846518498014248,NC,NS
TRIM8,-0.201915317071208,0.374614261227658,0.630420491360085,NC,NS
TRIO,-0.84268411625214,0.132150362234772,0.371044113835954,NC,NS
TRIQK,-0.484847210254851,0.338468370304185,0.599273534403504,NC,NS
TRIR,-0.237830327163569,0.49902678568839,0.720960511772212,NC,NS
TRIT1,0.0739217769355005,0.79082345855178,0.903151637332175,NC,NS
TRMT10B,-0.437292209047727,0.253987775592224,0.512687754813246,NC,NS
TRNP1,-0.297329793068615,0.581051422593217,0.786298442514204,NC,NS
TSEN15,-0.248511219231179,0.527839157316241,0.744862520311376,NC,NS
TSFM,-0.33052060243923,0.233728520059727,0.490834731652573,NC,NS
TSPAN13,-0.27994567435197,0.391043625997946,0.641229035547499,NC,NS
TSPAN3,-0.312439792453797,0.0420042799637179,0.193425738692293,DN,NS
TSPAN31,-0.800924813391838,0.156565511759901,0.401799841557678,NC,NS
TSPAN5,-0.609207177990024,0.356916218197975,0.615492819704221,NC,NS
TSPAN7,-0.173545888256605,0.498577239223809,0.720960511772212,NC,NS
TSPYL1,-0.379206137609064,0.417666803273593,0.661457761225137,NC,NS
TSTD1,-4.13614113160252,1.35417930130119e-05,0.00173334950566552,DN,Shortened in Neurites
TSTD3,-1.4257534491849,0.0231804915247022,0.139082792293369,DN,NS
TTBK2,0.123336901884909,0.588656954633503,0.790689835359569,NC,NS
TTC19,-0.144113871697946,0.608037929937255,0.806762521672846,NC,NS
TTC3,-0.189201114328507,0.164293502438127,0.413216147164264,NC,NS
TTL,-0.551495831416378,0.00117287735128368,0.0206918079006727,DN,Shortened in Neurites
TTLL7,0.610732383002508,0.116442553955319,0.348048073360952,NC,NS
TTYH3,-0.424679088545889,0.0930961809129931,0.308336818366321,NC,NS
TUBA1B,0.223955407770453,0.226220696879559,0.483700216980468,NC,NS
TUBB,-0.267620306736766,0.5192604556446,0.737571100667839,NC,NS
TUBB2B,-0.363392639817278,0.0353536345915656,0.176849445681027,DN,NS
TUBB3,-0.32696388931269,0.412094582579352,0.656936125782175,NC,NS
TUBB4A,0.0732594093794011,0.477632321560602,0.703198871255663,NC,NS
TUBGCP4,-0.147664537264533,0.50276820726599,0.724518952987281,NC,NS
TUSC3,-0.406301342429259,0.090025902220818,0.305610551064743,NC,NS
TWF1,-0.766798318309254,0.0800963531958078,0.284787033585094,NC,NS
TXN,0.0904946537697766,0.8068388144838,0.910150990314541,NC,NS
TXN2,0.112419664748651,0.73484065739285,0.876171655061283,NC,NS
TXNDC15,-0.734088660391809,0.0819718950871292,0.287463658256189,NC,NS
TXNDC16,-0.113878802988912,0.858867891526796,0.944841522731197,NC,NS
UBA6,-0.30137058289309,0.104464038920327,0.330397890538709,NC,NS
UBASH3B,-0.337923668772719,0.153799498753163,0.398272661197325,NC,NS
UBB,-1.81170854368561,2.23484257820208e-05,0.00187039132698759,DN,Shortened in Neurites
UBE2B,-0.14217296112747,0.657294508040254,0.831635727294497,NC,NS
UBE2D2,-0.75093352487688,0.00298342923687921,0.0405746376215572,DN,Shortened in Neurites
UBE2D3,-0.147847918874239,0.376307107699411,0.630604911860363,NC,NS
UBE2E1,-0.53860112076322,0.0534330068874024,0.224027404599205,NC,NS
UBE2E2,-0.405260749106375,0.0733811180269078,0.269270342034656,NC,NS
UBE2F,-1.06039195798989,0.0187609727916999,0.124084731898903,DN,NS
UBE2G1,-0.802039027589805,0.0520782004592222,0.219616597285402,NC,NS
UBE2I,-0.302820482456825,0.294746115948575,0.557889973747373,NC,NS
UBE2L3,-0.0796241244122192,0.767367625313681,0.890233934944606,NC,NS
UBE2N,-0.63995548307641,0.000189540954067197,0.0067613297713151,DN,Shortened in Neurites
UBE2Q1,-0.560937342936261,0.213623362402424,0.474016420861509,NC,NS
UBE2Q2,-0.847346101657116,0.0601046733505809,0.234386683173592,NC,NS
UBE2R2,-0.0876282763555869,0.765826317510479,0.890233934944606,NC,NS
UBE2V2,-0.0474324958104591,0.740869125777762,0.879169367461361,NC,NS
UBE2Z,0.229883510353725,0.146944592171614,0.390918079425135,NC,NS
UBE3A,-0.408574676517843,0.0768965404778945,0.276116950626895,NC,NS
UBE3C,0.0616215081688935,0.797537815349203,0.90623618078322,NC,NS
UBE4B,-0.426185948038998,0.441218838882707,0.67707488956895,NC,NS
UBFD1,0.049676194094231,0.630016364293389,0.817646389591884,NC,NS
UBL3,-0.725543338447987,0.0440173876786011,0.198717501221236,DN,NS
UBN2,-0.624087467138334,0.0899226124001478,0.305610551064743,NC,NS
UBQLN1,-3.19867295948612,6.93198361503702e-05,0.00386067021202624,DN,Shortened in Neurites
UBXN2A,-3.04900433522522,1.00625562215147e-05,0.00145974148920106,DN,Shortened in Neurites
UBXN2B,-0.259766364705826,0.38267910543016,0.634203909684713,NC,NS
UBXN7,-0.298038521110123,0.42899111836036,0.66629883908076,NC,NS
UGCG,-0.129873061289122,0.682926849343221,0.846518498014248,NC,NS
UGGT1,-0.277422434290046,0.0576106440948745,0.230019745964123,NC,NS
UHRF1BP1,-0.106300421774435,0.208716403608336,0.470152064442795,NC,NS
UHRF1BP1L,-0.096048701998499,0.591259445979064,0.792717532008899,NC,NS
UNC13A,0.120571675540122,0.427536582672142,0.66629883908076,NC,NS
UNC13C,-2.15256829230103,4.36759517884888e-05,0.00271539631690719,DN,Shortened in Neurites
UNC5C,0.439832373149239,0.350954972505107,0.610454052894575,NC,NS
UNC80,-0.0678632276692748,0.671318025602425,0.839809826160396,NC,NS
UQCC2,-2.28865515537117,0.0250516516817916,0.145366384158876,DN,NS
UQCR10,-0.722240440214308,0.104933714281697,0.330921394604307,NC,NS
UQCRB,-2.80120779347095,9.76076770328328e-07,0.000424788610446888,DN,Shortened in Neurites
UQCRC2,-1.26552450597453,0.000270098352927536,0.00816297244403219,DN,Shortened in Neurites
UQCRH,-0.555234120589226,0.0362199095245033,0.179123916193907,DN,NS
URB1,-0.588997912848285,0.150725722220068,0.394680110169517,NC,NS
USB1,-0.695954561604978,0.122411177477128,0.358501644939744,NC,NS
USF2,-0.219980344172508,0.730199172719106,0.874506318896762,NC,NS
USP10,0.311817082404434,0.463598418823899,0.69385844573037,NC,NS
USP12,-1.52406454105749,0.06055939906041,0.235316522063308,NC,NS
USP14,-0.0994373168057303,0.581594145873595,0.78654372990736,NC,NS
USP24,0.244929546453033,0.614753024779914,0.809462588805149,NC,NS
USP3,-0.104842603964708,0.69404986443169,0.852372755783165,NC,NS
USP31,-0.481258456298318,0.094466257768289,0.310033345355588,NC,NS
USP33,0.0564404821285195,0.929957575861304,0.971224801654252,NC,NS
USP34,-0.651831869836795,0.192355185126203,0.453974927152513,NC,NS
USP46,-0.318628895886377,0.138827606438575,0.379515825097303,NC,NS
USP49,2.13307302979063,0.000142315990000876,0.00595537681234437,UP,Lengthened in Neurites
UVRAG,-0.000420170991088042,0.99774677526649,0.999126920222872,NC,NS
VAMP2,-0.169274128971189,0.240302800965911,0.49942587860728,NC,NS
VANGL2,-0.554039375973211,0.202980453580303,0.465912939863649,NC,NS
VAPA,-0.250189624525177,0.133216030224009,0.372593935433731,NC,NS
VAPB,0.0207874542234945,0.864897197620315,0.948173701964338,NC,NS
VASH2,0.0844896164044597,0.811577893224101,0.913384568490976,NC,NS
VAT1,-0.521078160367024,0.0158144408042897,0.114326322890812,DN,NS
VBP1,0.34539520256293,0.147880431066924,0.390918079425135,NC,NS
VDAC1,-0.351730714210647,0.0681488571129941,0.256117293744171,NC,NS
VDAC3,-0.535435379908071,0.158045712229088,0.404532502676482,NC,NS
VEGFA,-0.0288842959110158,0.898815763876661,0.963515637322443,NC,NS
VEGFB,0.113571902792563,0.552765337706873,0.762736282451371,NC,NS
VEZF1,-0.284278791112014,0.233093542968266,0.490834731652573,NC,NS
VIM,-0.255414657076424,0.415994165067516,0.66025040349155,NC,NS
VKORC1L1,-0.131707287987886,0.286972048263521,0.548245107130308,NC,NS
VLDLR,0.277612982440841,0.320057785015243,0.584364926314833,NC,NS
VOPP1,0.189200001131816,0.190936062486703,0.45308273933595,NC,NS
VPS26A,-0.00462586136440946,0.987576678923469,0.992136128041305,NC,NS
VPS29,-0.403077737813113,0.554825546219965,0.764100434504961,NC,NS
VPS35,0.100154738471325,0.788354569907042,0.902398497694752,NC,NS
VPS36,-0.0346040311332247,0.921906174787367,0.969114896781309,NC,NS
VPS37A,-1.4001884539984,0.000375003779835821,0.0103292180369968,DN,Shortened in Neurites
VSTM2A,0.0228409123657808,0.838998293805905,0.930035806073178,NC,NS
VTA1,0.194248229992344,0.205409384453338,0.468522872715371,NC,NS
VTI1B,-1.69515322949178,0.000126266351053927,0.00549660069432434,DN,Shortened in Neurites
WAC,-0.264722229036637,0.209943176721311,0.470671244109127,NC,NS
WARS,-0.962446534541463,0.0746429409651369,0.271329942464758,NC,NS
WASHC4,0.024396317841954,0.937056673801457,0.973751347751658,NC,NS
WBP1,-3.51429646440547,0.000245585316144172,0.00785873011661351,DN,Shortened in Neurites
WBP2,0.176974398540958,0.560087148642236,0.76941264863984,NC,NS
WDFY2,0.349831405558496,0.23942164965064,0.498070276902288,NC,NS
WDFY3,0.251931624583392,0.486663363520917,0.711201799208539,NC,NS
WDR1,0.0603294488252504,0.855155542105519,0.943589412763945,NC,NS
WDR26,-0.209470628751528,0.423348986550372,0.665767252076716,NC,NS
WDR37,-0.0290204286854276,0.928704998519099,0.971224801654252,NC,NS
WDR41,-0.40245123477106,0.515698854141598,0.735360882445686,NC,NS
WDR43,-2.07211598331935,0.00295052807915588,0.0404060475338282,DN,Shortened in Neurites
WDR47,0.328154076999371,0.480272862296133,0.704980963760756,NC,NS
WDR48,-0.40801829158946,0.00516127251027733,0.0553247733121353,DN,NS
WDR7,-0.0845536967083372,0.807794158610424,0.910756522868541,NC,NS
WDR82,-0.306640416451938,0.0786429855590988,0.281459106211511,NC,NS
WDR89,-2.81132835644149,0.000516447500206941,0.0124865528938923,DN,Shortened in Neurites
WNK1,-0.295483225948669,0.0552045317561588,0.226963810459074,NC,NS
WNK3,0.267920127573368,0.177196873436465,0.434266452606917,NC,NS
WSB2,-0.354756834397715,0.0512316204909839,0.216887171572725,NC,NS
WSCD1,-0.804997642211695,0.144038454782008,0.38742605390068,NC,NS
XIAP,-0.231652752774428,0.746340481553473,0.882149314427136,NC,NS
XPR1,0.13964128376899,0.307042432397274,0.572479582064974,NC,NS
XRCC5,-0.112969555190277,0.348391543776039,0.607451922481299,NC,NS
YAF2,0.0705542265326196,0.823604305107483,0.91905793226353,NC,NS
YARS,-0.277280020740475,0.26035719329851,0.519876006370106,NC,NS
YBX1,0.332957125991544,0.0035036799050495,0.0451124702567321,UP,Lengthened in Neurites
YKT6,0.0201664274909268,0.951489524392947,0.978007182370832,NC,NS
YLPM1,0.266999204653989,0.395073172908202,0.642030787339991,NC,NS
YME1L1,-1.46616277982884,0.00983696539560798,0.0856209468033719,DN,NS
YPEL1,-2.64241090791526,0.000217650091456048,0.00746120958470522,DN,Shortened in Neurites
YPEL5,-0.289353004916544,0.223942554184902,0.483700216980468,NC,NS
YTHDF2,-0.490265686807,0.0976130246035871,0.315171558977725,NC,NS
YTHDF3,0.507615661724818,0.0482391023203163,0.209819898861996,UP,NS
YWHAB,-0.33331006984105,0.243169150825179,0.501629344455997,NC,NS
YWHAE,-0.454905440875694,0.000824375928995061,0.0167648787055444,DN,Shortened in Neurites
YWHAG,0.0698680269802354,0.768144735588066,0.890233934944606,NC,NS
YWHAQ,-0.0699911097090818,0.252232426877614,0.51104074570362,NC,NS
YWHAZ,-0.131160057696281,0.245962189473544,0.505395395934307,NC,NS
YY1,0.367190763824311,0.36282992522301,0.618744449283127,NC,NS
ZBED4,-0.460943219428063,0.148090988985479,0.390918079425135,NC,NS
ZBTB10,-0.148704544298049,0.68098953681275,0.846518498014248,NC,NS
ZBTB18,0.922566748771168,0.0599876804559194,0.234386683173592,NC,NS
ZBTB39,-0.160312190262888,0.669106615033866,0.838695849259039,NC,NS
ZBTB43,-0.110292791462715,0.613925122749015,0.809462588805149,NC,NS
ZBTB44,0.0103882703477367,0.926037231878526,0.970768370426547,NC,NS
ZBTB46,-0.0880069254382605,0.861088269155542,0.945526615233802,NC,NS
ZBTB6,-0.832332251305411,0.0657490635926671,0.250254437803046,NC,NS
ZC3H12C,-0.393428050669885,0.0764532638569644,0.274979011822735,NC,NS
ZC3H13,-0.251628540671034,0.513989026042391,0.73383552112456,NC,NS
ZC3H15,0.169844602208982,0.499593705839569,0.720960511772212,NC,NS
ZC3H7B,-0.142773979246782,0.666919107367477,0.837074520927956,NC,NS
ZC3HAV1,-0.195311735430609,0.47753758897133,0.703198871255663,NC,NS
ZC4H2,-0.509926688779079,0.188868425659564,0.450742835003982,NC,NS
ZCCHC14,-0.176504765580399,0.469640134938677,0.696736965563448,NC,NS
ZCCHC17,0.727341597006631,0.0572956918079367,0.229604834943039,NC,NS
ZCCHC3,-0.168102612187983,0.714692279198235,0.863542267721552,NC,NS
ZDHHC15,0.487866249314453,0.176932403217516,0.434266452606917,NC,NS
ZDHHC17,-0.554910528554537,0.117025457822283,0.348805959253463,NC,NS
ZDHHC18,1.23897810519225,0.0517309604264452,0.218575863860087,NC,NS
ZDHHC2,-0.790310401279779,2.84598341640138e-05,0.0020642866380298,DN,Shortened in Neurites
ZDHHC9,-0.228979404978533,0.40674144740616,0.652143403844,NC,NS
ZFAND3,-0.360502629088507,0.129980750038073,0.369836432972532,NC,NS
ZFAND5,0.0993431210600293,0.544632087370704,0.756781240177939,NC,NS
ZFP14,0.263999221883326,0.65023333599414,0.827915587550175,NC,NS
ZFYVE9,-0.427354244079103,0.213947648963402,0.474016420861509,NC,NS
ZHX1,-0.119160278077111,0.43952568738893,0.676384650465567,NC,NS
ZHX3,-0.751306664820266,0.0338411511363887,0.172859964490098,DN,NS
ZMAT2,0.300059774523627,0.275395328514795,0.537895099796623,NC,NS
ZMIZ1,-0.145060439530891,0.403973522757727,0.649221850458504,NC,NS
ZMIZ2,0.0170158575572428,0.930421662435781,0.971224801654252,NC,NS
ZMPSTE24,-1.11016680006765,0.0849071440675873,0.294669769523238,NC,NS
ZMYM4,0.0411637859822605,0.647751712735566,0.827522134183631,NC,NS
ZMYND11,-0.305848544412284,0.191969939766102,0.453840432206085,NC,NS
ZNF106,0.213069586994085,0.540591714059416,0.754056134482878,NC,NS
ZNF146,-0.828554869437554,0.0215453652226355,0.134940718876401,DN,NS
ZNF148,-0.463867204408917,0.117050919670203,0.348805959253463,NC,NS
ZNF24,0.0097107928968804,0.978927890929323,0.988008854667072,NC,NS
ZNF260,-0.773165357387971,0.0564135716213282,0.228703594730369,NC,NS
ZNF275,-0.0487146708895051,0.908911575131154,0.965820079005116,NC,NS
ZNF292,-0.174486868561517,0.671539107315758,0.839809826160396,NC,NS
ZNF316,0.721020658240431,0.134523932312076,0.373688296377477,NC,NS
ZNF382,-0.214401702798077,0.488174462817313,0.712931296033874,NC,NS
ZNF423,-0.112522335897677,0.851094869079675,0.940092606658565,NC,NS
ZNF436,0.463868815833629,0.203961623668384,0.467179466423582,NC,NS
ZNF445,-0.192860717453212,0.424918328936897,0.665767252076716,NC,NS
ZNF507,0.195530510099761,0.622497933717188,0.814035759476323,NC,NS
ZNF512,0.252293114542701,0.104408121668813,0.330397890538709,NC,NS
ZNF512B,-0.157343218675096,0.732936908734049,0.875338819359994,NC,NS
ZNF623,0.355352621853772,0.283944090015504,0.547315487423007,NC,NS
ZNF638,0.316977383771205,0.436456768284626,0.67378542928425,NC,NS
ZNF655,-0.291292067976119,0.101454653385129,0.324178158246755,NC,NS
ZNF664,-0.324699650029995,0.011385064837324,0.0931349664887855,DN,NS
ZNF697,0.0799691070342037,0.762784043759277,0.889029501456982,NC,NS
ZNF704,-0.013421876274289,0.791763604028252,0.903291052096189,NC,NS
ZNF706,-0.339502119658662,0.470056889770685,0.696736965563448,NC,NS
ZNF770,-0.11124024564205,0.704710095046671,0.859075163485465,NC,NS
ZNF800,-0.756691154568761,0.0215002603104595,0.134940718876401,DN,NS
ZNF827,0.0572424631952782,0.856813587169733,0.944056051402518,NC,NS
ZNRF2,-0.953356632996335,0.0241771582492827,0.141804572373151,DN,NS
ZPR1,-0.666913981354059,0.0163669748659517,0.116008264847918,DN,NS
ZRANB1,-0.143825962674515,0.61846327963641,0.811701058073811,NC,NS
ZSCAN26,-0.745834435958008,0.108397519918085,0.334734600729543,NC,NS
ZSWIM7,-2.74484669849685,1.38887706071025e-07,0.000100739882803517,DN,Shortened in Neurites
ZZZ3,0.649566289099393,0.13657471970727,0.376185557067114,NC,NS
